Major Category,Subcategory,Keyword,Prompt-Ready Phrase,Tags
Fabric + Color + Finish,Material Combination,"white cotton jersey, matte finish",white soft matte cotton-jersey fabric with a matte surface finish with minimal reflectivity,fabric material color finish textile
Fabric + Color + Finish,Material Combination,"white cotton jersey, glossy finish",white soft matte cotton-jersey fabric with a glossy surface finish with stronger reflectivity,fabric material color finish textile
Fabric + Color + Finish,Material Combination,"white cotton jersey, brushed finish",white soft matte cotton-jersey fabric with a brushed surface finish with softened diffused texture,fabric material color finish textile
Fabric + Color + Finish,Material Combination,"white cotton jersey, washed finish",white soft matte cotton-jersey fabric with a washed finish with softened lived-in coloration,fabric material color finish textile
Fabric + Color + Finish,Material Combination,"white cotton jersey, distressed finish",white soft matte cotton-jersey fabric with a distressed finish with visible wear character,fabric material color finish textile
Fabric + Color + Finish,Material Combination,"white cotton jersey, heathered finish",white soft matte cotton-jersey fabric with a heathered finish with mixed tonal fibers,fabric material color finish textile
Fabric + Color + Finish,Material Combination,"white cotton jersey, marled finish",white soft matte cotton-jersey fabric with a marled finish with blended multitone yarn appearance,fabric material color finish textile
Fabric + Color + Finish,Material Combination,"white cotton jersey, satin-sheen finish",white soft matte cotton-jersey fabric with a subtle satin-sheen finish with controlled luster,fabric material color finish textile
Fabric + Color + Finish,Material Combination,"black cotton jersey, matte finish",black soft matte cotton-jersey fabric with a matte surface finish with minimal reflectivity,fabric material color finish textile
Fabric + Color + Finish,Material Combination,"black cotton jersey, glossy finish",black soft matte cotton-jersey fabric with a glossy surface finish with stronger reflectivity,fabric material color finish textile
Fabric + Color + Finish,Material Combination,"black cotton jersey, brushed finish",black soft matte cotton-jersey fabric with a brushed surface finish with softened diffused texture,fabric material color finish textile
Fabric + Color + Finish,Material Combination,"black cotton jersey, washed finish",black soft matte cotton-jersey fabric with a washed finish with softened lived-in coloration,fabric material color finish textile
Fabric + Color + Finish,Material Combination,"black cotton jersey, distressed finish",black soft matte cotton-jersey fabric with a distressed finish with visible wear character,fabric material color finish textile
Fabric + Color + Finish,Material Combination,"black cotton jersey, heathered finish",black soft matte cotton-jersey fabric with a heathered finish with mixed tonal fibers,fabric material color finish textile
Fabric + Color + Finish,Material Combination,"black cotton jersey, marled finish",black soft matte cotton-jersey fabric with a marled finish with blended multitone yarn appearance,fabric material color finish textile
Fabric + Color + Finish,Material Combination,"black cotton jersey, satin-sheen finish",black soft matte cotton-jersey fabric with a subtle satin-sheen finish with controlled luster,fabric material color finish textile
Fabric + Color + Finish,Material Combination,"cream cotton jersey, matte finish",cream soft matte cotton-jersey fabric with a matte surface finish with minimal reflectivity,fabric material color finish textile
Fabric + Color + Finish,Material Combination,"cream cotton jersey, glossy finish",cream soft matte cotton-jersey fabric with a glossy surface finish with stronger reflectivity,fabric material color finish textile
Fabric + Color + Finish,Material Combination,"cream cotton jersey, brushed finish",cream soft matte cotton-jersey fabric with a brushed surface finish with softened diffused texture,fabric material color finish textile
Fabric + Color + Finish,Material Combination,"cream cotton jersey, washed finish",cream soft matte cotton-jersey fabric with a washed finish with softened lived-in coloration,fabric material color finish textile
Fabric + Color + Finish,Material Combination,"cream cotton jersey, distressed finish",cream soft matte cotton-jersey fabric with a distressed finish with visible wear character,fabric material color finish textile
Fabric + Color + Finish,Material Combination,"cream cotton jersey, heathered finish",cream soft matte cotton-jersey fabric with a heathered finish with mixed tonal fibers,fabric material color finish textile
Fabric + Color + Finish,Material Combination,"cream cotton jersey, marled finish",cream soft matte cotton-jersey fabric with a marled finish with blended multitone yarn appearance,fabric material color finish textile
Fabric + Color + Finish,Material Combination,"cream cotton jersey, satin-sheen finish",cream soft matte cotton-jersey fabric with a subtle satin-sheen finish with controlled luster,fabric material color finish textile
Fabric + Color + Finish,Material Combination,"beige cotton jersey, matte finish",beige soft matte cotton-jersey fabric with a matte surface finish with minimal reflectivity,fabric material color finish textile
Fabric + Color + Finish,Material Combination,"beige cotton jersey, glossy finish",beige soft matte cotton-jersey fabric with a glossy surface finish with stronger reflectivity,fabric material color finish textile
Fabric + Color + Finish,Material Combination,"beige cotton jersey, brushed finish",beige soft matte cotton-jersey fabric with a brushed surface finish with softened diffused texture,fabric material color finish textile
Fabric + Color + Finish,Material Combination,"beige cotton jersey, washed finish",beige soft matte cotton-jersey fabric with a washed finish with softened lived-in coloration,fabric material color finish textile
Fabric + Color + Finish,Material Combination,"beige cotton jersey, distressed finish",beige soft matte cotton-jersey fabric with a distressed finish with visible wear character,fabric material color finish textile
Fabric + Color + Finish,Material Combination,"beige cotton jersey, heathered finish",beige soft matte cotton-jersey fabric with a heathered finish with mixed tonal fibers,fabric material color finish textile
Fabric + Color + Finish,Material Combination,"beige cotton jersey, marled finish",beige soft matte cotton-jersey fabric with a marled finish with blended multitone yarn appearance,fabric material color finish textile
Fabric + Color + Finish,Material Combination,"beige cotton jersey, satin-sheen finish",beige soft matte cotton-jersey fabric with a subtle satin-sheen finish with controlled luster,fabric material color finish textile
Fabric + Color + Finish,Material Combination,"camel cotton jersey, matte finish",camel soft matte cotton-jersey fabric with a matte surface finish with minimal reflectivity,fabric material color finish textile
Fabric + Color + Finish,Material Combination,"camel cotton jersey, glossy finish",camel soft matte cotton-jersey fabric with a glossy surface finish with stronger reflectivity,fabric material color finish textile
Fabric + Color + Finish,Material Combination,"camel cotton jersey, brushed finish",camel soft matte cotton-jersey fabric with a brushed surface finish with softened diffused texture,fabric material color finish textile
Fabric + Color + Finish,Material Combination,"camel cotton jersey, washed finish",camel soft matte cotton-jersey fabric with a washed finish with softened lived-in coloration,fabric material color finish textile
Fabric + Color + Finish,Material Combination,"camel cotton jersey, distressed finish",camel soft matte cotton-jersey fabric with a distressed finish with visible wear character,fabric material color finish textile
Fabric + Color + Finish,Material Combination,"camel cotton jersey, heathered finish",camel soft matte cotton-jersey fabric with a heathered finish with mixed tonal fibers,fabric material color finish textile
Fabric + Color + Finish,Material Combination,"camel cotton jersey, marled finish",camel soft matte cotton-jersey fabric with a marled finish with blended multitone yarn appearance,fabric material color finish textile
Fabric + Color + Finish,Material Combination,"camel cotton jersey, satin-sheen finish",camel soft matte cotton-jersey fabric with a subtle satin-sheen finish with controlled luster,fabric material color finish textile
Fabric + Color + Finish,Material Combination,"gray cotton jersey, matte finish",gray soft matte cotton-jersey fabric with a matte surface finish with minimal reflectivity,fabric material color finish textile
Fabric + Color + Finish,Material Combination,"gray cotton jersey, glossy finish",gray soft matte cotton-jersey fabric with a glossy surface finish with stronger reflectivity,fabric material color finish textile
Fabric + Color + Finish,Material Combination,"gray cotton jersey, brushed finish",gray soft matte cotton-jersey fabric with a brushed surface finish with softened diffused texture,fabric material color finish textile
Fabric + Color + Finish,Material Combination,"gray cotton jersey, washed finish",gray soft matte cotton-jersey fabric with a washed finish with softened lived-in coloration,fabric material color finish textile
Fabric + Color + Finish,Material Combination,"gray cotton jersey, distressed finish",gray soft matte cotton-jersey fabric with a distressed finish with visible wear character,fabric material color finish textile
Fabric + Color + Finish,Material Combination,"gray cotton jersey, heathered finish",gray soft matte cotton-jersey fabric with a heathered finish with mixed tonal fibers,fabric material color finish textile
Fabric + Color + Finish,Material Combination,"gray cotton jersey, marled finish",gray soft matte cotton-jersey fabric with a marled finish with blended multitone yarn appearance,fabric material color finish textile
Fabric + Color + Finish,Material Combination,"gray cotton jersey, satin-sheen finish",gray soft matte cotton-jersey fabric with a subtle satin-sheen finish with controlled luster,fabric material color finish textile
Fabric + Color + Finish,Material Combination,"charcoal cotton jersey, matte finish",charcoal soft matte cotton-jersey fabric with a matte surface finish with minimal reflectivity,fabric material color finish textile
Fabric + Color + Finish,Material Combination,"charcoal cotton jersey, glossy finish",charcoal soft matte cotton-jersey fabric with a glossy surface finish with stronger reflectivity,fabric material color finish textile
Fabric + Color + Finish,Material Combination,"charcoal cotton jersey, brushed finish",charcoal soft matte cotton-jersey fabric with a brushed surface finish with softened diffused texture,fabric material color finish textile
Fabric + Color + Finish,Material Combination,"charcoal cotton jersey, washed finish",charcoal soft matte cotton-jersey fabric with a washed finish with softened lived-in coloration,fabric material color finish textile
Fabric + Color + Finish,Material Combination,"charcoal cotton jersey, distressed finish",charcoal soft matte cotton-jersey fabric with a distressed finish with visible wear character,fabric material color finish textile
Fabric + Color + Finish,Material Combination,"charcoal cotton jersey, heathered finish",charcoal soft matte cotton-jersey fabric with a heathered finish with mixed tonal fibers,fabric material color finish textile
Fabric + Color + Finish,Material Combination,"charcoal cotton jersey, marled finish",charcoal soft matte cotton-jersey fabric with a marled finish with blended multitone yarn appearance,fabric material color finish textile
Fabric + Color + Finish,Material Combination,"charcoal cotton jersey, satin-sheen finish",charcoal soft matte cotton-jersey fabric with a subtle satin-sheen finish with controlled luster,fabric material color finish textile
Fabric + Color + Finish,Material Combination,"navy cotton jersey, matte finish",navy soft matte cotton-jersey fabric with a matte surface finish with minimal reflectivity,fabric material color finish textile
Fabric + Color + Finish,Material Combination,"navy cotton jersey, glossy finish",navy soft matte cotton-jersey fabric with a glossy surface finish with stronger reflectivity,fabric material color finish textile
Fabric + Color + Finish,Material Combination,"navy cotton jersey, brushed finish",navy soft matte cotton-jersey fabric with a brushed surface finish with softened diffused texture,fabric material color finish textile
Fabric + Color + Finish,Material Combination,"navy cotton jersey, washed finish",navy soft matte cotton-jersey fabric with a washed finish with softened lived-in coloration,fabric material color finish textile
Fabric + Color + Finish,Material Combination,"navy cotton jersey, distressed finish",navy soft matte cotton-jersey fabric with a distressed finish with visible wear character,fabric material color finish textile
Fabric + Color + Finish,Material Combination,"navy cotton jersey, heathered finish",navy soft matte cotton-jersey fabric with a heathered finish with mixed tonal fibers,fabric material color finish textile
Fabric + Color + Finish,Material Combination,"navy cotton jersey, marled finish",navy soft matte cotton-jersey fabric with a marled finish with blended multitone yarn appearance,fabric material color finish textile
Fabric + Color + Finish,Material Combination,"navy cotton jersey, satin-sheen finish",navy soft matte cotton-jersey fabric with a subtle satin-sheen finish with controlled luster,fabric material color finish textile
Fabric + Color + Finish,Material Combination,"royal blue cotton jersey, matte finish",royal blue soft matte cotton-jersey fabric with a matte surface finish with minimal reflectivity,fabric material color finish textile
Fabric + Color + Finish,Material Combination,"royal blue cotton jersey, glossy finish",royal blue soft matte cotton-jersey fabric with a glossy surface finish with stronger reflectivity,fabric material color finish textile
Fabric + Color + Finish,Material Combination,"royal blue cotton jersey, brushed finish",royal blue soft matte cotton-jersey fabric with a brushed surface finish with softened diffused texture,fabric material color finish textile
Fabric + Color + Finish,Material Combination,"royal blue cotton jersey, washed finish",royal blue soft matte cotton-jersey fabric with a washed finish with softened lived-in coloration,fabric material color finish textile
Fabric + Color + Finish,Material Combination,"royal blue cotton jersey, distressed finish",royal blue soft matte cotton-jersey fabric with a distressed finish with visible wear character,fabric material color finish textile
Fabric + Color + Finish,Material Combination,"royal blue cotton jersey, heathered finish",royal blue soft matte cotton-jersey fabric with a heathered finish with mixed tonal fibers,fabric material color finish textile
Fabric + Color + Finish,Material Combination,"royal blue cotton jersey, marled finish",royal blue soft matte cotton-jersey fabric with a marled finish with blended multitone yarn appearance,fabric material color finish textile
Fabric + Color + Finish,Material Combination,"royal blue cotton jersey, satin-sheen finish",royal blue soft matte cotton-jersey fabric with a subtle satin-sheen finish with controlled luster,fabric material color finish textile
Fabric + Color + Finish,Material Combination,"sky blue cotton jersey, matte finish",sky blue soft matte cotton-jersey fabric with a matte surface finish with minimal reflectivity,fabric material color finish textile
Fabric + Color + Finish,Material Combination,"sky blue cotton jersey, glossy finish",sky blue soft matte cotton-jersey fabric with a glossy surface finish with stronger reflectivity,fabric material color finish textile
Fabric + Color + Finish,Material Combination,"sky blue cotton jersey, brushed finish",sky blue soft matte cotton-jersey fabric with a brushed surface finish with softened diffused texture,fabric material color finish textile
Fabric + Color + Finish,Material Combination,"sky blue cotton jersey, washed finish",sky blue soft matte cotton-jersey fabric with a washed finish with softened lived-in coloration,fabric material color finish textile
Fabric + Color + Finish,Material Combination,"sky blue cotton jersey, distressed finish",sky blue soft matte cotton-jersey fabric with a distressed finish with visible wear character,fabric material color finish textile
Fabric + Color + Finish,Material Combination,"sky blue cotton jersey, heathered finish",sky blue soft matte cotton-jersey fabric with a heathered finish with mixed tonal fibers,fabric material color finish textile
Fabric + Color + Finish,Material Combination,"sky blue cotton jersey, marled finish",sky blue soft matte cotton-jersey fabric with a marled finish with blended multitone yarn appearance,fabric material color finish textile
Fabric + Color + Finish,Material Combination,"sky blue cotton jersey, satin-sheen finish",sky blue soft matte cotton-jersey fabric with a subtle satin-sheen finish with controlled luster,fabric material color finish textile
Fabric + Color + Finish,Material Combination,"red cotton jersey, matte finish",red soft matte cotton-jersey fabric with a matte surface finish with minimal reflectivity,fabric material color finish textile
Fabric + Color + Finish,Material Combination,"red cotton jersey, glossy finish",red soft matte cotton-jersey fabric with a glossy surface finish with stronger reflectivity,fabric material color finish textile
Fabric + Color + Finish,Material Combination,"red cotton jersey, brushed finish",red soft matte cotton-jersey fabric with a brushed surface finish with softened diffused texture,fabric material color finish textile
Fabric + Color + Finish,Material Combination,"red cotton jersey, washed finish",red soft matte cotton-jersey fabric with a washed finish with softened lived-in coloration,fabric material color finish textile
Fabric + Color + Finish,Material Combination,"red cotton jersey, distressed finish",red soft matte cotton-jersey fabric with a distressed finish with visible wear character,fabric material color finish textile
Fabric + Color + Finish,Material Combination,"red cotton jersey, heathered finish",red soft matte cotton-jersey fabric with a heathered finish with mixed tonal fibers,fabric material color finish textile
Fabric + Color + Finish,Material Combination,"red cotton jersey, marled finish",red soft matte cotton-jersey fabric with a marled finish with blended multitone yarn appearance,fabric material color finish textile
Fabric + Color + Finish,Material Combination,"red cotton jersey, satin-sheen finish",red soft matte cotton-jersey fabric with a subtle satin-sheen finish with controlled luster,fabric material color finish textile
Fabric + Color + Finish,Material Combination,"burgundy cotton jersey, matte finish",burgundy soft matte cotton-jersey fabric with a matte surface finish with minimal reflectivity,fabric material color finish textile
Fabric + Color + Finish,Material Combination,"burgundy cotton jersey, glossy finish",burgundy soft matte cotton-jersey fabric with a glossy surface finish with stronger reflectivity,fabric material color finish textile
Fabric + Color + Finish,Material Combination,"burgundy cotton jersey, brushed finish",burgundy soft matte cotton-jersey fabric with a brushed surface finish with softened diffused texture,fabric material color finish textile
Fabric + Color + Finish,Material Combination,"burgundy cotton jersey, washed finish",burgundy soft matte cotton-jersey fabric with a washed finish with softened lived-in coloration,fabric material color finish textile
Fabric + Color + Finish,Material Combination,"burgundy cotton jersey, distressed finish",burgundy soft matte cotton-jersey fabric with a distressed finish with visible wear character,fabric material color finish textile
Fabric + Color + Finish,Material Combination,"burgundy cotton jersey, heathered finish",burgundy soft matte cotton-jersey fabric with a heathered finish with mixed tonal fibers,fabric material color finish textile
Fabric + Color + Finish,Material Combination,"burgundy cotton jersey, marled finish",burgundy soft matte cotton-jersey fabric with a marled finish with blended multitone yarn appearance,fabric material color finish textile
Fabric + Color + Finish,Material Combination,"burgundy cotton jersey, satin-sheen finish",burgundy soft matte cotton-jersey fabric with a subtle satin-sheen finish with controlled luster,fabric material color finish textile
Fabric + Color + Finish,Material Combination,"pink cotton jersey, matte finish",pink soft matte cotton-jersey fabric with a matte surface finish with minimal reflectivity,fabric material color finish textile
Fabric + Color + Finish,Material Combination,"pink cotton jersey, glossy finish",pink soft matte cotton-jersey fabric with a glossy surface finish with stronger reflectivity,fabric material color finish textile
Fabric + Color + Finish,Material Combination,"pink cotton jersey, brushed finish",pink soft matte cotton-jersey fabric with a brushed surface finish with softened diffused texture,fabric material color finish textile
Fabric + Color + Finish,Material Combination,"pink cotton jersey, washed finish",pink soft matte cotton-jersey fabric with a washed finish with softened lived-in coloration,fabric material color finish textile
Fabric + Color + Finish,Material Combination,"pink cotton jersey, distressed finish",pink soft matte cotton-jersey fabric with a distressed finish with visible wear character,fabric material color finish textile
Fabric + Color + Finish,Material Combination,"pink cotton jersey, heathered finish",pink soft matte cotton-jersey fabric with a heathered finish with mixed tonal fibers,fabric material color finish textile
Fabric + Color + Finish,Material Combination,"pink cotton jersey, marled finish",pink soft matte cotton-jersey fabric with a marled finish with blended multitone yarn appearance,fabric material color finish textile
Fabric + Color + Finish,Material Combination,"pink cotton jersey, satin-sheen finish",pink soft matte cotton-jersey fabric with a subtle satin-sheen finish with controlled luster,fabric material color finish textile
Fabric + Color + Finish,Material Combination,"hot pink cotton jersey, matte finish",hot pink soft matte cotton-jersey fabric with a matte surface finish with minimal reflectivity,fabric material color finish textile
Fabric + Color + Finish,Material Combination,"hot pink cotton jersey, glossy finish",hot pink soft matte cotton-jersey fabric with a glossy surface finish with stronger reflectivity,fabric material color finish textile
Fabric + Color + Finish,Material Combination,"hot pink cotton jersey, brushed finish",hot pink soft matte cotton-jersey fabric with a brushed surface finish with softened diffused texture,fabric material color finish textile
Fabric + Color + Finish,Material Combination,"hot pink cotton jersey, washed finish",hot pink soft matte cotton-jersey fabric with a washed finish with softened lived-in coloration,fabric material color finish textile
Fabric + Color + Finish,Material Combination,"hot pink cotton jersey, distressed finish",hot pink soft matte cotton-jersey fabric with a distressed finish with visible wear character,fabric material color finish textile
Fabric + Color + Finish,Material Combination,"hot pink cotton jersey, heathered finish",hot pink soft matte cotton-jersey fabric with a heathered finish with mixed tonal fibers,fabric material color finish textile
Fabric + Color + Finish,Material Combination,"hot pink cotton jersey, marled finish",hot pink soft matte cotton-jersey fabric with a marled finish with blended multitone yarn appearance,fabric material color finish textile
Fabric + Color + Finish,Material Combination,"hot pink cotton jersey, satin-sheen finish",hot pink soft matte cotton-jersey fabric with a subtle satin-sheen finish with controlled luster,fabric material color finish textile
Fabric + Color + Finish,Material Combination,"orange cotton jersey, matte finish",orange soft matte cotton-jersey fabric with a matte surface finish with minimal reflectivity,fabric material color finish textile
Fabric + Color + Finish,Material Combination,"orange cotton jersey, glossy finish",orange soft matte cotton-jersey fabric with a glossy surface finish with stronger reflectivity,fabric material color finish textile
Fabric + Color + Finish,Material Combination,"orange cotton jersey, brushed finish",orange soft matte cotton-jersey fabric with a brushed surface finish with softened diffused texture,fabric material color finish textile
Fabric + Color + Finish,Material Combination,"orange cotton jersey, washed finish",orange soft matte cotton-jersey fabric with a washed finish with softened lived-in coloration,fabric material color finish textile
Fabric + Color + Finish,Material Combination,"orange cotton jersey, distressed finish",orange soft matte cotton-jersey fabric with a distressed finish with visible wear character,fabric material color finish textile
Fabric + Color + Finish,Material Combination,"orange cotton jersey, heathered finish",orange soft matte cotton-jersey fabric with a heathered finish with mixed tonal fibers,fabric material color finish textile
Fabric + Color + Finish,Material Combination,"orange cotton jersey, marled finish",orange soft matte cotton-jersey fabric with a marled finish with blended multitone yarn appearance,fabric material color finish textile
Fabric + Color + Finish,Material Combination,"orange cotton jersey, satin-sheen finish",orange soft matte cotton-jersey fabric with a subtle satin-sheen finish with controlled luster,fabric material color finish textile
Fabric + Color + Finish,Material Combination,"yellow cotton jersey, matte finish",yellow soft matte cotton-jersey fabric with a matte surface finish with minimal reflectivity,fabric material color finish textile
Fabric + Color + Finish,Material Combination,"yellow cotton jersey, glossy finish",yellow soft matte cotton-jersey fabric with a glossy surface finish with stronger reflectivity,fabric material color finish textile
Fabric + Color + Finish,Material Combination,"yellow cotton jersey, brushed finish",yellow soft matte cotton-jersey fabric with a brushed surface finish with softened diffused texture,fabric material color finish textile
Fabric + Color + Finish,Material Combination,"yellow cotton jersey, washed finish",yellow soft matte cotton-jersey fabric with a washed finish with softened lived-in coloration,fabric material color finish textile
Fabric + Color + Finish,Material Combination,"yellow cotton jersey, distressed finish",yellow soft matte cotton-jersey fabric with a distressed finish with visible wear character,fabric material color finish textile
Fabric + Color + Finish,Material Combination,"yellow cotton jersey, heathered finish",yellow soft matte cotton-jersey fabric with a heathered finish with mixed tonal fibers,fabric material color finish textile
Fabric + Color + Finish,Material Combination,"yellow cotton jersey, marled finish",yellow soft matte cotton-jersey fabric with a marled finish with blended multitone yarn appearance,fabric material color finish textile
Fabric + Color + Finish,Material Combination,"yellow cotton jersey, satin-sheen finish",yellow soft matte cotton-jersey fabric with a subtle satin-sheen finish with controlled luster,fabric material color finish textile
Fabric + Color + Finish,Material Combination,"olive green cotton jersey, matte finish",olive green soft matte cotton-jersey fabric with a matte surface finish with minimal reflectivity,fabric material color finish textile
Fabric + Color + Finish,Material Combination,"olive green cotton jersey, glossy finish",olive green soft matte cotton-jersey fabric with a glossy surface finish with stronger reflectivity,fabric material color finish textile
Fabric + Color + Finish,Material Combination,"olive green cotton jersey, brushed finish",olive green soft matte cotton-jersey fabric with a brushed surface finish with softened diffused texture,fabric material color finish textile
Fabric + Color + Finish,Material Combination,"olive green cotton jersey, washed finish",olive green soft matte cotton-jersey fabric with a washed finish with softened lived-in coloration,fabric material color finish textile
Fabric + Color + Finish,Material Combination,"olive green cotton jersey, distressed finish",olive green soft matte cotton-jersey fabric with a distressed finish with visible wear character,fabric material color finish textile
Fabric + Color + Finish,Material Combination,"olive green cotton jersey, heathered finish",olive green soft matte cotton-jersey fabric with a heathered finish with mixed tonal fibers,fabric material color finish textile
Fabric + Color + Finish,Material Combination,"olive green cotton jersey, marled finish",olive green soft matte cotton-jersey fabric with a marled finish with blended multitone yarn appearance,fabric material color finish textile
Fabric + Color + Finish,Material Combination,"olive green cotton jersey, satin-sheen finish",olive green soft matte cotton-jersey fabric with a subtle satin-sheen finish with controlled luster,fabric material color finish textile
Fabric + Color + Finish,Material Combination,"sage green cotton jersey, matte finish",sage green soft matte cotton-jersey fabric with a matte surface finish with minimal reflectivity,fabric material color finish textile
Fabric + Color + Finish,Material Combination,"sage green cotton jersey, glossy finish",sage green soft matte cotton-jersey fabric with a glossy surface finish with stronger reflectivity,fabric material color finish textile
Fabric + Color + Finish,Material Combination,"sage green cotton jersey, brushed finish",sage green soft matte cotton-jersey fabric with a brushed surface finish with softened diffused texture,fabric material color finish textile
Fabric + Color + Finish,Material Combination,"sage green cotton jersey, washed finish",sage green soft matte cotton-jersey fabric with a washed finish with softened lived-in coloration,fabric material color finish textile
Fabric + Color + Finish,Material Combination,"sage green cotton jersey, distressed finish",sage green soft matte cotton-jersey fabric with a distressed finish with visible wear character,fabric material color finish textile
Fabric + Color + Finish,Material Combination,"sage green cotton jersey, heathered finish",sage green soft matte cotton-jersey fabric with a heathered finish with mixed tonal fibers,fabric material color finish textile
Fabric + Color + Finish,Material Combination,"sage green cotton jersey, marled finish",sage green soft matte cotton-jersey fabric with a marled finish with blended multitone yarn appearance,fabric material color finish textile
Fabric + Color + Finish,Material Combination,"sage green cotton jersey, satin-sheen finish",sage green soft matte cotton-jersey fabric with a subtle satin-sheen finish with controlled luster,fabric material color finish textile
Fabric + Color + Finish,Material Combination,"emerald green cotton jersey, matte finish",emerald green soft matte cotton-jersey fabric with a matte surface finish with minimal reflectivity,fabric material color finish textile
Fabric + Color + Finish,Material Combination,"emerald green cotton jersey, glossy finish",emerald green soft matte cotton-jersey fabric with a glossy surface finish with stronger reflectivity,fabric material color finish textile
Fabric + Color + Finish,Material Combination,"emerald green cotton jersey, brushed finish",emerald green soft matte cotton-jersey fabric with a brushed surface finish with softened diffused texture,fabric material color finish textile
Fabric + Color + Finish,Material Combination,"emerald green cotton jersey, washed finish",emerald green soft matte cotton-jersey fabric with a washed finish with softened lived-in coloration,fabric material color finish textile
Fabric + Color + Finish,Material Combination,"emerald green cotton jersey, distressed finish",emerald green soft matte cotton-jersey fabric with a distressed finish with visible wear character,fabric material color finish textile
Fabric + Color + Finish,Material Combination,"emerald green cotton jersey, heathered finish",emerald green soft matte cotton-jersey fabric with a heathered finish with mixed tonal fibers,fabric material color finish textile
Fabric + Color + Finish,Material Combination,"emerald green cotton jersey, marled finish",emerald green soft matte cotton-jersey fabric with a marled finish with blended multitone yarn appearance,fabric material color finish textile
Fabric + Color + Finish,Material Combination,"emerald green cotton jersey, satin-sheen finish",emerald green soft matte cotton-jersey fabric with a subtle satin-sheen finish with controlled luster,fabric material color finish textile
Fabric + Color + Finish,Material Combination,"teal cotton jersey, matte finish",teal soft matte cotton-jersey fabric with a matte surface finish with minimal reflectivity,fabric material color finish textile
Fabric + Color + Finish,Material Combination,"teal cotton jersey, glossy finish",teal soft matte cotton-jersey fabric with a glossy surface finish with stronger reflectivity,fabric material color finish textile
Fabric + Color + Finish,Material Combination,"teal cotton jersey, brushed finish",teal soft matte cotton-jersey fabric with a brushed surface finish with softened diffused texture,fabric material color finish textile
Fabric + Color + Finish,Material Combination,"teal cotton jersey, washed finish",teal soft matte cotton-jersey fabric with a washed finish with softened lived-in coloration,fabric material color finish textile
Fabric + Color + Finish,Material Combination,"teal cotton jersey, distressed finish",teal soft matte cotton-jersey fabric with a distressed finish with visible wear character,fabric material color finish textile
Fabric + Color + Finish,Material Combination,"teal cotton jersey, heathered finish",teal soft matte cotton-jersey fabric with a heathered finish with mixed tonal fibers,fabric material color finish textile
Fabric + Color + Finish,Material Combination,"teal cotton jersey, marled finish",teal soft matte cotton-jersey fabric with a marled finish with blended multitone yarn appearance,fabric material color finish textile
Fabric + Color + Finish,Material Combination,"teal cotton jersey, satin-sheen finish",teal soft matte cotton-jersey fabric with a subtle satin-sheen finish with controlled luster,fabric material color finish textile
Fabric + Color + Finish,Material Combination,"purple cotton jersey, matte finish",purple soft matte cotton-jersey fabric with a matte surface finish with minimal reflectivity,fabric material color finish textile
Fabric + Color + Finish,Material Combination,"purple cotton jersey, glossy finish",purple soft matte cotton-jersey fabric with a glossy surface finish with stronger reflectivity,fabric material color finish textile
Fabric + Color + Finish,Material Combination,"purple cotton jersey, brushed finish",purple soft matte cotton-jersey fabric with a brushed surface finish with softened diffused texture,fabric material color finish textile
Fabric + Color + Finish,Material Combination,"purple cotton jersey, washed finish",purple soft matte cotton-jersey fabric with a washed finish with softened lived-in coloration,fabric material color finish textile
Fabric + Color + Finish,Material Combination,"purple cotton jersey, distressed finish",purple soft matte cotton-jersey fabric with a distressed finish with visible wear character,fabric material color finish textile
Fabric + Color + Finish,Material Combination,"purple cotton jersey, heathered finish",purple soft matte cotton-jersey fabric with a heathered finish with mixed tonal fibers,fabric material color finish textile
Fabric + Color + Finish,Material Combination,"purple cotton jersey, marled finish",purple soft matte cotton-jersey fabric with a marled finish with blended multitone yarn appearance,fabric material color finish textile
Fabric + Color + Finish,Material Combination,"purple cotton jersey, satin-sheen finish",purple soft matte cotton-jersey fabric with a subtle satin-sheen finish with controlled luster,fabric material color finish textile
Fabric + Color + Finish,Material Combination,"lavender cotton jersey, matte finish",lavender soft matte cotton-jersey fabric with a matte surface finish with minimal reflectivity,fabric material color finish textile
Fabric + Color + Finish,Material Combination,"lavender cotton jersey, glossy finish",lavender soft matte cotton-jersey fabric with a glossy surface finish with stronger reflectivity,fabric material color finish textile
Fabric + Color + Finish,Material Combination,"lavender cotton jersey, brushed finish",lavender soft matte cotton-jersey fabric with a brushed surface finish with softened diffused texture,fabric material color finish textile
Fabric + Color + Finish,Material Combination,"lavender cotton jersey, washed finish",lavender soft matte cotton-jersey fabric with a washed finish with softened lived-in coloration,fabric material color finish textile
Fabric + Color + Finish,Material Combination,"lavender cotton jersey, distressed finish",lavender soft matte cotton-jersey fabric with a distressed finish with visible wear character,fabric material color finish textile
Fabric + Color + Finish,Material Combination,"lavender cotton jersey, heathered finish",lavender soft matte cotton-jersey fabric with a heathered finish with mixed tonal fibers,fabric material color finish textile
Fabric + Color + Finish,Material Combination,"lavender cotton jersey, marled finish",lavender soft matte cotton-jersey fabric with a marled finish with blended multitone yarn appearance,fabric material color finish textile
Fabric + Color + Finish,Material Combination,"lavender cotton jersey, satin-sheen finish",lavender soft matte cotton-jersey fabric with a subtle satin-sheen finish with controlled luster,fabric material color finish textile
Fabric + Color + Finish,Material Combination,"brown cotton jersey, matte finish",brown soft matte cotton-jersey fabric with a matte surface finish with minimal reflectivity,fabric material color finish textile
Fabric + Color + Finish,Material Combination,"brown cotton jersey, glossy finish",brown soft matte cotton-jersey fabric with a glossy surface finish with stronger reflectivity,fabric material color finish textile
Fabric + Color + Finish,Material Combination,"brown cotton jersey, brushed finish",brown soft matte cotton-jersey fabric with a brushed surface finish with softened diffused texture,fabric material color finish textile
Fabric + Color + Finish,Material Combination,"brown cotton jersey, washed finish",brown soft matte cotton-jersey fabric with a washed finish with softened lived-in coloration,fabric material color finish textile
Fabric + Color + Finish,Material Combination,"brown cotton jersey, distressed finish",brown soft matte cotton-jersey fabric with a distressed finish with visible wear character,fabric material color finish textile
Fabric + Color + Finish,Material Combination,"brown cotton jersey, heathered finish",brown soft matte cotton-jersey fabric with a heathered finish with mixed tonal fibers,fabric material color finish textile
Fabric + Color + Finish,Material Combination,"brown cotton jersey, marled finish",brown soft matte cotton-jersey fabric with a marled finish with blended multitone yarn appearance,fabric material color finish textile
Fabric + Color + Finish,Material Combination,"brown cotton jersey, satin-sheen finish",brown soft matte cotton-jersey fabric with a subtle satin-sheen finish with controlled luster,fabric material color finish textile
Fabric + Color + Finish,Material Combination,"tan cotton jersey, matte finish",tan soft matte cotton-jersey fabric with a matte surface finish with minimal reflectivity,fabric material color finish textile
Fabric + Color + Finish,Material Combination,"tan cotton jersey, glossy finish",tan soft matte cotton-jersey fabric with a glossy surface finish with stronger reflectivity,fabric material color finish textile
Fabric + Color + Finish,Material Combination,"tan cotton jersey, brushed finish",tan soft matte cotton-jersey fabric with a brushed surface finish with softened diffused texture,fabric material color finish textile
Fabric + Color + Finish,Material Combination,"tan cotton jersey, washed finish",tan soft matte cotton-jersey fabric with a washed finish with softened lived-in coloration,fabric material color finish textile
Fabric + Color + Finish,Material Combination,"tan cotton jersey, distressed finish",tan soft matte cotton-jersey fabric with a distressed finish with visible wear character,fabric material color finish textile
Fabric + Color + Finish,Material Combination,"tan cotton jersey, heathered finish",tan soft matte cotton-jersey fabric with a heathered finish with mixed tonal fibers,fabric material color finish textile
Fabric + Color + Finish,Material Combination,"tan cotton jersey, marled finish",tan soft matte cotton-jersey fabric with a marled finish with blended multitone yarn appearance,fabric material color finish textile
Fabric + Color + Finish,Material Combination,"tan cotton jersey, satin-sheen finish",tan soft matte cotton-jersey fabric with a subtle satin-sheen finish with controlled luster,fabric material color finish textile
Fabric + Color + Finish,Material Combination,"silver cotton jersey, matte finish",silver soft matte cotton-jersey fabric with a matte surface finish with minimal reflectivity,fabric material color finish textile
Fabric + Color + Finish,Material Combination,"silver cotton jersey, glossy finish",silver soft matte cotton-jersey fabric with a glossy surface finish with stronger reflectivity,fabric material color finish textile
Fabric + Color + Finish,Material Combination,"silver cotton jersey, brushed finish",silver soft matte cotton-jersey fabric with a brushed surface finish with softened diffused texture,fabric material color finish textile
Fabric + Color + Finish,Material Combination,"silver cotton jersey, washed finish",silver soft matte cotton-jersey fabric with a washed finish with softened lived-in coloration,fabric material color finish textile
Fabric + Color + Finish,Material Combination,"silver cotton jersey, distressed finish",silver soft matte cotton-jersey fabric with a distressed finish with visible wear character,fabric material color finish textile
Fabric + Color + Finish,Material Combination,"silver cotton jersey, heathered finish",silver soft matte cotton-jersey fabric with a heathered finish with mixed tonal fibers,fabric material color finish textile
Fabric + Color + Finish,Material Combination,"silver cotton jersey, marled finish",silver soft matte cotton-jersey fabric with a marled finish with blended multitone yarn appearance,fabric material color finish textile
Fabric + Color + Finish,Material Combination,"silver cotton jersey, satin-sheen finish",silver soft matte cotton-jersey fabric with a subtle satin-sheen finish with controlled luster,fabric material color finish textile
Fabric + Color + Finish,Material Combination,"gold cotton jersey, matte finish",gold soft matte cotton-jersey fabric with a matte surface finish with minimal reflectivity,fabric material color finish textile
Fabric + Color + Finish,Material Combination,"gold cotton jersey, glossy finish",gold soft matte cotton-jersey fabric with a glossy surface finish with stronger reflectivity,fabric material color finish textile
Fabric + Color + Finish,Material Combination,"gold cotton jersey, brushed finish",gold soft matte cotton-jersey fabric with a brushed surface finish with softened diffused texture,fabric material color finish textile
Fabric + Color + Finish,Material Combination,"gold cotton jersey, washed finish",gold soft matte cotton-jersey fabric with a washed finish with softened lived-in coloration,fabric material color finish textile
Fabric + Color + Finish,Material Combination,"gold cotton jersey, distressed finish",gold soft matte cotton-jersey fabric with a distressed finish with visible wear character,fabric material color finish textile
Fabric + Color + Finish,Material Combination,"gold cotton jersey, heathered finish",gold soft matte cotton-jersey fabric with a heathered finish with mixed tonal fibers,fabric material color finish textile
Fabric + Color + Finish,Material Combination,"gold cotton jersey, marled finish",gold soft matte cotton-jersey fabric with a marled finish with blended multitone yarn appearance,fabric material color finish textile
Fabric + Color + Finish,Material Combination,"gold cotton jersey, satin-sheen finish",gold soft matte cotton-jersey fabric with a subtle satin-sheen finish with controlled luster,fabric material color finish textile
Fabric + Color + Finish,Material Combination,"white ribbed knit, matte finish",white ribbed knit fabric with visible vertical texture with a matte surface finish with minimal reflectivity,fabric material color finish textile
Fabric + Color + Finish,Material Combination,"white ribbed knit, glossy finish",white ribbed knit fabric with visible vertical texture with a glossy surface finish with stronger reflectivity,fabric material color finish textile
Fabric + Color + Finish,Material Combination,"white ribbed knit, brushed finish",white ribbed knit fabric with visible vertical texture with a brushed surface finish with softened diffused texture,fabric material color finish textile
Fabric + Color + Finish,Material Combination,"white ribbed knit, washed finish",white ribbed knit fabric with visible vertical texture with a washed finish with softened lived-in coloration,fabric material color finish textile
Fabric + Color + Finish,Material Combination,"white ribbed knit, distressed finish",white ribbed knit fabric with visible vertical texture with a distressed finish with visible wear character,fabric material color finish textile
Fabric + Color + Finish,Material Combination,"white ribbed knit, heathered finish",white ribbed knit fabric with visible vertical texture with a heathered finish with mixed tonal fibers,fabric material color finish textile
Fabric + Color + Finish,Material Combination,"white ribbed knit, marled finish",white ribbed knit fabric with visible vertical texture with a marled finish with blended multitone yarn appearance,fabric material color finish textile
Fabric + Color + Finish,Material Combination,"white ribbed knit, satin-sheen finish",white ribbed knit fabric with visible vertical texture with a subtle satin-sheen finish with controlled luster,fabric material color finish textile
Fabric + Color + Finish,Material Combination,"black ribbed knit, matte finish",black ribbed knit fabric with visible vertical texture with a matte surface finish with minimal reflectivity,fabric material color finish textile
Fabric + Color + Finish,Material Combination,"black ribbed knit, glossy finish",black ribbed knit fabric with visible vertical texture with a glossy surface finish with stronger reflectivity,fabric material color finish textile
Fabric + Color + Finish,Material Combination,"black ribbed knit, brushed finish",black ribbed knit fabric with visible vertical texture with a brushed surface finish with softened diffused texture,fabric material color finish textile
Fabric + Color + Finish,Material Combination,"black ribbed knit, washed finish",black ribbed knit fabric with visible vertical texture with a washed finish with softened lived-in coloration,fabric material color finish textile
Fabric + Color + Finish,Material Combination,"black ribbed knit, distressed finish",black ribbed knit fabric with visible vertical texture with a distressed finish with visible wear character,fabric material color finish textile
Fabric + Color + Finish,Material Combination,"black ribbed knit, heathered finish",black ribbed knit fabric with visible vertical texture with a heathered finish with mixed tonal fibers,fabric material color finish textile
Fabric + Color + Finish,Material Combination,"black ribbed knit, marled finish",black ribbed knit fabric with visible vertical texture with a marled finish with blended multitone yarn appearance,fabric material color finish textile
Fabric + Color + Finish,Material Combination,"black ribbed knit, satin-sheen finish",black ribbed knit fabric with visible vertical texture with a subtle satin-sheen finish with controlled luster,fabric material color finish textile
Fabric + Color + Finish,Material Combination,"cream ribbed knit, matte finish",cream ribbed knit fabric with visible vertical texture with a matte surface finish with minimal reflectivity,fabric material color finish textile
Fabric + Color + Finish,Material Combination,"cream ribbed knit, glossy finish",cream ribbed knit fabric with visible vertical texture with a glossy surface finish with stronger reflectivity,fabric material color finish textile
Fabric + Color + Finish,Material Combination,"cream ribbed knit, brushed finish",cream ribbed knit fabric with visible vertical texture with a brushed surface finish with softened diffused texture,fabric material color finish textile
Fabric + Color + Finish,Material Combination,"cream ribbed knit, washed finish",cream ribbed knit fabric with visible vertical texture with a washed finish with softened lived-in coloration,fabric material color finish textile
Fabric + Color + Finish,Material Combination,"cream ribbed knit, distressed finish",cream ribbed knit fabric with visible vertical texture with a distressed finish with visible wear character,fabric material color finish textile
Fabric + Color + Finish,Material Combination,"cream ribbed knit, heathered finish",cream ribbed knit fabric with visible vertical texture with a heathered finish with mixed tonal fibers,fabric material color finish textile
Fabric + Color + Finish,Material Combination,"cream ribbed knit, marled finish",cream ribbed knit fabric with visible vertical texture with a marled finish with blended multitone yarn appearance,fabric material color finish textile
Fabric + Color + Finish,Material Combination,"cream ribbed knit, satin-sheen finish",cream ribbed knit fabric with visible vertical texture with a subtle satin-sheen finish with controlled luster,fabric material color finish textile
Fabric + Color + Finish,Material Combination,"beige ribbed knit, matte finish",beige ribbed knit fabric with visible vertical texture with a matte surface finish with minimal reflectivity,fabric material color finish textile
Fabric + Color + Finish,Material Combination,"beige ribbed knit, glossy finish",beige ribbed knit fabric with visible vertical texture with a glossy surface finish with stronger reflectivity,fabric material color finish textile
Fabric + Color + Finish,Material Combination,"beige ribbed knit, brushed finish",beige ribbed knit fabric with visible vertical texture with a brushed surface finish with softened diffused texture,fabric material color finish textile
Fabric + Color + Finish,Material Combination,"beige ribbed knit, washed finish",beige ribbed knit fabric with visible vertical texture with a washed finish with softened lived-in coloration,fabric material color finish textile
Fabric + Color + Finish,Material Combination,"beige ribbed knit, distressed finish",beige ribbed knit fabric with visible vertical texture with a distressed finish with visible wear character,fabric material color finish textile
Fabric + Color + Finish,Material Combination,"beige ribbed knit, heathered finish",beige ribbed knit fabric with visible vertical texture with a heathered finish with mixed tonal fibers,fabric material color finish textile
Fabric + Color + Finish,Material Combination,"beige ribbed knit, marled finish",beige ribbed knit fabric with visible vertical texture with a marled finish with blended multitone yarn appearance,fabric material color finish textile
Fabric + Color + Finish,Material Combination,"beige ribbed knit, satin-sheen finish",beige ribbed knit fabric with visible vertical texture with a subtle satin-sheen finish with controlled luster,fabric material color finish textile
Fabric + Color + Finish,Material Combination,"camel ribbed knit, matte finish",camel ribbed knit fabric with visible vertical texture with a matte surface finish with minimal reflectivity,fabric material color finish textile
Fabric + Color + Finish,Material Combination,"camel ribbed knit, glossy finish",camel ribbed knit fabric with visible vertical texture with a glossy surface finish with stronger reflectivity,fabric material color finish textile
Fabric + Color + Finish,Material Combination,"camel ribbed knit, brushed finish",camel ribbed knit fabric with visible vertical texture with a brushed surface finish with softened diffused texture,fabric material color finish textile
Fabric + Color + Finish,Material Combination,"camel ribbed knit, washed finish",camel ribbed knit fabric with visible vertical texture with a washed finish with softened lived-in coloration,fabric material color finish textile
Fabric + Color + Finish,Material Combination,"camel ribbed knit, distressed finish",camel ribbed knit fabric with visible vertical texture with a distressed finish with visible wear character,fabric material color finish textile
Fabric + Color + Finish,Material Combination,"camel ribbed knit, heathered finish",camel ribbed knit fabric with visible vertical texture with a heathered finish with mixed tonal fibers,fabric material color finish textile
Fabric + Color + Finish,Material Combination,"camel ribbed knit, marled finish",camel ribbed knit fabric with visible vertical texture with a marled finish with blended multitone yarn appearance,fabric material color finish textile
Fabric + Color + Finish,Material Combination,"camel ribbed knit, satin-sheen finish",camel ribbed knit fabric with visible vertical texture with a subtle satin-sheen finish with controlled luster,fabric material color finish textile
Fabric + Color + Finish,Material Combination,"gray ribbed knit, matte finish",gray ribbed knit fabric with visible vertical texture with a matte surface finish with minimal reflectivity,fabric material color finish textile
Fabric + Color + Finish,Material Combination,"gray ribbed knit, glossy finish",gray ribbed knit fabric with visible vertical texture with a glossy surface finish with stronger reflectivity,fabric material color finish textile
Fabric + Color + Finish,Material Combination,"gray ribbed knit, brushed finish",gray ribbed knit fabric with visible vertical texture with a brushed surface finish with softened diffused texture,fabric material color finish textile
Fabric + Color + Finish,Material Combination,"gray ribbed knit, washed finish",gray ribbed knit fabric with visible vertical texture with a washed finish with softened lived-in coloration,fabric material color finish textile
Fabric + Color + Finish,Material Combination,"gray ribbed knit, distressed finish",gray ribbed knit fabric with visible vertical texture with a distressed finish with visible wear character,fabric material color finish textile
Fabric + Color + Finish,Material Combination,"gray ribbed knit, heathered finish",gray ribbed knit fabric with visible vertical texture with a heathered finish with mixed tonal fibers,fabric material color finish textile
Fabric + Color + Finish,Material Combination,"gray ribbed knit, marled finish",gray ribbed knit fabric with visible vertical texture with a marled finish with blended multitone yarn appearance,fabric material color finish textile
Fabric + Color + Finish,Material Combination,"gray ribbed knit, satin-sheen finish",gray ribbed knit fabric with visible vertical texture with a subtle satin-sheen finish with controlled luster,fabric material color finish textile
Fabric + Color + Finish,Material Combination,"charcoal ribbed knit, matte finish",charcoal ribbed knit fabric with visible vertical texture with a matte surface finish with minimal reflectivity,fabric material color finish textile
Fabric + Color + Finish,Material Combination,"charcoal ribbed knit, glossy finish",charcoal ribbed knit fabric with visible vertical texture with a glossy surface finish with stronger reflectivity,fabric material color finish textile
Fabric + Color + Finish,Material Combination,"charcoal ribbed knit, brushed finish",charcoal ribbed knit fabric with visible vertical texture with a brushed surface finish with softened diffused texture,fabric material color finish textile
Fabric + Color + Finish,Material Combination,"charcoal ribbed knit, washed finish",charcoal ribbed knit fabric with visible vertical texture with a washed finish with softened lived-in coloration,fabric material color finish textile
Fabric + Color + Finish,Material Combination,"charcoal ribbed knit, distressed finish",charcoal ribbed knit fabric with visible vertical texture with a distressed finish with visible wear character,fabric material color finish textile
Fabric + Color + Finish,Material Combination,"charcoal ribbed knit, heathered finish",charcoal ribbed knit fabric with visible vertical texture with a heathered finish with mixed tonal fibers,fabric material color finish textile
Fabric + Color + Finish,Material Combination,"charcoal ribbed knit, marled finish",charcoal ribbed knit fabric with visible vertical texture with a marled finish with blended multitone yarn appearance,fabric material color finish textile
Fabric + Color + Finish,Material Combination,"charcoal ribbed knit, satin-sheen finish",charcoal ribbed knit fabric with visible vertical texture with a subtle satin-sheen finish with controlled luster,fabric material color finish textile
Fabric + Color + Finish,Material Combination,"navy ribbed knit, matte finish",navy ribbed knit fabric with visible vertical texture with a matte surface finish with minimal reflectivity,fabric material color finish textile
Fabric + Color + Finish,Material Combination,"navy ribbed knit, glossy finish",navy ribbed knit fabric with visible vertical texture with a glossy surface finish with stronger reflectivity,fabric material color finish textile
Fabric + Color + Finish,Material Combination,"navy ribbed knit, brushed finish",navy ribbed knit fabric with visible vertical texture with a brushed surface finish with softened diffused texture,fabric material color finish textile
Fabric + Color + Finish,Material Combination,"navy ribbed knit, washed finish",navy ribbed knit fabric with visible vertical texture with a washed finish with softened lived-in coloration,fabric material color finish textile
Fabric + Color + Finish,Material Combination,"navy ribbed knit, distressed finish",navy ribbed knit fabric with visible vertical texture with a distressed finish with visible wear character,fabric material color finish textile
Fabric + Color + Finish,Material Combination,"navy ribbed knit, heathered finish",navy ribbed knit fabric with visible vertical texture with a heathered finish with mixed tonal fibers,fabric material color finish textile
Fabric + Color + Finish,Material Combination,"navy ribbed knit, marled finish",navy ribbed knit fabric with visible vertical texture with a marled finish with blended multitone yarn appearance,fabric material color finish textile
Fabric + Color + Finish,Material Combination,"navy ribbed knit, satin-sheen finish",navy ribbed knit fabric with visible vertical texture with a subtle satin-sheen finish with controlled luster,fabric material color finish textile
Fabric + Color + Finish,Material Combination,"royal blue ribbed knit, matte finish",royal blue ribbed knit fabric with visible vertical texture with a matte surface finish with minimal reflectivity,fabric material color finish textile
Fabric + Color + Finish,Material Combination,"royal blue ribbed knit, glossy finish",royal blue ribbed knit fabric with visible vertical texture with a glossy surface finish with stronger reflectivity,fabric material color finish textile
Fabric + Color + Finish,Material Combination,"royal blue ribbed knit, brushed finish",royal blue ribbed knit fabric with visible vertical texture with a brushed surface finish with softened diffused texture,fabric material color finish textile
Fabric + Color + Finish,Material Combination,"royal blue ribbed knit, washed finish",royal blue ribbed knit fabric with visible vertical texture with a washed finish with softened lived-in coloration,fabric material color finish textile
Fabric + Color + Finish,Material Combination,"royal blue ribbed knit, distressed finish",royal blue ribbed knit fabric with visible vertical texture with a distressed finish with visible wear character,fabric material color finish textile
Fabric + Color + Finish,Material Combination,"royal blue ribbed knit, heathered finish",royal blue ribbed knit fabric with visible vertical texture with a heathered finish with mixed tonal fibers,fabric material color finish textile
Fabric + Color + Finish,Material Combination,"royal blue ribbed knit, marled finish",royal blue ribbed knit fabric with visible vertical texture with a marled finish with blended multitone yarn appearance,fabric material color finish textile
Fabric + Color + Finish,Material Combination,"royal blue ribbed knit, satin-sheen finish",royal blue ribbed knit fabric with visible vertical texture with a subtle satin-sheen finish with controlled luster,fabric material color finish textile
Fabric + Color + Finish,Material Combination,"sky blue ribbed knit, matte finish",sky blue ribbed knit fabric with visible vertical texture with a matte surface finish with minimal reflectivity,fabric material color finish textile
Fabric + Color + Finish,Material Combination,"sky blue ribbed knit, glossy finish",sky blue ribbed knit fabric with visible vertical texture with a glossy surface finish with stronger reflectivity,fabric material color finish textile
Fabric + Color + Finish,Material Combination,"sky blue ribbed knit, brushed finish",sky blue ribbed knit fabric with visible vertical texture with a brushed surface finish with softened diffused texture,fabric material color finish textile
Fabric + Color + Finish,Material Combination,"sky blue ribbed knit, washed finish",sky blue ribbed knit fabric with visible vertical texture with a washed finish with softened lived-in coloration,fabric material color finish textile
Fabric + Color + Finish,Material Combination,"sky blue ribbed knit, distressed finish",sky blue ribbed knit fabric with visible vertical texture with a distressed finish with visible wear character,fabric material color finish textile
Fabric + Color + Finish,Material Combination,"sky blue ribbed knit, heathered finish",sky blue ribbed knit fabric with visible vertical texture with a heathered finish with mixed tonal fibers,fabric material color finish textile
Fabric + Color + Finish,Material Combination,"sky blue ribbed knit, marled finish",sky blue ribbed knit fabric with visible vertical texture with a marled finish with blended multitone yarn appearance,fabric material color finish textile
Fabric + Color + Finish,Material Combination,"sky blue ribbed knit, satin-sheen finish",sky blue ribbed knit fabric with visible vertical texture with a subtle satin-sheen finish with controlled luster,fabric material color finish textile
Fabric + Color + Finish,Material Combination,"red ribbed knit, matte finish",red ribbed knit fabric with visible vertical texture with a matte surface finish with minimal reflectivity,fabric material color finish textile
Fabric + Color + Finish,Material Combination,"red ribbed knit, glossy finish",red ribbed knit fabric with visible vertical texture with a glossy surface finish with stronger reflectivity,fabric material color finish textile
Fabric + Color + Finish,Material Combination,"red ribbed knit, brushed finish",red ribbed knit fabric with visible vertical texture with a brushed surface finish with softened diffused texture,fabric material color finish textile
Fabric + Color + Finish,Material Combination,"red ribbed knit, washed finish",red ribbed knit fabric with visible vertical texture with a washed finish with softened lived-in coloration,fabric material color finish textile
Fabric + Color + Finish,Material Combination,"red ribbed knit, distressed finish",red ribbed knit fabric with visible vertical texture with a distressed finish with visible wear character,fabric material color finish textile
Fabric + Color + Finish,Material Combination,"red ribbed knit, heathered finish",red ribbed knit fabric with visible vertical texture with a heathered finish with mixed tonal fibers,fabric material color finish textile
Fabric + Color + Finish,Material Combination,"red ribbed knit, marled finish",red ribbed knit fabric with visible vertical texture with a marled finish with blended multitone yarn appearance,fabric material color finish textile
Fabric + Color + Finish,Material Combination,"red ribbed knit, satin-sheen finish",red ribbed knit fabric with visible vertical texture with a subtle satin-sheen finish with controlled luster,fabric material color finish textile
Fabric + Color + Finish,Material Combination,"burgundy ribbed knit, matte finish",burgundy ribbed knit fabric with visible vertical texture with a matte surface finish with minimal reflectivity,fabric material color finish textile
Fabric + Color + Finish,Material Combination,"burgundy ribbed knit, glossy finish",burgundy ribbed knit fabric with visible vertical texture with a glossy surface finish with stronger reflectivity,fabric material color finish textile
Fabric + Color + Finish,Material Combination,"burgundy ribbed knit, brushed finish",burgundy ribbed knit fabric with visible vertical texture with a brushed surface finish with softened diffused texture,fabric material color finish textile
Fabric + Color + Finish,Material Combination,"burgundy ribbed knit, washed finish",burgundy ribbed knit fabric with visible vertical texture with a washed finish with softened lived-in coloration,fabric material color finish textile
Fabric + Color + Finish,Material Combination,"burgundy ribbed knit, distressed finish",burgundy ribbed knit fabric with visible vertical texture with a distressed finish with visible wear character,fabric material color finish textile
Fabric + Color + Finish,Material Combination,"burgundy ribbed knit, heathered finish",burgundy ribbed knit fabric with visible vertical texture with a heathered finish with mixed tonal fibers,fabric material color finish textile
Fabric + Color + Finish,Material Combination,"burgundy ribbed knit, marled finish",burgundy ribbed knit fabric with visible vertical texture with a marled finish with blended multitone yarn appearance,fabric material color finish textile
Fabric + Color + Finish,Material Combination,"burgundy ribbed knit, satin-sheen finish",burgundy ribbed knit fabric with visible vertical texture with a subtle satin-sheen finish with controlled luster,fabric material color finish textile
Fabric + Color + Finish,Material Combination,"pink ribbed knit, matte finish",pink ribbed knit fabric with visible vertical texture with a matte surface finish with minimal reflectivity,fabric material color finish textile
Fabric + Color + Finish,Material Combination,"pink ribbed knit, glossy finish",pink ribbed knit fabric with visible vertical texture with a glossy surface finish with stronger reflectivity,fabric material color finish textile
Fabric + Color + Finish,Material Combination,"pink ribbed knit, brushed finish",pink ribbed knit fabric with visible vertical texture with a brushed surface finish with softened diffused texture,fabric material color finish textile
Fabric + Color + Finish,Material Combination,"pink ribbed knit, washed finish",pink ribbed knit fabric with visible vertical texture with a washed finish with softened lived-in coloration,fabric material color finish textile
Fabric + Color + Finish,Material Combination,"pink ribbed knit, distressed finish",pink ribbed knit fabric with visible vertical texture with a distressed finish with visible wear character,fabric material color finish textile
Fabric + Color + Finish,Material Combination,"pink ribbed knit, heathered finish",pink ribbed knit fabric with visible vertical texture with a heathered finish with mixed tonal fibers,fabric material color finish textile
Fabric + Color + Finish,Material Combination,"pink ribbed knit, marled finish",pink ribbed knit fabric with visible vertical texture with a marled finish with blended multitone yarn appearance,fabric material color finish textile
Fabric + Color + Finish,Material Combination,"pink ribbed knit, satin-sheen finish",pink ribbed knit fabric with visible vertical texture with a subtle satin-sheen finish with controlled luster,fabric material color finish textile
Fabric + Color + Finish,Material Combination,"hot pink ribbed knit, matte finish",hot pink ribbed knit fabric with visible vertical texture with a matte surface finish with minimal reflectivity,fabric material color finish textile
Fabric + Color + Finish,Material Combination,"hot pink ribbed knit, glossy finish",hot pink ribbed knit fabric with visible vertical texture with a glossy surface finish with stronger reflectivity,fabric material color finish textile
Fabric + Color + Finish,Material Combination,"hot pink ribbed knit, brushed finish",hot pink ribbed knit fabric with visible vertical texture with a brushed surface finish with softened diffused texture,fabric material color finish textile
Fabric + Color + Finish,Material Combination,"hot pink ribbed knit, washed finish",hot pink ribbed knit fabric with visible vertical texture with a washed finish with softened lived-in coloration,fabric material color finish textile
Fabric + Color + Finish,Material Combination,"hot pink ribbed knit, distressed finish",hot pink ribbed knit fabric with visible vertical texture with a distressed finish with visible wear character,fabric material color finish textile
Fabric + Color + Finish,Material Combination,"hot pink ribbed knit, heathered finish",hot pink ribbed knit fabric with visible vertical texture with a heathered finish with mixed tonal fibers,fabric material color finish textile
Fabric + Color + Finish,Material Combination,"hot pink ribbed knit, marled finish",hot pink ribbed knit fabric with visible vertical texture with a marled finish with blended multitone yarn appearance,fabric material color finish textile
Fabric + Color + Finish,Material Combination,"hot pink ribbed knit, satin-sheen finish",hot pink ribbed knit fabric with visible vertical texture with a subtle satin-sheen finish with controlled luster,fabric material color finish textile
Fabric + Color + Finish,Material Combination,"orange ribbed knit, matte finish",orange ribbed knit fabric with visible vertical texture with a matte surface finish with minimal reflectivity,fabric material color finish textile
Fabric + Color + Finish,Material Combination,"orange ribbed knit, glossy finish",orange ribbed knit fabric with visible vertical texture with a glossy surface finish with stronger reflectivity,fabric material color finish textile
Fabric + Color + Finish,Material Combination,"orange ribbed knit, brushed finish",orange ribbed knit fabric with visible vertical texture with a brushed surface finish with softened diffused texture,fabric material color finish textile
Fabric + Color + Finish,Material Combination,"orange ribbed knit, washed finish",orange ribbed knit fabric with visible vertical texture with a washed finish with softened lived-in coloration,fabric material color finish textile
Fabric + Color + Finish,Material Combination,"orange ribbed knit, distressed finish",orange ribbed knit fabric with visible vertical texture with a distressed finish with visible wear character,fabric material color finish textile
Fabric + Color + Finish,Material Combination,"orange ribbed knit, heathered finish",orange ribbed knit fabric with visible vertical texture with a heathered finish with mixed tonal fibers,fabric material color finish textile
Fabric + Color + Finish,Material Combination,"orange ribbed knit, marled finish",orange ribbed knit fabric with visible vertical texture with a marled finish with blended multitone yarn appearance,fabric material color finish textile
Fabric + Color + Finish,Material Combination,"orange ribbed knit, satin-sheen finish",orange ribbed knit fabric with visible vertical texture with a subtle satin-sheen finish with controlled luster,fabric material color finish textile
Fabric + Color + Finish,Material Combination,"yellow ribbed knit, matte finish",yellow ribbed knit fabric with visible vertical texture with a matte surface finish with minimal reflectivity,fabric material color finish textile
Fabric + Color + Finish,Material Combination,"yellow ribbed knit, glossy finish",yellow ribbed knit fabric with visible vertical texture with a glossy surface finish with stronger reflectivity,fabric material color finish textile
Fabric + Color + Finish,Material Combination,"yellow ribbed knit, brushed finish",yellow ribbed knit fabric with visible vertical texture with a brushed surface finish with softened diffused texture,fabric material color finish textile
Fabric + Color + Finish,Material Combination,"yellow ribbed knit, washed finish",yellow ribbed knit fabric with visible vertical texture with a washed finish with softened lived-in coloration,fabric material color finish textile
Fabric + Color + Finish,Material Combination,"yellow ribbed knit, distressed finish",yellow ribbed knit fabric with visible vertical texture with a distressed finish with visible wear character,fabric material color finish textile
Fabric + Color + Finish,Material Combination,"yellow ribbed knit, heathered finish",yellow ribbed knit fabric with visible vertical texture with a heathered finish with mixed tonal fibers,fabric material color finish textile
Fabric + Color + Finish,Material Combination,"yellow ribbed knit, marled finish",yellow ribbed knit fabric with visible vertical texture with a marled finish with blended multitone yarn appearance,fabric material color finish textile
Fabric + Color + Finish,Material Combination,"yellow ribbed knit, satin-sheen finish",yellow ribbed knit fabric with visible vertical texture with a subtle satin-sheen finish with controlled luster,fabric material color finish textile
Fabric + Color + Finish,Material Combination,"olive green ribbed knit, matte finish",olive green ribbed knit fabric with visible vertical texture with a matte surface finish with minimal reflectivity,fabric material color finish textile
Fabric + Color + Finish,Material Combination,"olive green ribbed knit, glossy finish",olive green ribbed knit fabric with visible vertical texture with a glossy surface finish with stronger reflectivity,fabric material color finish textile
Fabric + Color + Finish,Material Combination,"olive green ribbed knit, brushed finish",olive green ribbed knit fabric with visible vertical texture with a brushed surface finish with softened diffused texture,fabric material color finish textile
Fabric + Color + Finish,Material Combination,"olive green ribbed knit, washed finish",olive green ribbed knit fabric with visible vertical texture with a washed finish with softened lived-in coloration,fabric material color finish textile
Fabric + Color + Finish,Material Combination,"olive green ribbed knit, distressed finish",olive green ribbed knit fabric with visible vertical texture with a distressed finish with visible wear character,fabric material color finish textile
Fabric + Color + Finish,Material Combination,"olive green ribbed knit, heathered finish",olive green ribbed knit fabric with visible vertical texture with a heathered finish with mixed tonal fibers,fabric material color finish textile
Fabric + Color + Finish,Material Combination,"olive green ribbed knit, marled finish",olive green ribbed knit fabric with visible vertical texture with a marled finish with blended multitone yarn appearance,fabric material color finish textile
Fabric + Color + Finish,Material Combination,"olive green ribbed knit, satin-sheen finish",olive green ribbed knit fabric with visible vertical texture with a subtle satin-sheen finish with controlled luster,fabric material color finish textile
Fabric + Color + Finish,Material Combination,"sage green ribbed knit, matte finish",sage green ribbed knit fabric with visible vertical texture with a matte surface finish with minimal reflectivity,fabric material color finish textile
Fabric + Color + Finish,Material Combination,"sage green ribbed knit, glossy finish",sage green ribbed knit fabric with visible vertical texture with a glossy surface finish with stronger reflectivity,fabric material color finish textile
Fabric + Color + Finish,Material Combination,"sage green ribbed knit, brushed finish",sage green ribbed knit fabric with visible vertical texture with a brushed surface finish with softened diffused texture,fabric material color finish textile
Fabric + Color + Finish,Material Combination,"sage green ribbed knit, washed finish",sage green ribbed knit fabric with visible vertical texture with a washed finish with softened lived-in coloration,fabric material color finish textile
Fabric + Color + Finish,Material Combination,"sage green ribbed knit, distressed finish",sage green ribbed knit fabric with visible vertical texture with a distressed finish with visible wear character,fabric material color finish textile
Fabric + Color + Finish,Material Combination,"sage green ribbed knit, heathered finish",sage green ribbed knit fabric with visible vertical texture with a heathered finish with mixed tonal fibers,fabric material color finish textile
Fabric + Color + Finish,Material Combination,"sage green ribbed knit, marled finish",sage green ribbed knit fabric with visible vertical texture with a marled finish with blended multitone yarn appearance,fabric material color finish textile
Fabric + Color + Finish,Material Combination,"sage green ribbed knit, satin-sheen finish",sage green ribbed knit fabric with visible vertical texture with a subtle satin-sheen finish with controlled luster,fabric material color finish textile
Fabric + Color + Finish,Material Combination,"emerald green ribbed knit, matte finish",emerald green ribbed knit fabric with visible vertical texture with a matte surface finish with minimal reflectivity,fabric material color finish textile
Fabric + Color + Finish,Material Combination,"emerald green ribbed knit, glossy finish",emerald green ribbed knit fabric with visible vertical texture with a glossy surface finish with stronger reflectivity,fabric material color finish textile
Fabric + Color + Finish,Material Combination,"emerald green ribbed knit, brushed finish",emerald green ribbed knit fabric with visible vertical texture with a brushed surface finish with softened diffused texture,fabric material color finish textile
Fabric + Color + Finish,Material Combination,"emerald green ribbed knit, washed finish",emerald green ribbed knit fabric with visible vertical texture with a washed finish with softened lived-in coloration,fabric material color finish textile
Fabric + Color + Finish,Material Combination,"emerald green ribbed knit, distressed finish",emerald green ribbed knit fabric with visible vertical texture with a distressed finish with visible wear character,fabric material color finish textile
Fabric + Color + Finish,Material Combination,"emerald green ribbed knit, heathered finish",emerald green ribbed knit fabric with visible vertical texture with a heathered finish with mixed tonal fibers,fabric material color finish textile
Fabric + Color + Finish,Material Combination,"emerald green ribbed knit, marled finish",emerald green ribbed knit fabric with visible vertical texture with a marled finish with blended multitone yarn appearance,fabric material color finish textile
Fabric + Color + Finish,Material Combination,"emerald green ribbed knit, satin-sheen finish",emerald green ribbed knit fabric with visible vertical texture with a subtle satin-sheen finish with controlled luster,fabric material color finish textile
Fabric + Color + Finish,Material Combination,"teal ribbed knit, matte finish",teal ribbed knit fabric with visible vertical texture with a matte surface finish with minimal reflectivity,fabric material color finish textile
Fabric + Color + Finish,Material Combination,"teal ribbed knit, glossy finish",teal ribbed knit fabric with visible vertical texture with a glossy surface finish with stronger reflectivity,fabric material color finish textile
Fabric + Color + Finish,Material Combination,"teal ribbed knit, brushed finish",teal ribbed knit fabric with visible vertical texture with a brushed surface finish with softened diffused texture,fabric material color finish textile
Fabric + Color + Finish,Material Combination,"teal ribbed knit, washed finish",teal ribbed knit fabric with visible vertical texture with a washed finish with softened lived-in coloration,fabric material color finish textile
Fabric + Color + Finish,Material Combination,"teal ribbed knit, distressed finish",teal ribbed knit fabric with visible vertical texture with a distressed finish with visible wear character,fabric material color finish textile
Fabric + Color + Finish,Material Combination,"teal ribbed knit, heathered finish",teal ribbed knit fabric with visible vertical texture with a heathered finish with mixed tonal fibers,fabric material color finish textile
Fabric + Color + Finish,Material Combination,"teal ribbed knit, marled finish",teal ribbed knit fabric with visible vertical texture with a marled finish with blended multitone yarn appearance,fabric material color finish textile
Fabric + Color + Finish,Material Combination,"teal ribbed knit, satin-sheen finish",teal ribbed knit fabric with visible vertical texture with a subtle satin-sheen finish with controlled luster,fabric material color finish textile
Fabric + Color + Finish,Material Combination,"purple ribbed knit, matte finish",purple ribbed knit fabric with visible vertical texture with a matte surface finish with minimal reflectivity,fabric material color finish textile
Fabric + Color + Finish,Material Combination,"purple ribbed knit, glossy finish",purple ribbed knit fabric with visible vertical texture with a glossy surface finish with stronger reflectivity,fabric material color finish textile
Fabric + Color + Finish,Material Combination,"purple ribbed knit, brushed finish",purple ribbed knit fabric with visible vertical texture with a brushed surface finish with softened diffused texture,fabric material color finish textile
Fabric + Color + Finish,Material Combination,"purple ribbed knit, washed finish",purple ribbed knit fabric with visible vertical texture with a washed finish with softened lived-in coloration,fabric material color finish textile
Fabric + Color + Finish,Material Combination,"purple ribbed knit, distressed finish",purple ribbed knit fabric with visible vertical texture with a distressed finish with visible wear character,fabric material color finish textile
Fabric + Color + Finish,Material Combination,"purple ribbed knit, heathered finish",purple ribbed knit fabric with visible vertical texture with a heathered finish with mixed tonal fibers,fabric material color finish textile
Fabric + Color + Finish,Material Combination,"purple ribbed knit, marled finish",purple ribbed knit fabric with visible vertical texture with a marled finish with blended multitone yarn appearance,fabric material color finish textile
Fabric + Color + Finish,Material Combination,"purple ribbed knit, satin-sheen finish",purple ribbed knit fabric with visible vertical texture with a subtle satin-sheen finish with controlled luster,fabric material color finish textile
Fabric + Color + Finish,Material Combination,"lavender ribbed knit, matte finish",lavender ribbed knit fabric with visible vertical texture with a matte surface finish with minimal reflectivity,fabric material color finish textile
Fabric + Color + Finish,Material Combination,"lavender ribbed knit, glossy finish",lavender ribbed knit fabric with visible vertical texture with a glossy surface finish with stronger reflectivity,fabric material color finish textile
Fabric + Color + Finish,Material Combination,"lavender ribbed knit, brushed finish",lavender ribbed knit fabric with visible vertical texture with a brushed surface finish with softened diffused texture,fabric material color finish textile
Fabric + Color + Finish,Material Combination,"lavender ribbed knit, washed finish",lavender ribbed knit fabric with visible vertical texture with a washed finish with softened lived-in coloration,fabric material color finish textile
Fabric + Color + Finish,Material Combination,"lavender ribbed knit, distressed finish",lavender ribbed knit fabric with visible vertical texture with a distressed finish with visible wear character,fabric material color finish textile
Fabric + Color + Finish,Material Combination,"lavender ribbed knit, heathered finish",lavender ribbed knit fabric with visible vertical texture with a heathered finish with mixed tonal fibers,fabric material color finish textile
Fabric + Color + Finish,Material Combination,"lavender ribbed knit, marled finish",lavender ribbed knit fabric with visible vertical texture with a marled finish with blended multitone yarn appearance,fabric material color finish textile
Fabric + Color + Finish,Material Combination,"lavender ribbed knit, satin-sheen finish",lavender ribbed knit fabric with visible vertical texture with a subtle satin-sheen finish with controlled luster,fabric material color finish textile
Fabric + Color + Finish,Material Combination,"brown ribbed knit, matte finish",brown ribbed knit fabric with visible vertical texture with a matte surface finish with minimal reflectivity,fabric material color finish textile
Fabric + Color + Finish,Material Combination,"brown ribbed knit, glossy finish",brown ribbed knit fabric with visible vertical texture with a glossy surface finish with stronger reflectivity,fabric material color finish textile
Fabric + Color + Finish,Material Combination,"brown ribbed knit, brushed finish",brown ribbed knit fabric with visible vertical texture with a brushed surface finish with softened diffused texture,fabric material color finish textile
Fabric + Color + Finish,Material Combination,"brown ribbed knit, washed finish",brown ribbed knit fabric with visible vertical texture with a washed finish with softened lived-in coloration,fabric material color finish textile
Fabric + Color + Finish,Material Combination,"brown ribbed knit, distressed finish",brown ribbed knit fabric with visible vertical texture with a distressed finish with visible wear character,fabric material color finish textile
Fabric + Color + Finish,Material Combination,"brown ribbed knit, heathered finish",brown ribbed knit fabric with visible vertical texture with a heathered finish with mixed tonal fibers,fabric material color finish textile
Fabric + Color + Finish,Material Combination,"brown ribbed knit, marled finish",brown ribbed knit fabric with visible vertical texture with a marled finish with blended multitone yarn appearance,fabric material color finish textile
Fabric + Color + Finish,Material Combination,"brown ribbed knit, satin-sheen finish",brown ribbed knit fabric with visible vertical texture with a subtle satin-sheen finish with controlled luster,fabric material color finish textile
Fabric + Color + Finish,Material Combination,"tan ribbed knit, matte finish",tan ribbed knit fabric with visible vertical texture with a matte surface finish with minimal reflectivity,fabric material color finish textile
Fabric + Color + Finish,Material Combination,"tan ribbed knit, glossy finish",tan ribbed knit fabric with visible vertical texture with a glossy surface finish with stronger reflectivity,fabric material color finish textile
Fabric + Color + Finish,Material Combination,"tan ribbed knit, brushed finish",tan ribbed knit fabric with visible vertical texture with a brushed surface finish with softened diffused texture,fabric material color finish textile
Fabric + Color + Finish,Material Combination,"tan ribbed knit, washed finish",tan ribbed knit fabric with visible vertical texture with a washed finish with softened lived-in coloration,fabric material color finish textile
Fabric + Color + Finish,Material Combination,"tan ribbed knit, distressed finish",tan ribbed knit fabric with visible vertical texture with a distressed finish with visible wear character,fabric material color finish textile
Fabric + Color + Finish,Material Combination,"tan ribbed knit, heathered finish",tan ribbed knit fabric with visible vertical texture with a heathered finish with mixed tonal fibers,fabric material color finish textile
Fabric + Color + Finish,Material Combination,"tan ribbed knit, marled finish",tan ribbed knit fabric with visible vertical texture with a marled finish with blended multitone yarn appearance,fabric material color finish textile
Fabric + Color + Finish,Material Combination,"tan ribbed knit, satin-sheen finish",tan ribbed knit fabric with visible vertical texture with a subtle satin-sheen finish with controlled luster,fabric material color finish textile
Fabric + Color + Finish,Material Combination,"silver ribbed knit, matte finish",silver ribbed knit fabric with visible vertical texture with a matte surface finish with minimal reflectivity,fabric material color finish textile
Fabric + Color + Finish,Material Combination,"silver ribbed knit, glossy finish",silver ribbed knit fabric with visible vertical texture with a glossy surface finish with stronger reflectivity,fabric material color finish textile
Fabric + Color + Finish,Material Combination,"silver ribbed knit, brushed finish",silver ribbed knit fabric with visible vertical texture with a brushed surface finish with softened diffused texture,fabric material color finish textile
Fabric + Color + Finish,Material Combination,"silver ribbed knit, washed finish",silver ribbed knit fabric with visible vertical texture with a washed finish with softened lived-in coloration,fabric material color finish textile
Fabric + Color + Finish,Material Combination,"silver ribbed knit, distressed finish",silver ribbed knit fabric with visible vertical texture with a distressed finish with visible wear character,fabric material color finish textile
Fabric + Color + Finish,Material Combination,"silver ribbed knit, heathered finish",silver ribbed knit fabric with visible vertical texture with a heathered finish with mixed tonal fibers,fabric material color finish textile
Fabric + Color + Finish,Material Combination,"silver ribbed knit, marled finish",silver ribbed knit fabric with visible vertical texture with a marled finish with blended multitone yarn appearance,fabric material color finish textile
Fabric + Color + Finish,Material Combination,"silver ribbed knit, satin-sheen finish",silver ribbed knit fabric with visible vertical texture with a subtle satin-sheen finish with controlled luster,fabric material color finish textile
Fabric + Color + Finish,Material Combination,"gold ribbed knit, matte finish",gold ribbed knit fabric with visible vertical texture with a matte surface finish with minimal reflectivity,fabric material color finish textile
Fabric + Color + Finish,Material Combination,"gold ribbed knit, glossy finish",gold ribbed knit fabric with visible vertical texture with a glossy surface finish with stronger reflectivity,fabric material color finish textile
Fabric + Color + Finish,Material Combination,"gold ribbed knit, brushed finish",gold ribbed knit fabric with visible vertical texture with a brushed surface finish with softened diffused texture,fabric material color finish textile
Fabric + Color + Finish,Material Combination,"gold ribbed knit, washed finish",gold ribbed knit fabric with visible vertical texture with a washed finish with softened lived-in coloration,fabric material color finish textile
Fabric + Color + Finish,Material Combination,"gold ribbed knit, distressed finish",gold ribbed knit fabric with visible vertical texture with a distressed finish with visible wear character,fabric material color finish textile
Fabric + Color + Finish,Material Combination,"gold ribbed knit, heathered finish",gold ribbed knit fabric with visible vertical texture with a heathered finish with mixed tonal fibers,fabric material color finish textile
Fabric + Color + Finish,Material Combination,"gold ribbed knit, marled finish",gold ribbed knit fabric with visible vertical texture with a marled finish with blended multitone yarn appearance,fabric material color finish textile
Fabric + Color + Finish,Material Combination,"gold ribbed knit, satin-sheen finish",gold ribbed knit fabric with visible vertical texture with a subtle satin-sheen finish with controlled luster,fabric material color finish textile
Fabric + Color + Finish,Material Combination,"white denim, matte finish",white denim fabric with visible twill structure with a matte surface finish with minimal reflectivity,fabric material color finish textile
Fabric + Color + Finish,Material Combination,"white denim, glossy finish",white denim fabric with visible twill structure with a glossy surface finish with stronger reflectivity,fabric material color finish textile
Fabric + Color + Finish,Material Combination,"white denim, brushed finish",white denim fabric with visible twill structure with a brushed surface finish with softened diffused texture,fabric material color finish textile
Fabric + Color + Finish,Material Combination,"white denim, washed finish",white denim fabric with visible twill structure with a washed finish with softened lived-in coloration,fabric material color finish textile
Fabric + Color + Finish,Material Combination,"white denim, distressed finish",white denim fabric with visible twill structure with a distressed finish with visible wear character,fabric material color finish textile
Fabric + Color + Finish,Material Combination,"white denim, heathered finish",white denim fabric with visible twill structure with a heathered finish with mixed tonal fibers,fabric material color finish textile
Fabric + Color + Finish,Material Combination,"white denim, marled finish",white denim fabric with visible twill structure with a marled finish with blended multitone yarn appearance,fabric material color finish textile
Fabric + Color + Finish,Material Combination,"white denim, satin-sheen finish",white denim fabric with visible twill structure with a subtle satin-sheen finish with controlled luster,fabric material color finish textile
Fabric + Color + Finish,Material Combination,"black denim, matte finish",black denim fabric with visible twill structure with a matte surface finish with minimal reflectivity,fabric material color finish textile
Fabric + Color + Finish,Material Combination,"black denim, glossy finish",black denim fabric with visible twill structure with a glossy surface finish with stronger reflectivity,fabric material color finish textile
Fabric + Color + Finish,Material Combination,"black denim, brushed finish",black denim fabric with visible twill structure with a brushed surface finish with softened diffused texture,fabric material color finish textile
Fabric + Color + Finish,Material Combination,"black denim, washed finish",black denim fabric with visible twill structure with a washed finish with softened lived-in coloration,fabric material color finish textile
Fabric + Color + Finish,Material Combination,"black denim, distressed finish",black denim fabric with visible twill structure with a distressed finish with visible wear character,fabric material color finish textile
Fabric + Color + Finish,Material Combination,"black denim, heathered finish",black denim fabric with visible twill structure with a heathered finish with mixed tonal fibers,fabric material color finish textile
Fabric + Color + Finish,Material Combination,"black denim, marled finish",black denim fabric with visible twill structure with a marled finish with blended multitone yarn appearance,fabric material color finish textile
Fabric + Color + Finish,Material Combination,"black denim, satin-sheen finish",black denim fabric with visible twill structure with a subtle satin-sheen finish with controlled luster,fabric material color finish textile
Fabric + Color + Finish,Material Combination,"cream denim, matte finish",cream denim fabric with visible twill structure with a matte surface finish with minimal reflectivity,fabric material color finish textile
Fabric + Color + Finish,Material Combination,"cream denim, glossy finish",cream denim fabric with visible twill structure with a glossy surface finish with stronger reflectivity,fabric material color finish textile
Fabric + Color + Finish,Material Combination,"cream denim, brushed finish",cream denim fabric with visible twill structure with a brushed surface finish with softened diffused texture,fabric material color finish textile
Fabric + Color + Finish,Material Combination,"cream denim, washed finish",cream denim fabric with visible twill structure with a washed finish with softened lived-in coloration,fabric material color finish textile
Fabric + Color + Finish,Material Combination,"cream denim, distressed finish",cream denim fabric with visible twill structure with a distressed finish with visible wear character,fabric material color finish textile
Fabric + Color + Finish,Material Combination,"cream denim, heathered finish",cream denim fabric with visible twill structure with a heathered finish with mixed tonal fibers,fabric material color finish textile
Fabric + Color + Finish,Material Combination,"cream denim, marled finish",cream denim fabric with visible twill structure with a marled finish with blended multitone yarn appearance,fabric material color finish textile
Fabric + Color + Finish,Material Combination,"cream denim, satin-sheen finish",cream denim fabric with visible twill structure with a subtle satin-sheen finish with controlled luster,fabric material color finish textile
Fabric + Color + Finish,Material Combination,"beige denim, matte finish",beige denim fabric with visible twill structure with a matte surface finish with minimal reflectivity,fabric material color finish textile
Fabric + Color + Finish,Material Combination,"beige denim, glossy finish",beige denim fabric with visible twill structure with a glossy surface finish with stronger reflectivity,fabric material color finish textile
Fabric + Color + Finish,Material Combination,"beige denim, brushed finish",beige denim fabric with visible twill structure with a brushed surface finish with softened diffused texture,fabric material color finish textile
Fabric + Color + Finish,Material Combination,"beige denim, washed finish",beige denim fabric with visible twill structure with a washed finish with softened lived-in coloration,fabric material color finish textile
Fabric + Color + Finish,Material Combination,"beige denim, distressed finish",beige denim fabric with visible twill structure with a distressed finish with visible wear character,fabric material color finish textile
Fabric + Color + Finish,Material Combination,"beige denim, heathered finish",beige denim fabric with visible twill structure with a heathered finish with mixed tonal fibers,fabric material color finish textile
Fabric + Color + Finish,Material Combination,"beige denim, marled finish",beige denim fabric with visible twill structure with a marled finish with blended multitone yarn appearance,fabric material color finish textile
Fabric + Color + Finish,Material Combination,"beige denim, satin-sheen finish",beige denim fabric with visible twill structure with a subtle satin-sheen finish with controlled luster,fabric material color finish textile
Fabric + Color + Finish,Material Combination,"camel denim, matte finish",camel denim fabric with visible twill structure with a matte surface finish with minimal reflectivity,fabric material color finish textile
Fabric + Color + Finish,Material Combination,"camel denim, glossy finish",camel denim fabric with visible twill structure with a glossy surface finish with stronger reflectivity,fabric material color finish textile
Fabric + Color + Finish,Material Combination,"camel denim, brushed finish",camel denim fabric with visible twill structure with a brushed surface finish with softened diffused texture,fabric material color finish textile
Fabric + Color + Finish,Material Combination,"camel denim, washed finish",camel denim fabric with visible twill structure with a washed finish with softened lived-in coloration,fabric material color finish textile
Fabric + Color + Finish,Material Combination,"camel denim, distressed finish",camel denim fabric with visible twill structure with a distressed finish with visible wear character,fabric material color finish textile
Fabric + Color + Finish,Material Combination,"camel denim, heathered finish",camel denim fabric with visible twill structure with a heathered finish with mixed tonal fibers,fabric material color finish textile
Fabric + Color + Finish,Material Combination,"camel denim, marled finish",camel denim fabric with visible twill structure with a marled finish with blended multitone yarn appearance,fabric material color finish textile
Fabric + Color + Finish,Material Combination,"camel denim, satin-sheen finish",camel denim fabric with visible twill structure with a subtle satin-sheen finish with controlled luster,fabric material color finish textile
Fabric + Color + Finish,Material Combination,"gray denim, matte finish",gray denim fabric with visible twill structure with a matte surface finish with minimal reflectivity,fabric material color finish textile
Fabric + Color + Finish,Material Combination,"gray denim, glossy finish",gray denim fabric with visible twill structure with a glossy surface finish with stronger reflectivity,fabric material color finish textile
Fabric + Color + Finish,Material Combination,"gray denim, brushed finish",gray denim fabric with visible twill structure with a brushed surface finish with softened diffused texture,fabric material color finish textile
Fabric + Color + Finish,Material Combination,"gray denim, washed finish",gray denim fabric with visible twill structure with a washed finish with softened lived-in coloration,fabric material color finish textile
Fabric + Color + Finish,Material Combination,"gray denim, distressed finish",gray denim fabric with visible twill structure with a distressed finish with visible wear character,fabric material color finish textile
Fabric + Color + Finish,Material Combination,"gray denim, heathered finish",gray denim fabric with visible twill structure with a heathered finish with mixed tonal fibers,fabric material color finish textile
Fabric + Color + Finish,Material Combination,"gray denim, marled finish",gray denim fabric with visible twill structure with a marled finish with blended multitone yarn appearance,fabric material color finish textile
Fabric + Color + Finish,Material Combination,"gray denim, satin-sheen finish",gray denim fabric with visible twill structure with a subtle satin-sheen finish with controlled luster,fabric material color finish textile
Fabric + Color + Finish,Material Combination,"charcoal denim, matte finish",charcoal denim fabric with visible twill structure with a matte surface finish with minimal reflectivity,fabric material color finish textile
Fabric + Color + Finish,Material Combination,"charcoal denim, glossy finish",charcoal denim fabric with visible twill structure with a glossy surface finish with stronger reflectivity,fabric material color finish textile
Fabric + Color + Finish,Material Combination,"charcoal denim, brushed finish",charcoal denim fabric with visible twill structure with a brushed surface finish with softened diffused texture,fabric material color finish textile
Fabric + Color + Finish,Material Combination,"charcoal denim, washed finish",charcoal denim fabric with visible twill structure with a washed finish with softened lived-in coloration,fabric material color finish textile
Fabric + Color + Finish,Material Combination,"charcoal denim, distressed finish",charcoal denim fabric with visible twill structure with a distressed finish with visible wear character,fabric material color finish textile
Fabric + Color + Finish,Material Combination,"charcoal denim, heathered finish",charcoal denim fabric with visible twill structure with a heathered finish with mixed tonal fibers,fabric material color finish textile
Fabric + Color + Finish,Material Combination,"charcoal denim, marled finish",charcoal denim fabric with visible twill structure with a marled finish with blended multitone yarn appearance,fabric material color finish textile
Fabric + Color + Finish,Material Combination,"charcoal denim, satin-sheen finish",charcoal denim fabric with visible twill structure with a subtle satin-sheen finish with controlled luster,fabric material color finish textile
Fabric + Color + Finish,Material Combination,"navy denim, matte finish",navy denim fabric with visible twill structure with a matte surface finish with minimal reflectivity,fabric material color finish textile
Fabric + Color + Finish,Material Combination,"navy denim, glossy finish",navy denim fabric with visible twill structure with a glossy surface finish with stronger reflectivity,fabric material color finish textile
Fabric + Color + Finish,Material Combination,"navy denim, brushed finish",navy denim fabric with visible twill structure with a brushed surface finish with softened diffused texture,fabric material color finish textile
Fabric + Color + Finish,Material Combination,"navy denim, washed finish",navy denim fabric with visible twill structure with a washed finish with softened lived-in coloration,fabric material color finish textile
Fabric + Color + Finish,Material Combination,"navy denim, distressed finish",navy denim fabric with visible twill structure with a distressed finish with visible wear character,fabric material color finish textile
Fabric + Color + Finish,Material Combination,"navy denim, heathered finish",navy denim fabric with visible twill structure with a heathered finish with mixed tonal fibers,fabric material color finish textile
Fabric + Color + Finish,Material Combination,"navy denim, marled finish",navy denim fabric with visible twill structure with a marled finish with blended multitone yarn appearance,fabric material color finish textile
Fabric + Color + Finish,Material Combination,"navy denim, satin-sheen finish",navy denim fabric with visible twill structure with a subtle satin-sheen finish with controlled luster,fabric material color finish textile
Fabric + Color + Finish,Material Combination,"royal blue denim, matte finish",royal blue denim fabric with visible twill structure with a matte surface finish with minimal reflectivity,fabric material color finish textile
Fabric + Color + Finish,Material Combination,"royal blue denim, glossy finish",royal blue denim fabric with visible twill structure with a glossy surface finish with stronger reflectivity,fabric material color finish textile
Fabric + Color + Finish,Material Combination,"royal blue denim, brushed finish",royal blue denim fabric with visible twill structure with a brushed surface finish with softened diffused texture,fabric material color finish textile
Fabric + Color + Finish,Material Combination,"royal blue denim, washed finish",royal blue denim fabric with visible twill structure with a washed finish with softened lived-in coloration,fabric material color finish textile
Fabric + Color + Finish,Material Combination,"royal blue denim, distressed finish",royal blue denim fabric with visible twill structure with a distressed finish with visible wear character,fabric material color finish textile
Fabric + Color + Finish,Material Combination,"royal blue denim, heathered finish",royal blue denim fabric with visible twill structure with a heathered finish with mixed tonal fibers,fabric material color finish textile
Fabric + Color + Finish,Material Combination,"royal blue denim, marled finish",royal blue denim fabric with visible twill structure with a marled finish with blended multitone yarn appearance,fabric material color finish textile
Fabric + Color + Finish,Material Combination,"royal blue denim, satin-sheen finish",royal blue denim fabric with visible twill structure with a subtle satin-sheen finish with controlled luster,fabric material color finish textile
Fabric + Color + Finish,Material Combination,"sky blue denim, matte finish",sky blue denim fabric with visible twill structure with a matte surface finish with minimal reflectivity,fabric material color finish textile
Fabric + Color + Finish,Material Combination,"sky blue denim, glossy finish",sky blue denim fabric with visible twill structure with a glossy surface finish with stronger reflectivity,fabric material color finish textile
Fabric + Color + Finish,Material Combination,"sky blue denim, brushed finish",sky blue denim fabric with visible twill structure with a brushed surface finish with softened diffused texture,fabric material color finish textile
Fabric + Color + Finish,Material Combination,"sky blue denim, washed finish",sky blue denim fabric with visible twill structure with a washed finish with softened lived-in coloration,fabric material color finish textile
Fabric + Color + Finish,Material Combination,"sky blue denim, distressed finish",sky blue denim fabric with visible twill structure with a distressed finish with visible wear character,fabric material color finish textile
Fabric + Color + Finish,Material Combination,"sky blue denim, heathered finish",sky blue denim fabric with visible twill structure with a heathered finish with mixed tonal fibers,fabric material color finish textile
Fabric + Color + Finish,Material Combination,"sky blue denim, marled finish",sky blue denim fabric with visible twill structure with a marled finish with blended multitone yarn appearance,fabric material color finish textile
Fabric + Color + Finish,Material Combination,"sky blue denim, satin-sheen finish",sky blue denim fabric with visible twill structure with a subtle satin-sheen finish with controlled luster,fabric material color finish textile
Fabric + Color + Finish,Material Combination,"red denim, matte finish",red denim fabric with visible twill structure with a matte surface finish with minimal reflectivity,fabric material color finish textile
Fabric + Color + Finish,Material Combination,"red denim, glossy finish",red denim fabric with visible twill structure with a glossy surface finish with stronger reflectivity,fabric material color finish textile
Fabric + Color + Finish,Material Combination,"red denim, brushed finish",red denim fabric with visible twill structure with a brushed surface finish with softened diffused texture,fabric material color finish textile
Fabric + Color + Finish,Material Combination,"red denim, washed finish",red denim fabric with visible twill structure with a washed finish with softened lived-in coloration,fabric material color finish textile
Fabric + Color + Finish,Material Combination,"red denim, distressed finish",red denim fabric with visible twill structure with a distressed finish with visible wear character,fabric material color finish textile
Fabric + Color + Finish,Material Combination,"red denim, heathered finish",red denim fabric with visible twill structure with a heathered finish with mixed tonal fibers,fabric material color finish textile
Fabric + Color + Finish,Material Combination,"red denim, marled finish",red denim fabric with visible twill structure with a marled finish with blended multitone yarn appearance,fabric material color finish textile
Fabric + Color + Finish,Material Combination,"red denim, satin-sheen finish",red denim fabric with visible twill structure with a subtle satin-sheen finish with controlled luster,fabric material color finish textile
Fabric + Color + Finish,Material Combination,"burgundy denim, matte finish",burgundy denim fabric with visible twill structure with a matte surface finish with minimal reflectivity,fabric material color finish textile
Fabric + Color + Finish,Material Combination,"burgundy denim, glossy finish",burgundy denim fabric with visible twill structure with a glossy surface finish with stronger reflectivity,fabric material color finish textile
Fabric + Color + Finish,Material Combination,"burgundy denim, brushed finish",burgundy denim fabric with visible twill structure with a brushed surface finish with softened diffused texture,fabric material color finish textile
Fabric + Color + Finish,Material Combination,"burgundy denim, washed finish",burgundy denim fabric with visible twill structure with a washed finish with softened lived-in coloration,fabric material color finish textile
Fabric + Color + Finish,Material Combination,"burgundy denim, distressed finish",burgundy denim fabric with visible twill structure with a distressed finish with visible wear character,fabric material color finish textile
Fabric + Color + Finish,Material Combination,"burgundy denim, heathered finish",burgundy denim fabric with visible twill structure with a heathered finish with mixed tonal fibers,fabric material color finish textile
Fabric + Color + Finish,Material Combination,"burgundy denim, marled finish",burgundy denim fabric with visible twill structure with a marled finish with blended multitone yarn appearance,fabric material color finish textile
Fabric + Color + Finish,Material Combination,"burgundy denim, satin-sheen finish",burgundy denim fabric with visible twill structure with a subtle satin-sheen finish with controlled luster,fabric material color finish textile
Fabric + Color + Finish,Material Combination,"pink denim, matte finish",pink denim fabric with visible twill structure with a matte surface finish with minimal reflectivity,fabric material color finish textile
Fabric + Color + Finish,Material Combination,"pink denim, glossy finish",pink denim fabric with visible twill structure with a glossy surface finish with stronger reflectivity,fabric material color finish textile
Fabric + Color + Finish,Material Combination,"pink denim, brushed finish",pink denim fabric with visible twill structure with a brushed surface finish with softened diffused texture,fabric material color finish textile
Fabric + Color + Finish,Material Combination,"pink denim, washed finish",pink denim fabric with visible twill structure with a washed finish with softened lived-in coloration,fabric material color finish textile
Fabric + Color + Finish,Material Combination,"pink denim, distressed finish",pink denim fabric with visible twill structure with a distressed finish with visible wear character,fabric material color finish textile
Fabric + Color + Finish,Material Combination,"pink denim, heathered finish",pink denim fabric with visible twill structure with a heathered finish with mixed tonal fibers,fabric material color finish textile
Fabric + Color + Finish,Material Combination,"pink denim, marled finish",pink denim fabric with visible twill structure with a marled finish with blended multitone yarn appearance,fabric material color finish textile
Fabric + Color + Finish,Material Combination,"pink denim, satin-sheen finish",pink denim fabric with visible twill structure with a subtle satin-sheen finish with controlled luster,fabric material color finish textile
Fabric + Color + Finish,Material Combination,"hot pink denim, matte finish",hot pink denim fabric with visible twill structure with a matte surface finish with minimal reflectivity,fabric material color finish textile
Fabric + Color + Finish,Material Combination,"hot pink denim, glossy finish",hot pink denim fabric with visible twill structure with a glossy surface finish with stronger reflectivity,fabric material color finish textile
Fabric + Color + Finish,Material Combination,"hot pink denim, brushed finish",hot pink denim fabric with visible twill structure with a brushed surface finish with softened diffused texture,fabric material color finish textile
Fabric + Color + Finish,Material Combination,"hot pink denim, washed finish",hot pink denim fabric with visible twill structure with a washed finish with softened lived-in coloration,fabric material color finish textile
Fabric + Color + Finish,Material Combination,"hot pink denim, distressed finish",hot pink denim fabric with visible twill structure with a distressed finish with visible wear character,fabric material color finish textile
Fabric + Color + Finish,Material Combination,"hot pink denim, heathered finish",hot pink denim fabric with visible twill structure with a heathered finish with mixed tonal fibers,fabric material color finish textile
Fabric + Color + Finish,Material Combination,"hot pink denim, marled finish",hot pink denim fabric with visible twill structure with a marled finish with blended multitone yarn appearance,fabric material color finish textile
Fabric + Color + Finish,Material Combination,"hot pink denim, satin-sheen finish",hot pink denim fabric with visible twill structure with a subtle satin-sheen finish with controlled luster,fabric material color finish textile
Fabric + Color + Finish,Material Combination,"orange denim, matte finish",orange denim fabric with visible twill structure with a matte surface finish with minimal reflectivity,fabric material color finish textile
Fabric + Color + Finish,Material Combination,"orange denim, glossy finish",orange denim fabric with visible twill structure with a glossy surface finish with stronger reflectivity,fabric material color finish textile
Fabric + Color + Finish,Material Combination,"orange denim, brushed finish",orange denim fabric with visible twill structure with a brushed surface finish with softened diffused texture,fabric material color finish textile
Fabric + Color + Finish,Material Combination,"orange denim, washed finish",orange denim fabric with visible twill structure with a washed finish with softened lived-in coloration,fabric material color finish textile
Fabric + Color + Finish,Material Combination,"orange denim, distressed finish",orange denim fabric with visible twill structure with a distressed finish with visible wear character,fabric material color finish textile
Fabric + Color + Finish,Material Combination,"orange denim, heathered finish",orange denim fabric with visible twill structure with a heathered finish with mixed tonal fibers,fabric material color finish textile
Fabric + Color + Finish,Material Combination,"orange denim, marled finish",orange denim fabric with visible twill structure with a marled finish with blended multitone yarn appearance,fabric material color finish textile
Fabric + Color + Finish,Material Combination,"orange denim, satin-sheen finish",orange denim fabric with visible twill structure with a subtle satin-sheen finish with controlled luster,fabric material color finish textile
Fabric + Color + Finish,Material Combination,"yellow denim, matte finish",yellow denim fabric with visible twill structure with a matte surface finish with minimal reflectivity,fabric material color finish textile
Fabric + Color + Finish,Material Combination,"yellow denim, glossy finish",yellow denim fabric with visible twill structure with a glossy surface finish with stronger reflectivity,fabric material color finish textile
Fabric + Color + Finish,Material Combination,"yellow denim, brushed finish",yellow denim fabric with visible twill structure with a brushed surface finish with softened diffused texture,fabric material color finish textile
Fabric + Color + Finish,Material Combination,"yellow denim, washed finish",yellow denim fabric with visible twill structure with a washed finish with softened lived-in coloration,fabric material color finish textile
Fabric + Color + Finish,Material Combination,"yellow denim, distressed finish",yellow denim fabric with visible twill structure with a distressed finish with visible wear character,fabric material color finish textile
Fabric + Color + Finish,Material Combination,"yellow denim, heathered finish",yellow denim fabric with visible twill structure with a heathered finish with mixed tonal fibers,fabric material color finish textile
Fabric + Color + Finish,Material Combination,"yellow denim, marled finish",yellow denim fabric with visible twill structure with a marled finish with blended multitone yarn appearance,fabric material color finish textile
Fabric + Color + Finish,Material Combination,"yellow denim, satin-sheen finish",yellow denim fabric with visible twill structure with a subtle satin-sheen finish with controlled luster,fabric material color finish textile
Fabric + Color + Finish,Material Combination,"olive green denim, matte finish",olive green denim fabric with visible twill structure with a matte surface finish with minimal reflectivity,fabric material color finish textile
Fabric + Color + Finish,Material Combination,"olive green denim, glossy finish",olive green denim fabric with visible twill structure with a glossy surface finish with stronger reflectivity,fabric material color finish textile
Fabric + Color + Finish,Material Combination,"olive green denim, brushed finish",olive green denim fabric with visible twill structure with a brushed surface finish with softened diffused texture,fabric material color finish textile
Fabric + Color + Finish,Material Combination,"olive green denim, washed finish",olive green denim fabric with visible twill structure with a washed finish with softened lived-in coloration,fabric material color finish textile
Fabric + Color + Finish,Material Combination,"olive green denim, distressed finish",olive green denim fabric with visible twill structure with a distressed finish with visible wear character,fabric material color finish textile
Fabric + Color + Finish,Material Combination,"olive green denim, heathered finish",olive green denim fabric with visible twill structure with a heathered finish with mixed tonal fibers,fabric material color finish textile
Fabric + Color + Finish,Material Combination,"olive green denim, marled finish",olive green denim fabric with visible twill structure with a marled finish with blended multitone yarn appearance,fabric material color finish textile
Fabric + Color + Finish,Material Combination,"olive green denim, satin-sheen finish",olive green denim fabric with visible twill structure with a subtle satin-sheen finish with controlled luster,fabric material color finish textile
Fabric + Color + Finish,Material Combination,"sage green denim, matte finish",sage green denim fabric with visible twill structure with a matte surface finish with minimal reflectivity,fabric material color finish textile
Fabric + Color + Finish,Material Combination,"sage green denim, glossy finish",sage green denim fabric with visible twill structure with a glossy surface finish with stronger reflectivity,fabric material color finish textile
Fabric + Color + Finish,Material Combination,"sage green denim, brushed finish",sage green denim fabric with visible twill structure with a brushed surface finish with softened diffused texture,fabric material color finish textile
Fabric + Color + Finish,Material Combination,"sage green denim, washed finish",sage green denim fabric with visible twill structure with a washed finish with softened lived-in coloration,fabric material color finish textile
Fabric + Color + Finish,Material Combination,"sage green denim, distressed finish",sage green denim fabric with visible twill structure with a distressed finish with visible wear character,fabric material color finish textile
Fabric + Color + Finish,Material Combination,"sage green denim, heathered finish",sage green denim fabric with visible twill structure with a heathered finish with mixed tonal fibers,fabric material color finish textile
Fabric + Color + Finish,Material Combination,"sage green denim, marled finish",sage green denim fabric with visible twill structure with a marled finish with blended multitone yarn appearance,fabric material color finish textile
Fabric + Color + Finish,Material Combination,"sage green denim, satin-sheen finish",sage green denim fabric with visible twill structure with a subtle satin-sheen finish with controlled luster,fabric material color finish textile
Fabric + Color + Finish,Material Combination,"emerald green denim, matte finish",emerald green denim fabric with visible twill structure with a matte surface finish with minimal reflectivity,fabric material color finish textile
Fabric + Color + Finish,Material Combination,"emerald green denim, glossy finish",emerald green denim fabric with visible twill structure with a glossy surface finish with stronger reflectivity,fabric material color finish textile
Fabric + Color + Finish,Material Combination,"emerald green denim, brushed finish",emerald green denim fabric with visible twill structure with a brushed surface finish with softened diffused texture,fabric material color finish textile
Fabric + Color + Finish,Material Combination,"emerald green denim, washed finish",emerald green denim fabric with visible twill structure with a washed finish with softened lived-in coloration,fabric material color finish textile
Fabric + Color + Finish,Material Combination,"emerald green denim, distressed finish",emerald green denim fabric with visible twill structure with a distressed finish with visible wear character,fabric material color finish textile
Fabric + Color + Finish,Material Combination,"emerald green denim, heathered finish",emerald green denim fabric with visible twill structure with a heathered finish with mixed tonal fibers,fabric material color finish textile
Fabric + Color + Finish,Material Combination,"emerald green denim, marled finish",emerald green denim fabric with visible twill structure with a marled finish with blended multitone yarn appearance,fabric material color finish textile
Fabric + Color + Finish,Material Combination,"emerald green denim, satin-sheen finish",emerald green denim fabric with visible twill structure with a subtle satin-sheen finish with controlled luster,fabric material color finish textile
Fabric + Color + Finish,Material Combination,"teal denim, matte finish",teal denim fabric with visible twill structure with a matte surface finish with minimal reflectivity,fabric material color finish textile
Fabric + Color + Finish,Material Combination,"teal denim, glossy finish",teal denim fabric with visible twill structure with a glossy surface finish with stronger reflectivity,fabric material color finish textile
Fabric + Color + Finish,Material Combination,"teal denim, brushed finish",teal denim fabric with visible twill structure with a brushed surface finish with softened diffused texture,fabric material color finish textile
Fabric + Color + Finish,Material Combination,"teal denim, washed finish",teal denim fabric with visible twill structure with a washed finish with softened lived-in coloration,fabric material color finish textile
Fabric + Color + Finish,Material Combination,"teal denim, distressed finish",teal denim fabric with visible twill structure with a distressed finish with visible wear character,fabric material color finish textile
Fabric + Color + Finish,Material Combination,"teal denim, heathered finish",teal denim fabric with visible twill structure with a heathered finish with mixed tonal fibers,fabric material color finish textile
Fabric + Color + Finish,Material Combination,"teal denim, marled finish",teal denim fabric with visible twill structure with a marled finish with blended multitone yarn appearance,fabric material color finish textile
Fabric + Color + Finish,Material Combination,"teal denim, satin-sheen finish",teal denim fabric with visible twill structure with a subtle satin-sheen finish with controlled luster,fabric material color finish textile
Fabric + Color + Finish,Material Combination,"purple denim, matte finish",purple denim fabric with visible twill structure with a matte surface finish with minimal reflectivity,fabric material color finish textile
Fabric + Color + Finish,Material Combination,"purple denim, glossy finish",purple denim fabric with visible twill structure with a glossy surface finish with stronger reflectivity,fabric material color finish textile
Fabric + Color + Finish,Material Combination,"purple denim, brushed finish",purple denim fabric with visible twill structure with a brushed surface finish with softened diffused texture,fabric material color finish textile
Fabric + Color + Finish,Material Combination,"purple denim, washed finish",purple denim fabric with visible twill structure with a washed finish with softened lived-in coloration,fabric material color finish textile
Fabric + Color + Finish,Material Combination,"purple denim, distressed finish",purple denim fabric with visible twill structure with a distressed finish with visible wear character,fabric material color finish textile
Fabric + Color + Finish,Material Combination,"purple denim, heathered finish",purple denim fabric with visible twill structure with a heathered finish with mixed tonal fibers,fabric material color finish textile
Fabric + Color + Finish,Material Combination,"purple denim, marled finish",purple denim fabric with visible twill structure with a marled finish with blended multitone yarn appearance,fabric material color finish textile
Fabric + Color + Finish,Material Combination,"purple denim, satin-sheen finish",purple denim fabric with visible twill structure with a subtle satin-sheen finish with controlled luster,fabric material color finish textile
Fabric + Color + Finish,Material Combination,"lavender denim, matte finish",lavender denim fabric with visible twill structure with a matte surface finish with minimal reflectivity,fabric material color finish textile
Fabric + Color + Finish,Material Combination,"lavender denim, glossy finish",lavender denim fabric with visible twill structure with a glossy surface finish with stronger reflectivity,fabric material color finish textile
Fabric + Color + Finish,Material Combination,"lavender denim, brushed finish",lavender denim fabric with visible twill structure with a brushed surface finish with softened diffused texture,fabric material color finish textile
Fabric + Color + Finish,Material Combination,"lavender denim, washed finish",lavender denim fabric with visible twill structure with a washed finish with softened lived-in coloration,fabric material color finish textile
Fabric + Color + Finish,Material Combination,"lavender denim, distressed finish",lavender denim fabric with visible twill structure with a distressed finish with visible wear character,fabric material color finish textile
Fabric + Color + Finish,Material Combination,"lavender denim, heathered finish",lavender denim fabric with visible twill structure with a heathered finish with mixed tonal fibers,fabric material color finish textile
Fabric + Color + Finish,Material Combination,"lavender denim, marled finish",lavender denim fabric with visible twill structure with a marled finish with blended multitone yarn appearance,fabric material color finish textile
Fabric + Color + Finish,Material Combination,"lavender denim, satin-sheen finish",lavender denim fabric with visible twill structure with a subtle satin-sheen finish with controlled luster,fabric material color finish textile
Fabric + Color + Finish,Material Combination,"brown denim, matte finish",brown denim fabric with visible twill structure with a matte surface finish with minimal reflectivity,fabric material color finish textile
Fabric + Color + Finish,Material Combination,"brown denim, glossy finish",brown denim fabric with visible twill structure with a glossy surface finish with stronger reflectivity,fabric material color finish textile
Fabric + Color + Finish,Material Combination,"brown denim, brushed finish",brown denim fabric with visible twill structure with a brushed surface finish with softened diffused texture,fabric material color finish textile
Fabric + Color + Finish,Material Combination,"brown denim, washed finish",brown denim fabric with visible twill structure with a washed finish with softened lived-in coloration,fabric material color finish textile
Fabric + Color + Finish,Material Combination,"brown denim, distressed finish",brown denim fabric with visible twill structure with a distressed finish with visible wear character,fabric material color finish textile
Fabric + Color + Finish,Material Combination,"brown denim, heathered finish",brown denim fabric with visible twill structure with a heathered finish with mixed tonal fibers,fabric material color finish textile
Fabric + Color + Finish,Material Combination,"brown denim, marled finish",brown denim fabric with visible twill structure with a marled finish with blended multitone yarn appearance,fabric material color finish textile
Fabric + Color + Finish,Material Combination,"brown denim, satin-sheen finish",brown denim fabric with visible twill structure with a subtle satin-sheen finish with controlled luster,fabric material color finish textile
Fabric + Color + Finish,Material Combination,"tan denim, matte finish",tan denim fabric with visible twill structure with a matte surface finish with minimal reflectivity,fabric material color finish textile
Fabric + Color + Finish,Material Combination,"tan denim, glossy finish",tan denim fabric with visible twill structure with a glossy surface finish with stronger reflectivity,fabric material color finish textile
Fabric + Color + Finish,Material Combination,"tan denim, brushed finish",tan denim fabric with visible twill structure with a brushed surface finish with softened diffused texture,fabric material color finish textile
Fabric + Color + Finish,Material Combination,"tan denim, washed finish",tan denim fabric with visible twill structure with a washed finish with softened lived-in coloration,fabric material color finish textile
Fabric + Color + Finish,Material Combination,"tan denim, distressed finish",tan denim fabric with visible twill structure with a distressed finish with visible wear character,fabric material color finish textile
Fabric + Color + Finish,Material Combination,"tan denim, heathered finish",tan denim fabric with visible twill structure with a heathered finish with mixed tonal fibers,fabric material color finish textile
Fabric + Color + Finish,Material Combination,"tan denim, marled finish",tan denim fabric with visible twill structure with a marled finish with blended multitone yarn appearance,fabric material color finish textile
Fabric + Color + Finish,Material Combination,"tan denim, satin-sheen finish",tan denim fabric with visible twill structure with a subtle satin-sheen finish with controlled luster,fabric material color finish textile
Fabric + Color + Finish,Material Combination,"silver denim, matte finish",silver denim fabric with visible twill structure with a matte surface finish with minimal reflectivity,fabric material color finish textile
Fabric + Color + Finish,Material Combination,"silver denim, glossy finish",silver denim fabric with visible twill structure with a glossy surface finish with stronger reflectivity,fabric material color finish textile
Fabric + Color + Finish,Material Combination,"silver denim, brushed finish",silver denim fabric with visible twill structure with a brushed surface finish with softened diffused texture,fabric material color finish textile
Fabric + Color + Finish,Material Combination,"silver denim, washed finish",silver denim fabric with visible twill structure with a washed finish with softened lived-in coloration,fabric material color finish textile
Fabric + Color + Finish,Material Combination,"silver denim, distressed finish",silver denim fabric with visible twill structure with a distressed finish with visible wear character,fabric material color finish textile
Fabric + Color + Finish,Material Combination,"silver denim, heathered finish",silver denim fabric with visible twill structure with a heathered finish with mixed tonal fibers,fabric material color finish textile
Fabric + Color + Finish,Material Combination,"silver denim, marled finish",silver denim fabric with visible twill structure with a marled finish with blended multitone yarn appearance,fabric material color finish textile
Fabric + Color + Finish,Material Combination,"silver denim, satin-sheen finish",silver denim fabric with visible twill structure with a subtle satin-sheen finish with controlled luster,fabric material color finish textile
Fabric + Color + Finish,Material Combination,"gold denim, matte finish",gold denim fabric with visible twill structure with a matte surface finish with minimal reflectivity,fabric material color finish textile
Fabric + Color + Finish,Material Combination,"gold denim, glossy finish",gold denim fabric with visible twill structure with a glossy surface finish with stronger reflectivity,fabric material color finish textile
Fabric + Color + Finish,Material Combination,"gold denim, brushed finish",gold denim fabric with visible twill structure with a brushed surface finish with softened diffused texture,fabric material color finish textile
Fabric + Color + Finish,Material Combination,"gold denim, washed finish",gold denim fabric with visible twill structure with a washed finish with softened lived-in coloration,fabric material color finish textile
Fabric + Color + Finish,Material Combination,"gold denim, distressed finish",gold denim fabric with visible twill structure with a distressed finish with visible wear character,fabric material color finish textile
Fabric + Color + Finish,Material Combination,"gold denim, heathered finish",gold denim fabric with visible twill structure with a heathered finish with mixed tonal fibers,fabric material color finish textile
Fabric + Color + Finish,Material Combination,"gold denim, marled finish",gold denim fabric with visible twill structure with a marled finish with blended multitone yarn appearance,fabric material color finish textile
Fabric + Color + Finish,Material Combination,"gold denim, satin-sheen finish",gold denim fabric with visible twill structure with a subtle satin-sheen finish with controlled luster,fabric material color finish textile
Fabric + Color + Finish,Material Combination,"white nylon, matte finish",white lightweight nylon fabric with crisp synthetic texture with a matte surface finish with minimal reflectivity,fabric material color finish textile
Fabric + Color + Finish,Material Combination,"white nylon, glossy finish",white lightweight nylon fabric with crisp synthetic texture with a glossy surface finish with stronger reflectivity,fabric material color finish textile
Fabric + Color + Finish,Material Combination,"white nylon, brushed finish",white lightweight nylon fabric with crisp synthetic texture with a brushed surface finish with softened diffused texture,fabric material color finish textile
Fabric + Color + Finish,Material Combination,"white nylon, washed finish",white lightweight nylon fabric with crisp synthetic texture with a washed finish with softened lived-in coloration,fabric material color finish textile
Fabric + Color + Finish,Material Combination,"white nylon, distressed finish",white lightweight nylon fabric with crisp synthetic texture with a distressed finish with visible wear character,fabric material color finish textile
Fabric + Color + Finish,Material Combination,"white nylon, heathered finish",white lightweight nylon fabric with crisp synthetic texture with a heathered finish with mixed tonal fibers,fabric material color finish textile
Fabric + Color + Finish,Material Combination,"white nylon, marled finish",white lightweight nylon fabric with crisp synthetic texture with a marled finish with blended multitone yarn appearance,fabric material color finish textile
Fabric + Color + Finish,Material Combination,"white nylon, satin-sheen finish",white lightweight nylon fabric with crisp synthetic texture with a subtle satin-sheen finish with controlled luster,fabric material color finish textile
Fabric + Color + Finish,Material Combination,"black nylon, matte finish",black lightweight nylon fabric with crisp synthetic texture with a matte surface finish with minimal reflectivity,fabric material color finish textile
Fabric + Color + Finish,Material Combination,"black nylon, glossy finish",black lightweight nylon fabric with crisp synthetic texture with a glossy surface finish with stronger reflectivity,fabric material color finish textile
Fabric + Color + Finish,Material Combination,"black nylon, brushed finish",black lightweight nylon fabric with crisp synthetic texture with a brushed surface finish with softened diffused texture,fabric material color finish textile
Fabric + Color + Finish,Material Combination,"black nylon, washed finish",black lightweight nylon fabric with crisp synthetic texture with a washed finish with softened lived-in coloration,fabric material color finish textile
Fabric + Color + Finish,Material Combination,"black nylon, distressed finish",black lightweight nylon fabric with crisp synthetic texture with a distressed finish with visible wear character,fabric material color finish textile
Fabric + Color + Finish,Material Combination,"black nylon, heathered finish",black lightweight nylon fabric with crisp synthetic texture with a heathered finish with mixed tonal fibers,fabric material color finish textile
Fabric + Color + Finish,Material Combination,"black nylon, marled finish",black lightweight nylon fabric with crisp synthetic texture with a marled finish with blended multitone yarn appearance,fabric material color finish textile
Fabric + Color + Finish,Material Combination,"black nylon, satin-sheen finish",black lightweight nylon fabric with crisp synthetic texture with a subtle satin-sheen finish with controlled luster,fabric material color finish textile
Fabric + Color + Finish,Material Combination,"cream nylon, matte finish",cream lightweight nylon fabric with crisp synthetic texture with a matte surface finish with minimal reflectivity,fabric material color finish textile
Fabric + Color + Finish,Material Combination,"cream nylon, glossy finish",cream lightweight nylon fabric with crisp synthetic texture with a glossy surface finish with stronger reflectivity,fabric material color finish textile
Fabric + Color + Finish,Material Combination,"cream nylon, brushed finish",cream lightweight nylon fabric with crisp synthetic texture with a brushed surface finish with softened diffused texture,fabric material color finish textile
Fabric + Color + Finish,Material Combination,"cream nylon, washed finish",cream lightweight nylon fabric with crisp synthetic texture with a washed finish with softened lived-in coloration,fabric material color finish textile
Fabric + Color + Finish,Material Combination,"cream nylon, distressed finish",cream lightweight nylon fabric with crisp synthetic texture with a distressed finish with visible wear character,fabric material color finish textile
Fabric + Color + Finish,Material Combination,"cream nylon, heathered finish",cream lightweight nylon fabric with crisp synthetic texture with a heathered finish with mixed tonal fibers,fabric material color finish textile
Fabric + Color + Finish,Material Combination,"cream nylon, marled finish",cream lightweight nylon fabric with crisp synthetic texture with a marled finish with blended multitone yarn appearance,fabric material color finish textile
Fabric + Color + Finish,Material Combination,"cream nylon, satin-sheen finish",cream lightweight nylon fabric with crisp synthetic texture with a subtle satin-sheen finish with controlled luster,fabric material color finish textile
Fabric + Color + Finish,Material Combination,"beige nylon, matte finish",beige lightweight nylon fabric with crisp synthetic texture with a matte surface finish with minimal reflectivity,fabric material color finish textile
Fabric + Color + Finish,Material Combination,"beige nylon, glossy finish",beige lightweight nylon fabric with crisp synthetic texture with a glossy surface finish with stronger reflectivity,fabric material color finish textile
Fabric + Color + Finish,Material Combination,"beige nylon, brushed finish",beige lightweight nylon fabric with crisp synthetic texture with a brushed surface finish with softened diffused texture,fabric material color finish textile
Fabric + Color + Finish,Material Combination,"beige nylon, washed finish",beige lightweight nylon fabric with crisp synthetic texture with a washed finish with softened lived-in coloration,fabric material color finish textile
Fabric + Color + Finish,Material Combination,"beige nylon, distressed finish",beige lightweight nylon fabric with crisp synthetic texture with a distressed finish with visible wear character,fabric material color finish textile
Fabric + Color + Finish,Material Combination,"beige nylon, heathered finish",beige lightweight nylon fabric with crisp synthetic texture with a heathered finish with mixed tonal fibers,fabric material color finish textile
Fabric + Color + Finish,Material Combination,"beige nylon, marled finish",beige lightweight nylon fabric with crisp synthetic texture with a marled finish with blended multitone yarn appearance,fabric material color finish textile
Fabric + Color + Finish,Material Combination,"beige nylon, satin-sheen finish",beige lightweight nylon fabric with crisp synthetic texture with a subtle satin-sheen finish with controlled luster,fabric material color finish textile
Fabric + Color + Finish,Material Combination,"camel nylon, matte finish",camel lightweight nylon fabric with crisp synthetic texture with a matte surface finish with minimal reflectivity,fabric material color finish textile
Fabric + Color + Finish,Material Combination,"camel nylon, glossy finish",camel lightweight nylon fabric with crisp synthetic texture with a glossy surface finish with stronger reflectivity,fabric material color finish textile
Fabric + Color + Finish,Material Combination,"camel nylon, brushed finish",camel lightweight nylon fabric with crisp synthetic texture with a brushed surface finish with softened diffused texture,fabric material color finish textile
Fabric + Color + Finish,Material Combination,"camel nylon, washed finish",camel lightweight nylon fabric with crisp synthetic texture with a washed finish with softened lived-in coloration,fabric material color finish textile
Fabric + Color + Finish,Material Combination,"camel nylon, distressed finish",camel lightweight nylon fabric with crisp synthetic texture with a distressed finish with visible wear character,fabric material color finish textile
Fabric + Color + Finish,Material Combination,"camel nylon, heathered finish",camel lightweight nylon fabric with crisp synthetic texture with a heathered finish with mixed tonal fibers,fabric material color finish textile
Fabric + Color + Finish,Material Combination,"camel nylon, marled finish",camel lightweight nylon fabric with crisp synthetic texture with a marled finish with blended multitone yarn appearance,fabric material color finish textile
Fabric + Color + Finish,Material Combination,"camel nylon, satin-sheen finish",camel lightweight nylon fabric with crisp synthetic texture with a subtle satin-sheen finish with controlled luster,fabric material color finish textile
Fabric + Color + Finish,Material Combination,"gray nylon, matte finish",gray lightweight nylon fabric with crisp synthetic texture with a matte surface finish with minimal reflectivity,fabric material color finish textile
Fabric + Color + Finish,Material Combination,"gray nylon, glossy finish",gray lightweight nylon fabric with crisp synthetic texture with a glossy surface finish with stronger reflectivity,fabric material color finish textile
Fabric + Color + Finish,Material Combination,"gray nylon, brushed finish",gray lightweight nylon fabric with crisp synthetic texture with a brushed surface finish with softened diffused texture,fabric material color finish textile
Fabric + Color + Finish,Material Combination,"gray nylon, washed finish",gray lightweight nylon fabric with crisp synthetic texture with a washed finish with softened lived-in coloration,fabric material color finish textile
Fabric + Color + Finish,Material Combination,"gray nylon, distressed finish",gray lightweight nylon fabric with crisp synthetic texture with a distressed finish with visible wear character,fabric material color finish textile
Fabric + Color + Finish,Material Combination,"gray nylon, heathered finish",gray lightweight nylon fabric with crisp synthetic texture with a heathered finish with mixed tonal fibers,fabric material color finish textile
Fabric + Color + Finish,Material Combination,"gray nylon, marled finish",gray lightweight nylon fabric with crisp synthetic texture with a marled finish with blended multitone yarn appearance,fabric material color finish textile
Fabric + Color + Finish,Material Combination,"gray nylon, satin-sheen finish",gray lightweight nylon fabric with crisp synthetic texture with a subtle satin-sheen finish with controlled luster,fabric material color finish textile
Fabric + Color + Finish,Material Combination,"charcoal nylon, matte finish",charcoal lightweight nylon fabric with crisp synthetic texture with a matte surface finish with minimal reflectivity,fabric material color finish textile
Fabric + Color + Finish,Material Combination,"charcoal nylon, glossy finish",charcoal lightweight nylon fabric with crisp synthetic texture with a glossy surface finish with stronger reflectivity,fabric material color finish textile
Fabric + Color + Finish,Material Combination,"charcoal nylon, brushed finish",charcoal lightweight nylon fabric with crisp synthetic texture with a brushed surface finish with softened diffused texture,fabric material color finish textile
Fabric + Color + Finish,Material Combination,"charcoal nylon, washed finish",charcoal lightweight nylon fabric with crisp synthetic texture with a washed finish with softened lived-in coloration,fabric material color finish textile
Fabric + Color + Finish,Material Combination,"charcoal nylon, distressed finish",charcoal lightweight nylon fabric with crisp synthetic texture with a distressed finish with visible wear character,fabric material color finish textile
Fabric + Color + Finish,Material Combination,"charcoal nylon, heathered finish",charcoal lightweight nylon fabric with crisp synthetic texture with a heathered finish with mixed tonal fibers,fabric material color finish textile
Fabric + Color + Finish,Material Combination,"charcoal nylon, marled finish",charcoal lightweight nylon fabric with crisp synthetic texture with a marled finish with blended multitone yarn appearance,fabric material color finish textile
Fabric + Color + Finish,Material Combination,"charcoal nylon, satin-sheen finish",charcoal lightweight nylon fabric with crisp synthetic texture with a subtle satin-sheen finish with controlled luster,fabric material color finish textile
Fabric + Color + Finish,Material Combination,"navy nylon, matte finish",navy lightweight nylon fabric with crisp synthetic texture with a matte surface finish with minimal reflectivity,fabric material color finish textile
Fabric + Color + Finish,Material Combination,"navy nylon, glossy finish",navy lightweight nylon fabric with crisp synthetic texture with a glossy surface finish with stronger reflectivity,fabric material color finish textile
Fabric + Color + Finish,Material Combination,"navy nylon, brushed finish",navy lightweight nylon fabric with crisp synthetic texture with a brushed surface finish with softened diffused texture,fabric material color finish textile
Fabric + Color + Finish,Material Combination,"navy nylon, washed finish",navy lightweight nylon fabric with crisp synthetic texture with a washed finish with softened lived-in coloration,fabric material color finish textile
Fabric + Color + Finish,Material Combination,"navy nylon, distressed finish",navy lightweight nylon fabric with crisp synthetic texture with a distressed finish with visible wear character,fabric material color finish textile
Fabric + Color + Finish,Material Combination,"navy nylon, heathered finish",navy lightweight nylon fabric with crisp synthetic texture with a heathered finish with mixed tonal fibers,fabric material color finish textile
Fabric + Color + Finish,Material Combination,"navy nylon, marled finish",navy lightweight nylon fabric with crisp synthetic texture with a marled finish with blended multitone yarn appearance,fabric material color finish textile
Fabric + Color + Finish,Material Combination,"navy nylon, satin-sheen finish",navy lightweight nylon fabric with crisp synthetic texture with a subtle satin-sheen finish with controlled luster,fabric material color finish textile
Fabric + Color + Finish,Material Combination,"royal blue nylon, matte finish",royal blue lightweight nylon fabric with crisp synthetic texture with a matte surface finish with minimal reflectivity,fabric material color finish textile
Fabric + Color + Finish,Material Combination,"royal blue nylon, glossy finish",royal blue lightweight nylon fabric with crisp synthetic texture with a glossy surface finish with stronger reflectivity,fabric material color finish textile
Fabric + Color + Finish,Material Combination,"royal blue nylon, brushed finish",royal blue lightweight nylon fabric with crisp synthetic texture with a brushed surface finish with softened diffused texture,fabric material color finish textile
Fabric + Color + Finish,Material Combination,"royal blue nylon, washed finish",royal blue lightweight nylon fabric with crisp synthetic texture with a washed finish with softened lived-in coloration,fabric material color finish textile
Fabric + Color + Finish,Material Combination,"royal blue nylon, distressed finish",royal blue lightweight nylon fabric with crisp synthetic texture with a distressed finish with visible wear character,fabric material color finish textile
Fabric + Color + Finish,Material Combination,"royal blue nylon, heathered finish",royal blue lightweight nylon fabric with crisp synthetic texture with a heathered finish with mixed tonal fibers,fabric material color finish textile
Fabric + Color + Finish,Material Combination,"royal blue nylon, marled finish",royal blue lightweight nylon fabric with crisp synthetic texture with a marled finish with blended multitone yarn appearance,fabric material color finish textile
Fabric + Color + Finish,Material Combination,"royal blue nylon, satin-sheen finish",royal blue lightweight nylon fabric with crisp synthetic texture with a subtle satin-sheen finish with controlled luster,fabric material color finish textile
Fabric + Color + Finish,Material Combination,"sky blue nylon, matte finish",sky blue lightweight nylon fabric with crisp synthetic texture with a matte surface finish with minimal reflectivity,fabric material color finish textile
Fabric + Color + Finish,Material Combination,"sky blue nylon, glossy finish",sky blue lightweight nylon fabric with crisp synthetic texture with a glossy surface finish with stronger reflectivity,fabric material color finish textile
Fabric + Color + Finish,Material Combination,"sky blue nylon, brushed finish",sky blue lightweight nylon fabric with crisp synthetic texture with a brushed surface finish with softened diffused texture,fabric material color finish textile
Fabric + Color + Finish,Material Combination,"sky blue nylon, washed finish",sky blue lightweight nylon fabric with crisp synthetic texture with a washed finish with softened lived-in coloration,fabric material color finish textile
Fabric + Color + Finish,Material Combination,"sky blue nylon, distressed finish",sky blue lightweight nylon fabric with crisp synthetic texture with a distressed finish with visible wear character,fabric material color finish textile
Fabric + Color + Finish,Material Combination,"sky blue nylon, heathered finish",sky blue lightweight nylon fabric with crisp synthetic texture with a heathered finish with mixed tonal fibers,fabric material color finish textile
Fabric + Color + Finish,Material Combination,"sky blue nylon, marled finish",sky blue lightweight nylon fabric with crisp synthetic texture with a marled finish with blended multitone yarn appearance,fabric material color finish textile
Fabric + Color + Finish,Material Combination,"sky blue nylon, satin-sheen finish",sky blue lightweight nylon fabric with crisp synthetic texture with a subtle satin-sheen finish with controlled luster,fabric material color finish textile
Fabric + Color + Finish,Material Combination,"red nylon, matte finish",red lightweight nylon fabric with crisp synthetic texture with a matte surface finish with minimal reflectivity,fabric material color finish textile
Fabric + Color + Finish,Material Combination,"red nylon, glossy finish",red lightweight nylon fabric with crisp synthetic texture with a glossy surface finish with stronger reflectivity,fabric material color finish textile
Fabric + Color + Finish,Material Combination,"red nylon, brushed finish",red lightweight nylon fabric with crisp synthetic texture with a brushed surface finish with softened diffused texture,fabric material color finish textile
Fabric + Color + Finish,Material Combination,"red nylon, washed finish",red lightweight nylon fabric with crisp synthetic texture with a washed finish with softened lived-in coloration,fabric material color finish textile
Fabric + Color + Finish,Material Combination,"red nylon, distressed finish",red lightweight nylon fabric with crisp synthetic texture with a distressed finish with visible wear character,fabric material color finish textile
Fabric + Color + Finish,Material Combination,"red nylon, heathered finish",red lightweight nylon fabric with crisp synthetic texture with a heathered finish with mixed tonal fibers,fabric material color finish textile
Fabric + Color + Finish,Material Combination,"red nylon, marled finish",red lightweight nylon fabric with crisp synthetic texture with a marled finish with blended multitone yarn appearance,fabric material color finish textile
Fabric + Color + Finish,Material Combination,"red nylon, satin-sheen finish",red lightweight nylon fabric with crisp synthetic texture with a subtle satin-sheen finish with controlled luster,fabric material color finish textile
Fabric + Color + Finish,Material Combination,"burgundy nylon, matte finish",burgundy lightweight nylon fabric with crisp synthetic texture with a matte surface finish with minimal reflectivity,fabric material color finish textile
Fabric + Color + Finish,Material Combination,"burgundy nylon, glossy finish",burgundy lightweight nylon fabric with crisp synthetic texture with a glossy surface finish with stronger reflectivity,fabric material color finish textile
Fabric + Color + Finish,Material Combination,"burgundy nylon, brushed finish",burgundy lightweight nylon fabric with crisp synthetic texture with a brushed surface finish with softened diffused texture,fabric material color finish textile
Fabric + Color + Finish,Material Combination,"burgundy nylon, washed finish",burgundy lightweight nylon fabric with crisp synthetic texture with a washed finish with softened lived-in coloration,fabric material color finish textile
Fabric + Color + Finish,Material Combination,"burgundy nylon, distressed finish",burgundy lightweight nylon fabric with crisp synthetic texture with a distressed finish with visible wear character,fabric material color finish textile
Fabric + Color + Finish,Material Combination,"burgundy nylon, heathered finish",burgundy lightweight nylon fabric with crisp synthetic texture with a heathered finish with mixed tonal fibers,fabric material color finish textile
Fabric + Color + Finish,Material Combination,"burgundy nylon, marled finish",burgundy lightweight nylon fabric with crisp synthetic texture with a marled finish with blended multitone yarn appearance,fabric material color finish textile
Fabric + Color + Finish,Material Combination,"burgundy nylon, satin-sheen finish",burgundy lightweight nylon fabric with crisp synthetic texture with a subtle satin-sheen finish with controlled luster,fabric material color finish textile
Fabric + Color + Finish,Material Combination,"pink nylon, matte finish",pink lightweight nylon fabric with crisp synthetic texture with a matte surface finish with minimal reflectivity,fabric material color finish textile
Fabric + Color + Finish,Material Combination,"pink nylon, glossy finish",pink lightweight nylon fabric with crisp synthetic texture with a glossy surface finish with stronger reflectivity,fabric material color finish textile
Fabric + Color + Finish,Material Combination,"pink nylon, brushed finish",pink lightweight nylon fabric with crisp synthetic texture with a brushed surface finish with softened diffused texture,fabric material color finish textile
Fabric + Color + Finish,Material Combination,"pink nylon, washed finish",pink lightweight nylon fabric with crisp synthetic texture with a washed finish with softened lived-in coloration,fabric material color finish textile
Fabric + Color + Finish,Material Combination,"pink nylon, distressed finish",pink lightweight nylon fabric with crisp synthetic texture with a distressed finish with visible wear character,fabric material color finish textile
Fabric + Color + Finish,Material Combination,"pink nylon, heathered finish",pink lightweight nylon fabric with crisp synthetic texture with a heathered finish with mixed tonal fibers,fabric material color finish textile
Fabric + Color + Finish,Material Combination,"pink nylon, marled finish",pink lightweight nylon fabric with crisp synthetic texture with a marled finish with blended multitone yarn appearance,fabric material color finish textile
Fabric + Color + Finish,Material Combination,"pink nylon, satin-sheen finish",pink lightweight nylon fabric with crisp synthetic texture with a subtle satin-sheen finish with controlled luster,fabric material color finish textile
Fabric + Color + Finish,Material Combination,"hot pink nylon, matte finish",hot pink lightweight nylon fabric with crisp synthetic texture with a matte surface finish with minimal reflectivity,fabric material color finish textile
Fabric + Color + Finish,Material Combination,"hot pink nylon, glossy finish",hot pink lightweight nylon fabric with crisp synthetic texture with a glossy surface finish with stronger reflectivity,fabric material color finish textile
Fabric + Color + Finish,Material Combination,"hot pink nylon, brushed finish",hot pink lightweight nylon fabric with crisp synthetic texture with a brushed surface finish with softened diffused texture,fabric material color finish textile
Fabric + Color + Finish,Material Combination,"hot pink nylon, washed finish",hot pink lightweight nylon fabric with crisp synthetic texture with a washed finish with softened lived-in coloration,fabric material color finish textile
Fabric + Color + Finish,Material Combination,"hot pink nylon, distressed finish",hot pink lightweight nylon fabric with crisp synthetic texture with a distressed finish with visible wear character,fabric material color finish textile
Fabric + Color + Finish,Material Combination,"hot pink nylon, heathered finish",hot pink lightweight nylon fabric with crisp synthetic texture with a heathered finish with mixed tonal fibers,fabric material color finish textile
Fabric + Color + Finish,Material Combination,"hot pink nylon, marled finish",hot pink lightweight nylon fabric with crisp synthetic texture with a marled finish with blended multitone yarn appearance,fabric material color finish textile
Fabric + Color + Finish,Material Combination,"hot pink nylon, satin-sheen finish",hot pink lightweight nylon fabric with crisp synthetic texture with a subtle satin-sheen finish with controlled luster,fabric material color finish textile
Fabric + Color + Finish,Material Combination,"orange nylon, matte finish",orange lightweight nylon fabric with crisp synthetic texture with a matte surface finish with minimal reflectivity,fabric material color finish textile
Fabric + Color + Finish,Material Combination,"orange nylon, glossy finish",orange lightweight nylon fabric with crisp synthetic texture with a glossy surface finish with stronger reflectivity,fabric material color finish textile
Fabric + Color + Finish,Material Combination,"orange nylon, brushed finish",orange lightweight nylon fabric with crisp synthetic texture with a brushed surface finish with softened diffused texture,fabric material color finish textile
Fabric + Color + Finish,Material Combination,"orange nylon, washed finish",orange lightweight nylon fabric with crisp synthetic texture with a washed finish with softened lived-in coloration,fabric material color finish textile
Fabric + Color + Finish,Material Combination,"orange nylon, distressed finish",orange lightweight nylon fabric with crisp synthetic texture with a distressed finish with visible wear character,fabric material color finish textile
Fabric + Color + Finish,Material Combination,"orange nylon, heathered finish",orange lightweight nylon fabric with crisp synthetic texture with a heathered finish with mixed tonal fibers,fabric material color finish textile
Fabric + Color + Finish,Material Combination,"orange nylon, marled finish",orange lightweight nylon fabric with crisp synthetic texture with a marled finish with blended multitone yarn appearance,fabric material color finish textile
Fabric + Color + Finish,Material Combination,"orange nylon, satin-sheen finish",orange lightweight nylon fabric with crisp synthetic texture with a subtle satin-sheen finish with controlled luster,fabric material color finish textile
Fabric + Color + Finish,Material Combination,"yellow nylon, matte finish",yellow lightweight nylon fabric with crisp synthetic texture with a matte surface finish with minimal reflectivity,fabric material color finish textile
Fabric + Color + Finish,Material Combination,"yellow nylon, glossy finish",yellow lightweight nylon fabric with crisp synthetic texture with a glossy surface finish with stronger reflectivity,fabric material color finish textile
Fabric + Color + Finish,Material Combination,"yellow nylon, brushed finish",yellow lightweight nylon fabric with crisp synthetic texture with a brushed surface finish with softened diffused texture,fabric material color finish textile
Fabric + Color + Finish,Material Combination,"yellow nylon, washed finish",yellow lightweight nylon fabric with crisp synthetic texture with a washed finish with softened lived-in coloration,fabric material color finish textile
Fabric + Color + Finish,Material Combination,"yellow nylon, distressed finish",yellow lightweight nylon fabric with crisp synthetic texture with a distressed finish with visible wear character,fabric material color finish textile
Fabric + Color + Finish,Material Combination,"yellow nylon, heathered finish",yellow lightweight nylon fabric with crisp synthetic texture with a heathered finish with mixed tonal fibers,fabric material color finish textile
Fabric + Color + Finish,Material Combination,"yellow nylon, marled finish",yellow lightweight nylon fabric with crisp synthetic texture with a marled finish with blended multitone yarn appearance,fabric material color finish textile
Fabric + Color + Finish,Material Combination,"yellow nylon, satin-sheen finish",yellow lightweight nylon fabric with crisp synthetic texture with a subtle satin-sheen finish with controlled luster,fabric material color finish textile
Fabric + Color + Finish,Material Combination,"olive green nylon, matte finish",olive green lightweight nylon fabric with crisp synthetic texture with a matte surface finish with minimal reflectivity,fabric material color finish textile
Fabric + Color + Finish,Material Combination,"olive green nylon, glossy finish",olive green lightweight nylon fabric with crisp synthetic texture with a glossy surface finish with stronger reflectivity,fabric material color finish textile
Fabric + Color + Finish,Material Combination,"olive green nylon, brushed finish",olive green lightweight nylon fabric with crisp synthetic texture with a brushed surface finish with softened diffused texture,fabric material color finish textile
Fabric + Color + Finish,Material Combination,"olive green nylon, washed finish",olive green lightweight nylon fabric with crisp synthetic texture with a washed finish with softened lived-in coloration,fabric material color finish textile
Fabric + Color + Finish,Material Combination,"olive green nylon, distressed finish",olive green lightweight nylon fabric with crisp synthetic texture with a distressed finish with visible wear character,fabric material color finish textile
Fabric + Color + Finish,Material Combination,"olive green nylon, heathered finish",olive green lightweight nylon fabric with crisp synthetic texture with a heathered finish with mixed tonal fibers,fabric material color finish textile
Fabric + Color + Finish,Material Combination,"olive green nylon, marled finish",olive green lightweight nylon fabric with crisp synthetic texture with a marled finish with blended multitone yarn appearance,fabric material color finish textile
Fabric + Color + Finish,Material Combination,"olive green nylon, satin-sheen finish",olive green lightweight nylon fabric with crisp synthetic texture with a subtle satin-sheen finish with controlled luster,fabric material color finish textile
Fabric + Color + Finish,Material Combination,"sage green nylon, matte finish",sage green lightweight nylon fabric with crisp synthetic texture with a matte surface finish with minimal reflectivity,fabric material color finish textile
Fabric + Color + Finish,Material Combination,"sage green nylon, glossy finish",sage green lightweight nylon fabric with crisp synthetic texture with a glossy surface finish with stronger reflectivity,fabric material color finish textile
Fabric + Color + Finish,Material Combination,"sage green nylon, brushed finish",sage green lightweight nylon fabric with crisp synthetic texture with a brushed surface finish with softened diffused texture,fabric material color finish textile
Fabric + Color + Finish,Material Combination,"sage green nylon, washed finish",sage green lightweight nylon fabric with crisp synthetic texture with a washed finish with softened lived-in coloration,fabric material color finish textile
Fabric + Color + Finish,Material Combination,"sage green nylon, distressed finish",sage green lightweight nylon fabric with crisp synthetic texture with a distressed finish with visible wear character,fabric material color finish textile
Fabric + Color + Finish,Material Combination,"sage green nylon, heathered finish",sage green lightweight nylon fabric with crisp synthetic texture with a heathered finish with mixed tonal fibers,fabric material color finish textile
Fabric + Color + Finish,Material Combination,"sage green nylon, marled finish",sage green lightweight nylon fabric with crisp synthetic texture with a marled finish with blended multitone yarn appearance,fabric material color finish textile
Fabric + Color + Finish,Material Combination,"sage green nylon, satin-sheen finish",sage green lightweight nylon fabric with crisp synthetic texture with a subtle satin-sheen finish with controlled luster,fabric material color finish textile
Fabric + Color + Finish,Material Combination,"emerald green nylon, matte finish",emerald green lightweight nylon fabric with crisp synthetic texture with a matte surface finish with minimal reflectivity,fabric material color finish textile
Fabric + Color + Finish,Material Combination,"emerald green nylon, glossy finish",emerald green lightweight nylon fabric with crisp synthetic texture with a glossy surface finish with stronger reflectivity,fabric material color finish textile
Fabric + Color + Finish,Material Combination,"emerald green nylon, brushed finish",emerald green lightweight nylon fabric with crisp synthetic texture with a brushed surface finish with softened diffused texture,fabric material color finish textile
Fabric + Color + Finish,Material Combination,"emerald green nylon, washed finish",emerald green lightweight nylon fabric with crisp synthetic texture with a washed finish with softened lived-in coloration,fabric material color finish textile
Fabric + Color + Finish,Material Combination,"emerald green nylon, distressed finish",emerald green lightweight nylon fabric with crisp synthetic texture with a distressed finish with visible wear character,fabric material color finish textile
Fabric + Color + Finish,Material Combination,"emerald green nylon, heathered finish",emerald green lightweight nylon fabric with crisp synthetic texture with a heathered finish with mixed tonal fibers,fabric material color finish textile
Fabric + Color + Finish,Material Combination,"emerald green nylon, marled finish",emerald green lightweight nylon fabric with crisp synthetic texture with a marled finish with blended multitone yarn appearance,fabric material color finish textile
Fabric + Color + Finish,Material Combination,"emerald green nylon, satin-sheen finish",emerald green lightweight nylon fabric with crisp synthetic texture with a subtle satin-sheen finish with controlled luster,fabric material color finish textile
Fabric + Color + Finish,Material Combination,"teal nylon, matte finish",teal lightweight nylon fabric with crisp synthetic texture with a matte surface finish with minimal reflectivity,fabric material color finish textile
Fabric + Color + Finish,Material Combination,"teal nylon, glossy finish",teal lightweight nylon fabric with crisp synthetic texture with a glossy surface finish with stronger reflectivity,fabric material color finish textile
Fabric + Color + Finish,Material Combination,"teal nylon, brushed finish",teal lightweight nylon fabric with crisp synthetic texture with a brushed surface finish with softened diffused texture,fabric material color finish textile
Fabric + Color + Finish,Material Combination,"teal nylon, washed finish",teal lightweight nylon fabric with crisp synthetic texture with a washed finish with softened lived-in coloration,fabric material color finish textile
Fabric + Color + Finish,Material Combination,"teal nylon, distressed finish",teal lightweight nylon fabric with crisp synthetic texture with a distressed finish with visible wear character,fabric material color finish textile
Fabric + Color + Finish,Material Combination,"teal nylon, heathered finish",teal lightweight nylon fabric with crisp synthetic texture with a heathered finish with mixed tonal fibers,fabric material color finish textile
Fabric + Color + Finish,Material Combination,"teal nylon, marled finish",teal lightweight nylon fabric with crisp synthetic texture with a marled finish with blended multitone yarn appearance,fabric material color finish textile
Fabric + Color + Finish,Material Combination,"teal nylon, satin-sheen finish",teal lightweight nylon fabric with crisp synthetic texture with a subtle satin-sheen finish with controlled luster,fabric material color finish textile
Fabric + Color + Finish,Material Combination,"purple nylon, matte finish",purple lightweight nylon fabric with crisp synthetic texture with a matte surface finish with minimal reflectivity,fabric material color finish textile
Fabric + Color + Finish,Material Combination,"purple nylon, glossy finish",purple lightweight nylon fabric with crisp synthetic texture with a glossy surface finish with stronger reflectivity,fabric material color finish textile
Fabric + Color + Finish,Material Combination,"purple nylon, brushed finish",purple lightweight nylon fabric with crisp synthetic texture with a brushed surface finish with softened diffused texture,fabric material color finish textile
Fabric + Color + Finish,Material Combination,"purple nylon, washed finish",purple lightweight nylon fabric with crisp synthetic texture with a washed finish with softened lived-in coloration,fabric material color finish textile
Fabric + Color + Finish,Material Combination,"purple nylon, distressed finish",purple lightweight nylon fabric with crisp synthetic texture with a distressed finish with visible wear character,fabric material color finish textile
Fabric + Color + Finish,Material Combination,"purple nylon, heathered finish",purple lightweight nylon fabric with crisp synthetic texture with a heathered finish with mixed tonal fibers,fabric material color finish textile
Fabric + Color + Finish,Material Combination,"purple nylon, marled finish",purple lightweight nylon fabric with crisp synthetic texture with a marled finish with blended multitone yarn appearance,fabric material color finish textile
Fabric + Color + Finish,Material Combination,"purple nylon, satin-sheen finish",purple lightweight nylon fabric with crisp synthetic texture with a subtle satin-sheen finish with controlled luster,fabric material color finish textile
Fabric + Color + Finish,Material Combination,"lavender nylon, matte finish",lavender lightweight nylon fabric with crisp synthetic texture with a matte surface finish with minimal reflectivity,fabric material color finish textile
Fabric + Color + Finish,Material Combination,"lavender nylon, glossy finish",lavender lightweight nylon fabric with crisp synthetic texture with a glossy surface finish with stronger reflectivity,fabric material color finish textile
Fabric + Color + Finish,Material Combination,"lavender nylon, brushed finish",lavender lightweight nylon fabric with crisp synthetic texture with a brushed surface finish with softened diffused texture,fabric material color finish textile
Fabric + Color + Finish,Material Combination,"lavender nylon, washed finish",lavender lightweight nylon fabric with crisp synthetic texture with a washed finish with softened lived-in coloration,fabric material color finish textile
Fabric + Color + Finish,Material Combination,"lavender nylon, distressed finish",lavender lightweight nylon fabric with crisp synthetic texture with a distressed finish with visible wear character,fabric material color finish textile
Fabric + Color + Finish,Material Combination,"lavender nylon, heathered finish",lavender lightweight nylon fabric with crisp synthetic texture with a heathered finish with mixed tonal fibers,fabric material color finish textile
Fabric + Color + Finish,Material Combination,"lavender nylon, marled finish",lavender lightweight nylon fabric with crisp synthetic texture with a marled finish with blended multitone yarn appearance,fabric material color finish textile
Fabric + Color + Finish,Material Combination,"lavender nylon, satin-sheen finish",lavender lightweight nylon fabric with crisp synthetic texture with a subtle satin-sheen finish with controlled luster,fabric material color finish textile
Fabric + Color + Finish,Material Combination,"brown nylon, matte finish",brown lightweight nylon fabric with crisp synthetic texture with a matte surface finish with minimal reflectivity,fabric material color finish textile
Fabric + Color + Finish,Material Combination,"brown nylon, glossy finish",brown lightweight nylon fabric with crisp synthetic texture with a glossy surface finish with stronger reflectivity,fabric material color finish textile
Fabric + Color + Finish,Material Combination,"brown nylon, brushed finish",brown lightweight nylon fabric with crisp synthetic texture with a brushed surface finish with softened diffused texture,fabric material color finish textile
Fabric + Color + Finish,Material Combination,"brown nylon, washed finish",brown lightweight nylon fabric with crisp synthetic texture with a washed finish with softened lived-in coloration,fabric material color finish textile
Fabric + Color + Finish,Material Combination,"brown nylon, distressed finish",brown lightweight nylon fabric with crisp synthetic texture with a distressed finish with visible wear character,fabric material color finish textile
Fabric + Color + Finish,Material Combination,"brown nylon, heathered finish",brown lightweight nylon fabric with crisp synthetic texture with a heathered finish with mixed tonal fibers,fabric material color finish textile
Fabric + Color + Finish,Material Combination,"brown nylon, marled finish",brown lightweight nylon fabric with crisp synthetic texture with a marled finish with blended multitone yarn appearance,fabric material color finish textile
Fabric + Color + Finish,Material Combination,"brown nylon, satin-sheen finish",brown lightweight nylon fabric with crisp synthetic texture with a subtle satin-sheen finish with controlled luster,fabric material color finish textile
Fabric + Color + Finish,Material Combination,"tan nylon, matte finish",tan lightweight nylon fabric with crisp synthetic texture with a matte surface finish with minimal reflectivity,fabric material color finish textile
Fabric + Color + Finish,Material Combination,"tan nylon, glossy finish",tan lightweight nylon fabric with crisp synthetic texture with a glossy surface finish with stronger reflectivity,fabric material color finish textile
Fabric + Color + Finish,Material Combination,"tan nylon, brushed finish",tan lightweight nylon fabric with crisp synthetic texture with a brushed surface finish with softened diffused texture,fabric material color finish textile
Fabric + Color + Finish,Material Combination,"tan nylon, washed finish",tan lightweight nylon fabric with crisp synthetic texture with a washed finish with softened lived-in coloration,fabric material color finish textile
Fabric + Color + Finish,Material Combination,"tan nylon, distressed finish",tan lightweight nylon fabric with crisp synthetic texture with a distressed finish with visible wear character,fabric material color finish textile
Fabric + Color + Finish,Material Combination,"tan nylon, heathered finish",tan lightweight nylon fabric with crisp synthetic texture with a heathered finish with mixed tonal fibers,fabric material color finish textile
Fabric + Color + Finish,Material Combination,"tan nylon, marled finish",tan lightweight nylon fabric with crisp synthetic texture with a marled finish with blended multitone yarn appearance,fabric material color finish textile
Fabric + Color + Finish,Material Combination,"tan nylon, satin-sheen finish",tan lightweight nylon fabric with crisp synthetic texture with a subtle satin-sheen finish with controlled luster,fabric material color finish textile
Fabric + Color + Finish,Material Combination,"silver nylon, matte finish",silver lightweight nylon fabric with crisp synthetic texture with a matte surface finish with minimal reflectivity,fabric material color finish textile
Fabric + Color + Finish,Material Combination,"silver nylon, glossy finish",silver lightweight nylon fabric with crisp synthetic texture with a glossy surface finish with stronger reflectivity,fabric material color finish textile
Fabric + Color + Finish,Material Combination,"silver nylon, brushed finish",silver lightweight nylon fabric with crisp synthetic texture with a brushed surface finish with softened diffused texture,fabric material color finish textile
Fabric + Color + Finish,Material Combination,"silver nylon, washed finish",silver lightweight nylon fabric with crisp synthetic texture with a washed finish with softened lived-in coloration,fabric material color finish textile
Fabric + Color + Finish,Material Combination,"silver nylon, distressed finish",silver lightweight nylon fabric with crisp synthetic texture with a distressed finish with visible wear character,fabric material color finish textile
Fabric + Color + Finish,Material Combination,"silver nylon, heathered finish",silver lightweight nylon fabric with crisp synthetic texture with a heathered finish with mixed tonal fibers,fabric material color finish textile
Fabric + Color + Finish,Material Combination,"silver nylon, marled finish",silver lightweight nylon fabric with crisp synthetic texture with a marled finish with blended multitone yarn appearance,fabric material color finish textile
Fabric + Color + Finish,Material Combination,"silver nylon, satin-sheen finish",silver lightweight nylon fabric with crisp synthetic texture with a subtle satin-sheen finish with controlled luster,fabric material color finish textile
Fabric + Color + Finish,Material Combination,"gold nylon, matte finish",gold lightweight nylon fabric with crisp synthetic texture with a matte surface finish with minimal reflectivity,fabric material color finish textile
Fabric + Color + Finish,Material Combination,"gold nylon, glossy finish",gold lightweight nylon fabric with crisp synthetic texture with a glossy surface finish with stronger reflectivity,fabric material color finish textile
Fabric + Color + Finish,Material Combination,"gold nylon, brushed finish",gold lightweight nylon fabric with crisp synthetic texture with a brushed surface finish with softened diffused texture,fabric material color finish textile
Fabric + Color + Finish,Material Combination,"gold nylon, washed finish",gold lightweight nylon fabric with crisp synthetic texture with a washed finish with softened lived-in coloration,fabric material color finish textile
Fabric + Color + Finish,Material Combination,"gold nylon, distressed finish",gold lightweight nylon fabric with crisp synthetic texture with a distressed finish with visible wear character,fabric material color finish textile
Fabric + Color + Finish,Material Combination,"gold nylon, heathered finish",gold lightweight nylon fabric with crisp synthetic texture with a heathered finish with mixed tonal fibers,fabric material color finish textile
Fabric + Color + Finish,Material Combination,"gold nylon, marled finish",gold lightweight nylon fabric with crisp synthetic texture with a marled finish with blended multitone yarn appearance,fabric material color finish textile
Fabric + Color + Finish,Material Combination,"gold nylon, satin-sheen finish",gold lightweight nylon fabric with crisp synthetic texture with a subtle satin-sheen finish with controlled luster,fabric material color finish textile
Fabric + Color + Finish,Material Combination,"white satin, matte finish",white satin fabric with smooth reflective sheen with a matte surface finish with minimal reflectivity,fabric material color finish textile
Fabric + Color + Finish,Material Combination,"white satin, glossy finish",white satin fabric with smooth reflective sheen with a glossy surface finish with stronger reflectivity,fabric material color finish textile
Fabric + Color + Finish,Material Combination,"white satin, brushed finish",white satin fabric with smooth reflective sheen with a brushed surface finish with softened diffused texture,fabric material color finish textile
Fabric + Color + Finish,Material Combination,"white satin, washed finish",white satin fabric with smooth reflective sheen with a washed finish with softened lived-in coloration,fabric material color finish textile
Fabric + Color + Finish,Material Combination,"white satin, distressed finish",white satin fabric with smooth reflective sheen with a distressed finish with visible wear character,fabric material color finish textile
Fabric + Color + Finish,Material Combination,"white satin, heathered finish",white satin fabric with smooth reflective sheen with a heathered finish with mixed tonal fibers,fabric material color finish textile
Fabric + Color + Finish,Material Combination,"white satin, marled finish",white satin fabric with smooth reflective sheen with a marled finish with blended multitone yarn appearance,fabric material color finish textile
Fabric + Color + Finish,Material Combination,"white satin, satin-sheen finish",white satin fabric with smooth reflective sheen with a subtle satin-sheen finish with controlled luster,fabric material color finish textile
Fabric + Color + Finish,Material Combination,"black satin, matte finish",black satin fabric with smooth reflective sheen with a matte surface finish with minimal reflectivity,fabric material color finish textile
Fabric + Color + Finish,Material Combination,"black satin, glossy finish",black satin fabric with smooth reflective sheen with a glossy surface finish with stronger reflectivity,fabric material color finish textile
Fabric + Color + Finish,Material Combination,"black satin, brushed finish",black satin fabric with smooth reflective sheen with a brushed surface finish with softened diffused texture,fabric material color finish textile
Fabric + Color + Finish,Material Combination,"black satin, washed finish",black satin fabric with smooth reflective sheen with a washed finish with softened lived-in coloration,fabric material color finish textile
Fabric + Color + Finish,Material Combination,"black satin, distressed finish",black satin fabric with smooth reflective sheen with a distressed finish with visible wear character,fabric material color finish textile
Fabric + Color + Finish,Material Combination,"black satin, heathered finish",black satin fabric with smooth reflective sheen with a heathered finish with mixed tonal fibers,fabric material color finish textile
Fabric + Color + Finish,Material Combination,"black satin, marled finish",black satin fabric with smooth reflective sheen with a marled finish with blended multitone yarn appearance,fabric material color finish textile
Fabric + Color + Finish,Material Combination,"black satin, satin-sheen finish",black satin fabric with smooth reflective sheen with a subtle satin-sheen finish with controlled luster,fabric material color finish textile
Fabric + Color + Finish,Material Combination,"cream satin, matte finish",cream satin fabric with smooth reflective sheen with a matte surface finish with minimal reflectivity,fabric material color finish textile
Fabric + Color + Finish,Material Combination,"cream satin, glossy finish",cream satin fabric with smooth reflective sheen with a glossy surface finish with stronger reflectivity,fabric material color finish textile
Fabric + Color + Finish,Material Combination,"cream satin, brushed finish",cream satin fabric with smooth reflective sheen with a brushed surface finish with softened diffused texture,fabric material color finish textile
Fabric + Color + Finish,Material Combination,"cream satin, washed finish",cream satin fabric with smooth reflective sheen with a washed finish with softened lived-in coloration,fabric material color finish textile
Fabric + Color + Finish,Material Combination,"cream satin, distressed finish",cream satin fabric with smooth reflective sheen with a distressed finish with visible wear character,fabric material color finish textile
Fabric + Color + Finish,Material Combination,"cream satin, heathered finish",cream satin fabric with smooth reflective sheen with a heathered finish with mixed tonal fibers,fabric material color finish textile
Fabric + Color + Finish,Material Combination,"cream satin, marled finish",cream satin fabric with smooth reflective sheen with a marled finish with blended multitone yarn appearance,fabric material color finish textile
Fabric + Color + Finish,Material Combination,"cream satin, satin-sheen finish",cream satin fabric with smooth reflective sheen with a subtle satin-sheen finish with controlled luster,fabric material color finish textile
Fabric + Color + Finish,Material Combination,"beige satin, matte finish",beige satin fabric with smooth reflective sheen with a matte surface finish with minimal reflectivity,fabric material color finish textile
Fabric + Color + Finish,Material Combination,"beige satin, glossy finish",beige satin fabric with smooth reflective sheen with a glossy surface finish with stronger reflectivity,fabric material color finish textile
Fabric + Color + Finish,Material Combination,"beige satin, brushed finish",beige satin fabric with smooth reflective sheen with a brushed surface finish with softened diffused texture,fabric material color finish textile
Fabric + Color + Finish,Material Combination,"beige satin, washed finish",beige satin fabric with smooth reflective sheen with a washed finish with softened lived-in coloration,fabric material color finish textile
Fabric + Color + Finish,Material Combination,"beige satin, distressed finish",beige satin fabric with smooth reflective sheen with a distressed finish with visible wear character,fabric material color finish textile
Fabric + Color + Finish,Material Combination,"beige satin, heathered finish",beige satin fabric with smooth reflective sheen with a heathered finish with mixed tonal fibers,fabric material color finish textile
Fabric + Color + Finish,Material Combination,"beige satin, marled finish",beige satin fabric with smooth reflective sheen with a marled finish with blended multitone yarn appearance,fabric material color finish textile
Fabric + Color + Finish,Material Combination,"beige satin, satin-sheen finish",beige satin fabric with smooth reflective sheen with a subtle satin-sheen finish with controlled luster,fabric material color finish textile
Fabric + Color + Finish,Material Combination,"camel satin, matte finish",camel satin fabric with smooth reflective sheen with a matte surface finish with minimal reflectivity,fabric material color finish textile
Fabric + Color + Finish,Material Combination,"camel satin, glossy finish",camel satin fabric with smooth reflective sheen with a glossy surface finish with stronger reflectivity,fabric material color finish textile
Fabric + Color + Finish,Material Combination,"camel satin, brushed finish",camel satin fabric with smooth reflective sheen with a brushed surface finish with softened diffused texture,fabric material color finish textile
Fabric + Color + Finish,Material Combination,"camel satin, washed finish",camel satin fabric with smooth reflective sheen with a washed finish with softened lived-in coloration,fabric material color finish textile
Fabric + Color + Finish,Material Combination,"camel satin, distressed finish",camel satin fabric with smooth reflective sheen with a distressed finish with visible wear character,fabric material color finish textile
Fabric + Color + Finish,Material Combination,"camel satin, heathered finish",camel satin fabric with smooth reflective sheen with a heathered finish with mixed tonal fibers,fabric material color finish textile
Fabric + Color + Finish,Material Combination,"camel satin, marled finish",camel satin fabric with smooth reflective sheen with a marled finish with blended multitone yarn appearance,fabric material color finish textile
Fabric + Color + Finish,Material Combination,"camel satin, satin-sheen finish",camel satin fabric with smooth reflective sheen with a subtle satin-sheen finish with controlled luster,fabric material color finish textile
Fabric + Color + Finish,Material Combination,"gray satin, matte finish",gray satin fabric with smooth reflective sheen with a matte surface finish with minimal reflectivity,fabric material color finish textile
Fabric + Color + Finish,Material Combination,"gray satin, glossy finish",gray satin fabric with smooth reflective sheen with a glossy surface finish with stronger reflectivity,fabric material color finish textile
Fabric + Color + Finish,Material Combination,"gray satin, brushed finish",gray satin fabric with smooth reflective sheen with a brushed surface finish with softened diffused texture,fabric material color finish textile
Fabric + Color + Finish,Material Combination,"gray satin, washed finish",gray satin fabric with smooth reflective sheen with a washed finish with softened lived-in coloration,fabric material color finish textile
Fabric + Color + Finish,Material Combination,"gray satin, distressed finish",gray satin fabric with smooth reflective sheen with a distressed finish with visible wear character,fabric material color finish textile
Fabric + Color + Finish,Material Combination,"gray satin, heathered finish",gray satin fabric with smooth reflective sheen with a heathered finish with mixed tonal fibers,fabric material color finish textile
Fabric + Color + Finish,Material Combination,"gray satin, marled finish",gray satin fabric with smooth reflective sheen with a marled finish with blended multitone yarn appearance,fabric material color finish textile
Fabric + Color + Finish,Material Combination,"gray satin, satin-sheen finish",gray satin fabric with smooth reflective sheen with a subtle satin-sheen finish with controlled luster,fabric material color finish textile
Fabric + Color + Finish,Material Combination,"charcoal satin, matte finish",charcoal satin fabric with smooth reflective sheen with a matte surface finish with minimal reflectivity,fabric material color finish textile
Fabric + Color + Finish,Material Combination,"charcoal satin, glossy finish",charcoal satin fabric with smooth reflective sheen with a glossy surface finish with stronger reflectivity,fabric material color finish textile
Fabric + Color + Finish,Material Combination,"charcoal satin, brushed finish",charcoal satin fabric with smooth reflective sheen with a brushed surface finish with softened diffused texture,fabric material color finish textile
Fabric + Color + Finish,Material Combination,"charcoal satin, washed finish",charcoal satin fabric with smooth reflective sheen with a washed finish with softened lived-in coloration,fabric material color finish textile
Fabric + Color + Finish,Material Combination,"charcoal satin, distressed finish",charcoal satin fabric with smooth reflective sheen with a distressed finish with visible wear character,fabric material color finish textile
Fabric + Color + Finish,Material Combination,"charcoal satin, heathered finish",charcoal satin fabric with smooth reflective sheen with a heathered finish with mixed tonal fibers,fabric material color finish textile
Fabric + Color + Finish,Material Combination,"charcoal satin, marled finish",charcoal satin fabric with smooth reflective sheen with a marled finish with blended multitone yarn appearance,fabric material color finish textile
Fabric + Color + Finish,Material Combination,"charcoal satin, satin-sheen finish",charcoal satin fabric with smooth reflective sheen with a subtle satin-sheen finish with controlled luster,fabric material color finish textile
Fabric + Color + Finish,Material Combination,"navy satin, matte finish",navy satin fabric with smooth reflective sheen with a matte surface finish with minimal reflectivity,fabric material color finish textile
Fabric + Color + Finish,Material Combination,"navy satin, glossy finish",navy satin fabric with smooth reflective sheen with a glossy surface finish with stronger reflectivity,fabric material color finish textile
Fabric + Color + Finish,Material Combination,"navy satin, brushed finish",navy satin fabric with smooth reflective sheen with a brushed surface finish with softened diffused texture,fabric material color finish textile
Fabric + Color + Finish,Material Combination,"navy satin, washed finish",navy satin fabric with smooth reflective sheen with a washed finish with softened lived-in coloration,fabric material color finish textile
Fabric + Color + Finish,Material Combination,"navy satin, distressed finish",navy satin fabric with smooth reflective sheen with a distressed finish with visible wear character,fabric material color finish textile
Fabric + Color + Finish,Material Combination,"navy satin, heathered finish",navy satin fabric with smooth reflective sheen with a heathered finish with mixed tonal fibers,fabric material color finish textile
Fabric + Color + Finish,Material Combination,"navy satin, marled finish",navy satin fabric with smooth reflective sheen with a marled finish with blended multitone yarn appearance,fabric material color finish textile
Fabric + Color + Finish,Material Combination,"navy satin, satin-sheen finish",navy satin fabric with smooth reflective sheen with a subtle satin-sheen finish with controlled luster,fabric material color finish textile
Fabric + Color + Finish,Material Combination,"royal blue satin, matte finish",royal blue satin fabric with smooth reflective sheen with a matte surface finish with minimal reflectivity,fabric material color finish textile
Fabric + Color + Finish,Material Combination,"royal blue satin, glossy finish",royal blue satin fabric with smooth reflective sheen with a glossy surface finish with stronger reflectivity,fabric material color finish textile
Fabric + Color + Finish,Material Combination,"royal blue satin, brushed finish",royal blue satin fabric with smooth reflective sheen with a brushed surface finish with softened diffused texture,fabric material color finish textile
Fabric + Color + Finish,Material Combination,"royal blue satin, washed finish",royal blue satin fabric with smooth reflective sheen with a washed finish with softened lived-in coloration,fabric material color finish textile
Fabric + Color + Finish,Material Combination,"royal blue satin, distressed finish",royal blue satin fabric with smooth reflective sheen with a distressed finish with visible wear character,fabric material color finish textile
Fabric + Color + Finish,Material Combination,"royal blue satin, heathered finish",royal blue satin fabric with smooth reflective sheen with a heathered finish with mixed tonal fibers,fabric material color finish textile
Fabric + Color + Finish,Material Combination,"royal blue satin, marled finish",royal blue satin fabric with smooth reflective sheen with a marled finish with blended multitone yarn appearance,fabric material color finish textile
Fabric + Color + Finish,Material Combination,"royal blue satin, satin-sheen finish",royal blue satin fabric with smooth reflective sheen with a subtle satin-sheen finish with controlled luster,fabric material color finish textile
Fabric + Color + Finish,Material Combination,"sky blue satin, matte finish",sky blue satin fabric with smooth reflective sheen with a matte surface finish with minimal reflectivity,fabric material color finish textile
Fabric + Color + Finish,Material Combination,"sky blue satin, glossy finish",sky blue satin fabric with smooth reflective sheen with a glossy surface finish with stronger reflectivity,fabric material color finish textile
Fabric + Color + Finish,Material Combination,"sky blue satin, brushed finish",sky blue satin fabric with smooth reflective sheen with a brushed surface finish with softened diffused texture,fabric material color finish textile
Fabric + Color + Finish,Material Combination,"sky blue satin, washed finish",sky blue satin fabric with smooth reflective sheen with a washed finish with softened lived-in coloration,fabric material color finish textile
Fabric + Color + Finish,Material Combination,"sky blue satin, distressed finish",sky blue satin fabric with smooth reflective sheen with a distressed finish with visible wear character,fabric material color finish textile
Fabric + Color + Finish,Material Combination,"sky blue satin, heathered finish",sky blue satin fabric with smooth reflective sheen with a heathered finish with mixed tonal fibers,fabric material color finish textile
Fabric + Color + Finish,Material Combination,"sky blue satin, marled finish",sky blue satin fabric with smooth reflective sheen with a marled finish with blended multitone yarn appearance,fabric material color finish textile
Fabric + Color + Finish,Material Combination,"sky blue satin, satin-sheen finish",sky blue satin fabric with smooth reflective sheen with a subtle satin-sheen finish with controlled luster,fabric material color finish textile
Fabric + Color + Finish,Material Combination,"red satin, matte finish",red satin fabric with smooth reflective sheen with a matte surface finish with minimal reflectivity,fabric material color finish textile
Fabric + Color + Finish,Material Combination,"red satin, glossy finish",red satin fabric with smooth reflective sheen with a glossy surface finish with stronger reflectivity,fabric material color finish textile
Fabric + Color + Finish,Material Combination,"red satin, brushed finish",red satin fabric with smooth reflective sheen with a brushed surface finish with softened diffused texture,fabric material color finish textile
Fabric + Color + Finish,Material Combination,"red satin, washed finish",red satin fabric with smooth reflective sheen with a washed finish with softened lived-in coloration,fabric material color finish textile
Fabric + Color + Finish,Material Combination,"red satin, distressed finish",red satin fabric with smooth reflective sheen with a distressed finish with visible wear character,fabric material color finish textile
Fabric + Color + Finish,Material Combination,"red satin, heathered finish",red satin fabric with smooth reflective sheen with a heathered finish with mixed tonal fibers,fabric material color finish textile
Fabric + Color + Finish,Material Combination,"red satin, marled finish",red satin fabric with smooth reflective sheen with a marled finish with blended multitone yarn appearance,fabric material color finish textile
Fabric + Color + Finish,Material Combination,"red satin, satin-sheen finish",red satin fabric with smooth reflective sheen with a subtle satin-sheen finish with controlled luster,fabric material color finish textile
Fabric + Color + Finish,Material Combination,"burgundy satin, matte finish",burgundy satin fabric with smooth reflective sheen with a matte surface finish with minimal reflectivity,fabric material color finish textile
Fabric + Color + Finish,Material Combination,"burgundy satin, glossy finish",burgundy satin fabric with smooth reflective sheen with a glossy surface finish with stronger reflectivity,fabric material color finish textile
Fabric + Color + Finish,Material Combination,"burgundy satin, brushed finish",burgundy satin fabric with smooth reflective sheen with a brushed surface finish with softened diffused texture,fabric material color finish textile
Fabric + Color + Finish,Material Combination,"burgundy satin, washed finish",burgundy satin fabric with smooth reflective sheen with a washed finish with softened lived-in coloration,fabric material color finish textile
Fabric + Color + Finish,Material Combination,"burgundy satin, distressed finish",burgundy satin fabric with smooth reflective sheen with a distressed finish with visible wear character,fabric material color finish textile
Fabric + Color + Finish,Material Combination,"burgundy satin, heathered finish",burgundy satin fabric with smooth reflective sheen with a heathered finish with mixed tonal fibers,fabric material color finish textile
Fabric + Color + Finish,Material Combination,"burgundy satin, marled finish",burgundy satin fabric with smooth reflective sheen with a marled finish with blended multitone yarn appearance,fabric material color finish textile
Fabric + Color + Finish,Material Combination,"burgundy satin, satin-sheen finish",burgundy satin fabric with smooth reflective sheen with a subtle satin-sheen finish with controlled luster,fabric material color finish textile
Fabric + Color + Finish,Material Combination,"pink satin, matte finish",pink satin fabric with smooth reflective sheen with a matte surface finish with minimal reflectivity,fabric material color finish textile
Fabric + Color + Finish,Material Combination,"pink satin, glossy finish",pink satin fabric with smooth reflective sheen with a glossy surface finish with stronger reflectivity,fabric material color finish textile
Fabric + Color + Finish,Material Combination,"pink satin, brushed finish",pink satin fabric with smooth reflective sheen with a brushed surface finish with softened diffused texture,fabric material color finish textile
Fabric + Color + Finish,Material Combination,"pink satin, washed finish",pink satin fabric with smooth reflective sheen with a washed finish with softened lived-in coloration,fabric material color finish textile
Fabric + Color + Finish,Material Combination,"pink satin, distressed finish",pink satin fabric with smooth reflective sheen with a distressed finish with visible wear character,fabric material color finish textile
Fabric + Color + Finish,Material Combination,"pink satin, heathered finish",pink satin fabric with smooth reflective sheen with a heathered finish with mixed tonal fibers,fabric material color finish textile
Fabric + Color + Finish,Material Combination,"pink satin, marled finish",pink satin fabric with smooth reflective sheen with a marled finish with blended multitone yarn appearance,fabric material color finish textile
Fabric + Color + Finish,Material Combination,"pink satin, satin-sheen finish",pink satin fabric with smooth reflective sheen with a subtle satin-sheen finish with controlled luster,fabric material color finish textile
Fabric + Color + Finish,Material Combination,"hot pink satin, matte finish",hot pink satin fabric with smooth reflective sheen with a matte surface finish with minimal reflectivity,fabric material color finish textile
Fabric + Color + Finish,Material Combination,"hot pink satin, glossy finish",hot pink satin fabric with smooth reflective sheen with a glossy surface finish with stronger reflectivity,fabric material color finish textile
Fabric + Color + Finish,Material Combination,"hot pink satin, brushed finish",hot pink satin fabric with smooth reflective sheen with a brushed surface finish with softened diffused texture,fabric material color finish textile
Fabric + Color + Finish,Material Combination,"hot pink satin, washed finish",hot pink satin fabric with smooth reflective sheen with a washed finish with softened lived-in coloration,fabric material color finish textile
Fabric + Color + Finish,Material Combination,"hot pink satin, distressed finish",hot pink satin fabric with smooth reflective sheen with a distressed finish with visible wear character,fabric material color finish textile
Fabric + Color + Finish,Material Combination,"hot pink satin, heathered finish",hot pink satin fabric with smooth reflective sheen with a heathered finish with mixed tonal fibers,fabric material color finish textile
Fabric + Color + Finish,Material Combination,"hot pink satin, marled finish",hot pink satin fabric with smooth reflective sheen with a marled finish with blended multitone yarn appearance,fabric material color finish textile
Fabric + Color + Finish,Material Combination,"hot pink satin, satin-sheen finish",hot pink satin fabric with smooth reflective sheen with a subtle satin-sheen finish with controlled luster,fabric material color finish textile
Fabric + Color + Finish,Material Combination,"orange satin, matte finish",orange satin fabric with smooth reflective sheen with a matte surface finish with minimal reflectivity,fabric material color finish textile
Fabric + Color + Finish,Material Combination,"orange satin, glossy finish",orange satin fabric with smooth reflective sheen with a glossy surface finish with stronger reflectivity,fabric material color finish textile
Fabric + Color + Finish,Material Combination,"orange satin, brushed finish",orange satin fabric with smooth reflective sheen with a brushed surface finish with softened diffused texture,fabric material color finish textile
Fabric + Color + Finish,Material Combination,"orange satin, washed finish",orange satin fabric with smooth reflective sheen with a washed finish with softened lived-in coloration,fabric material color finish textile
Fabric + Color + Finish,Material Combination,"orange satin, distressed finish",orange satin fabric with smooth reflective sheen with a distressed finish with visible wear character,fabric material color finish textile
Fabric + Color + Finish,Material Combination,"orange satin, heathered finish",orange satin fabric with smooth reflective sheen with a heathered finish with mixed tonal fibers,fabric material color finish textile
Fabric + Color + Finish,Material Combination,"orange satin, marled finish",orange satin fabric with smooth reflective sheen with a marled finish with blended multitone yarn appearance,fabric material color finish textile
Fabric + Color + Finish,Material Combination,"orange satin, satin-sheen finish",orange satin fabric with smooth reflective sheen with a subtle satin-sheen finish with controlled luster,fabric material color finish textile
Fabric + Color + Finish,Material Combination,"yellow satin, matte finish",yellow satin fabric with smooth reflective sheen with a matte surface finish with minimal reflectivity,fabric material color finish textile
Fabric + Color + Finish,Material Combination,"yellow satin, glossy finish",yellow satin fabric with smooth reflective sheen with a glossy surface finish with stronger reflectivity,fabric material color finish textile
Fabric + Color + Finish,Material Combination,"yellow satin, brushed finish",yellow satin fabric with smooth reflective sheen with a brushed surface finish with softened diffused texture,fabric material color finish textile
Fabric + Color + Finish,Material Combination,"yellow satin, washed finish",yellow satin fabric with smooth reflective sheen with a washed finish with softened lived-in coloration,fabric material color finish textile
Fabric + Color + Finish,Material Combination,"yellow satin, distressed finish",yellow satin fabric with smooth reflective sheen with a distressed finish with visible wear character,fabric material color finish textile
Fabric + Color + Finish,Material Combination,"yellow satin, heathered finish",yellow satin fabric with smooth reflective sheen with a heathered finish with mixed tonal fibers,fabric material color finish textile
Fabric + Color + Finish,Material Combination,"yellow satin, marled finish",yellow satin fabric with smooth reflective sheen with a marled finish with blended multitone yarn appearance,fabric material color finish textile
Fabric + Color + Finish,Material Combination,"yellow satin, satin-sheen finish",yellow satin fabric with smooth reflective sheen with a subtle satin-sheen finish with controlled luster,fabric material color finish textile
Fabric + Color + Finish,Material Combination,"olive green satin, matte finish",olive green satin fabric with smooth reflective sheen with a matte surface finish with minimal reflectivity,fabric material color finish textile
Fabric + Color + Finish,Material Combination,"olive green satin, glossy finish",olive green satin fabric with smooth reflective sheen with a glossy surface finish with stronger reflectivity,fabric material color finish textile
Fabric + Color + Finish,Material Combination,"olive green satin, brushed finish",olive green satin fabric with smooth reflective sheen with a brushed surface finish with softened diffused texture,fabric material color finish textile
Fabric + Color + Finish,Material Combination,"olive green satin, washed finish",olive green satin fabric with smooth reflective sheen with a washed finish with softened lived-in coloration,fabric material color finish textile
Fabric + Color + Finish,Material Combination,"olive green satin, distressed finish",olive green satin fabric with smooth reflective sheen with a distressed finish with visible wear character,fabric material color finish textile
Fabric + Color + Finish,Material Combination,"olive green satin, heathered finish",olive green satin fabric with smooth reflective sheen with a heathered finish with mixed tonal fibers,fabric material color finish textile
Fabric + Color + Finish,Material Combination,"olive green satin, marled finish",olive green satin fabric with smooth reflective sheen with a marled finish with blended multitone yarn appearance,fabric material color finish textile
Fabric + Color + Finish,Material Combination,"olive green satin, satin-sheen finish",olive green satin fabric with smooth reflective sheen with a subtle satin-sheen finish with controlled luster,fabric material color finish textile
Fabric + Color + Finish,Material Combination,"sage green satin, matte finish",sage green satin fabric with smooth reflective sheen with a matte surface finish with minimal reflectivity,fabric material color finish textile
Fabric + Color + Finish,Material Combination,"sage green satin, glossy finish",sage green satin fabric with smooth reflective sheen with a glossy surface finish with stronger reflectivity,fabric material color finish textile
Fabric + Color + Finish,Material Combination,"sage green satin, brushed finish",sage green satin fabric with smooth reflective sheen with a brushed surface finish with softened diffused texture,fabric material color finish textile
Fabric + Color + Finish,Material Combination,"sage green satin, washed finish",sage green satin fabric with smooth reflective sheen with a washed finish with softened lived-in coloration,fabric material color finish textile
Fabric + Color + Finish,Material Combination,"sage green satin, distressed finish",sage green satin fabric with smooth reflective sheen with a distressed finish with visible wear character,fabric material color finish textile
Fabric + Color + Finish,Material Combination,"sage green satin, heathered finish",sage green satin fabric with smooth reflective sheen with a heathered finish with mixed tonal fibers,fabric material color finish textile
Fabric + Color + Finish,Material Combination,"sage green satin, marled finish",sage green satin fabric with smooth reflective sheen with a marled finish with blended multitone yarn appearance,fabric material color finish textile
Fabric + Color + Finish,Material Combination,"sage green satin, satin-sheen finish",sage green satin fabric with smooth reflective sheen with a subtle satin-sheen finish with controlled luster,fabric material color finish textile
Fabric + Color + Finish,Material Combination,"emerald green satin, matte finish",emerald green satin fabric with smooth reflective sheen with a matte surface finish with minimal reflectivity,fabric material color finish textile
Fabric + Color + Finish,Material Combination,"emerald green satin, glossy finish",emerald green satin fabric with smooth reflective sheen with a glossy surface finish with stronger reflectivity,fabric material color finish textile
Fabric + Color + Finish,Material Combination,"emerald green satin, brushed finish",emerald green satin fabric with smooth reflective sheen with a brushed surface finish with softened diffused texture,fabric material color finish textile
Fabric + Color + Finish,Material Combination,"emerald green satin, washed finish",emerald green satin fabric with smooth reflective sheen with a washed finish with softened lived-in coloration,fabric material color finish textile
Fabric + Color + Finish,Material Combination,"emerald green satin, distressed finish",emerald green satin fabric with smooth reflective sheen with a distressed finish with visible wear character,fabric material color finish textile
Fabric + Color + Finish,Material Combination,"emerald green satin, heathered finish",emerald green satin fabric with smooth reflective sheen with a heathered finish with mixed tonal fibers,fabric material color finish textile
Fabric + Color + Finish,Material Combination,"emerald green satin, marled finish",emerald green satin fabric with smooth reflective sheen with a marled finish with blended multitone yarn appearance,fabric material color finish textile
Fabric + Color + Finish,Material Combination,"emerald green satin, satin-sheen finish",emerald green satin fabric with smooth reflective sheen with a subtle satin-sheen finish with controlled luster,fabric material color finish textile
Fabric + Color + Finish,Material Combination,"teal satin, matte finish",teal satin fabric with smooth reflective sheen with a matte surface finish with minimal reflectivity,fabric material color finish textile
Fabric + Color + Finish,Material Combination,"teal satin, glossy finish",teal satin fabric with smooth reflective sheen with a glossy surface finish with stronger reflectivity,fabric material color finish textile
Fabric + Color + Finish,Material Combination,"teal satin, brushed finish",teal satin fabric with smooth reflective sheen with a brushed surface finish with softened diffused texture,fabric material color finish textile
Fabric + Color + Finish,Material Combination,"teal satin, washed finish",teal satin fabric with smooth reflective sheen with a washed finish with softened lived-in coloration,fabric material color finish textile
Fabric + Color + Finish,Material Combination,"teal satin, distressed finish",teal satin fabric with smooth reflective sheen with a distressed finish with visible wear character,fabric material color finish textile
Fabric + Color + Finish,Material Combination,"teal satin, heathered finish",teal satin fabric with smooth reflective sheen with a heathered finish with mixed tonal fibers,fabric material color finish textile
Fabric + Color + Finish,Material Combination,"teal satin, marled finish",teal satin fabric with smooth reflective sheen with a marled finish with blended multitone yarn appearance,fabric material color finish textile
Fabric + Color + Finish,Material Combination,"teal satin, satin-sheen finish",teal satin fabric with smooth reflective sheen with a subtle satin-sheen finish with controlled luster,fabric material color finish textile
Fabric + Color + Finish,Material Combination,"purple satin, matte finish",purple satin fabric with smooth reflective sheen with a matte surface finish with minimal reflectivity,fabric material color finish textile
Fabric + Color + Finish,Material Combination,"purple satin, glossy finish",purple satin fabric with smooth reflective sheen with a glossy surface finish with stronger reflectivity,fabric material color finish textile
Fabric + Color + Finish,Material Combination,"purple satin, brushed finish",purple satin fabric with smooth reflective sheen with a brushed surface finish with softened diffused texture,fabric material color finish textile
Fabric + Color + Finish,Material Combination,"purple satin, washed finish",purple satin fabric with smooth reflective sheen with a washed finish with softened lived-in coloration,fabric material color finish textile
Fabric + Color + Finish,Material Combination,"purple satin, distressed finish",purple satin fabric with smooth reflective sheen with a distressed finish with visible wear character,fabric material color finish textile
Fabric + Color + Finish,Material Combination,"purple satin, heathered finish",purple satin fabric with smooth reflective sheen with a heathered finish with mixed tonal fibers,fabric material color finish textile
Fabric + Color + Finish,Material Combination,"purple satin, marled finish",purple satin fabric with smooth reflective sheen with a marled finish with blended multitone yarn appearance,fabric material color finish textile
Fabric + Color + Finish,Material Combination,"purple satin, satin-sheen finish",purple satin fabric with smooth reflective sheen with a subtle satin-sheen finish with controlled luster,fabric material color finish textile
Fabric + Color + Finish,Material Combination,"lavender satin, matte finish",lavender satin fabric with smooth reflective sheen with a matte surface finish with minimal reflectivity,fabric material color finish textile
Fabric + Color + Finish,Material Combination,"lavender satin, glossy finish",lavender satin fabric with smooth reflective sheen with a glossy surface finish with stronger reflectivity,fabric material color finish textile
Fabric + Color + Finish,Material Combination,"lavender satin, brushed finish",lavender satin fabric with smooth reflective sheen with a brushed surface finish with softened diffused texture,fabric material color finish textile
Fabric + Color + Finish,Material Combination,"lavender satin, washed finish",lavender satin fabric with smooth reflective sheen with a washed finish with softened lived-in coloration,fabric material color finish textile
Fabric + Color + Finish,Material Combination,"lavender satin, distressed finish",lavender satin fabric with smooth reflective sheen with a distressed finish with visible wear character,fabric material color finish textile
Fabric + Color + Finish,Material Combination,"lavender satin, heathered finish",lavender satin fabric with smooth reflective sheen with a heathered finish with mixed tonal fibers,fabric material color finish textile
Fabric + Color + Finish,Material Combination,"lavender satin, marled finish",lavender satin fabric with smooth reflective sheen with a marled finish with blended multitone yarn appearance,fabric material color finish textile
Fabric + Color + Finish,Material Combination,"lavender satin, satin-sheen finish",lavender satin fabric with smooth reflective sheen with a subtle satin-sheen finish with controlled luster,fabric material color finish textile
Fabric + Color + Finish,Material Combination,"brown satin, matte finish",brown satin fabric with smooth reflective sheen with a matte surface finish with minimal reflectivity,fabric material color finish textile
Fabric + Color + Finish,Material Combination,"brown satin, glossy finish",brown satin fabric with smooth reflective sheen with a glossy surface finish with stronger reflectivity,fabric material color finish textile
Fabric + Color + Finish,Material Combination,"brown satin, brushed finish",brown satin fabric with smooth reflective sheen with a brushed surface finish with softened diffused texture,fabric material color finish textile
Fabric + Color + Finish,Material Combination,"brown satin, washed finish",brown satin fabric with smooth reflective sheen with a washed finish with softened lived-in coloration,fabric material color finish textile
Fabric + Color + Finish,Material Combination,"brown satin, distressed finish",brown satin fabric with smooth reflective sheen with a distressed finish with visible wear character,fabric material color finish textile
Fabric + Color + Finish,Material Combination,"brown satin, heathered finish",brown satin fabric with smooth reflective sheen with a heathered finish with mixed tonal fibers,fabric material color finish textile
Fabric + Color + Finish,Material Combination,"brown satin, marled finish",brown satin fabric with smooth reflective sheen with a marled finish with blended multitone yarn appearance,fabric material color finish textile
Fabric + Color + Finish,Material Combination,"brown satin, satin-sheen finish",brown satin fabric with smooth reflective sheen with a subtle satin-sheen finish with controlled luster,fabric material color finish textile
Fabric + Color + Finish,Material Combination,"tan satin, matte finish",tan satin fabric with smooth reflective sheen with a matte surface finish with minimal reflectivity,fabric material color finish textile
Fabric + Color + Finish,Material Combination,"tan satin, glossy finish",tan satin fabric with smooth reflective sheen with a glossy surface finish with stronger reflectivity,fabric material color finish textile
Fabric + Color + Finish,Material Combination,"tan satin, brushed finish",tan satin fabric with smooth reflective sheen with a brushed surface finish with softened diffused texture,fabric material color finish textile
Fabric + Color + Finish,Material Combination,"tan satin, washed finish",tan satin fabric with smooth reflective sheen with a washed finish with softened lived-in coloration,fabric material color finish textile
Fabric + Color + Finish,Material Combination,"tan satin, distressed finish",tan satin fabric with smooth reflective sheen with a distressed finish with visible wear character,fabric material color finish textile
Fabric + Color + Finish,Material Combination,"tan satin, heathered finish",tan satin fabric with smooth reflective sheen with a heathered finish with mixed tonal fibers,fabric material color finish textile
Fabric + Color + Finish,Material Combination,"tan satin, marled finish",tan satin fabric with smooth reflective sheen with a marled finish with blended multitone yarn appearance,fabric material color finish textile
Fabric + Color + Finish,Material Combination,"tan satin, satin-sheen finish",tan satin fabric with smooth reflective sheen with a subtle satin-sheen finish with controlled luster,fabric material color finish textile
Fabric + Color + Finish,Material Combination,"silver satin, matte finish",silver satin fabric with smooth reflective sheen with a matte surface finish with minimal reflectivity,fabric material color finish textile
Fabric + Color + Finish,Material Combination,"silver satin, glossy finish",silver satin fabric with smooth reflective sheen with a glossy surface finish with stronger reflectivity,fabric material color finish textile
Fabric + Color + Finish,Material Combination,"silver satin, brushed finish",silver satin fabric with smooth reflective sheen with a brushed surface finish with softened diffused texture,fabric material color finish textile
Fabric + Color + Finish,Material Combination,"silver satin, washed finish",silver satin fabric with smooth reflective sheen with a washed finish with softened lived-in coloration,fabric material color finish textile
Fabric + Color + Finish,Material Combination,"silver satin, distressed finish",silver satin fabric with smooth reflective sheen with a distressed finish with visible wear character,fabric material color finish textile
Fabric + Color + Finish,Material Combination,"silver satin, heathered finish",silver satin fabric with smooth reflective sheen with a heathered finish with mixed tonal fibers,fabric material color finish textile
Fabric + Color + Finish,Material Combination,"silver satin, marled finish",silver satin fabric with smooth reflective sheen with a marled finish with blended multitone yarn appearance,fabric material color finish textile
Fabric + Color + Finish,Material Combination,"silver satin, satin-sheen finish",silver satin fabric with smooth reflective sheen with a subtle satin-sheen finish with controlled luster,fabric material color finish textile
Fabric + Color + Finish,Material Combination,"gold satin, matte finish",gold satin fabric with smooth reflective sheen with a matte surface finish with minimal reflectivity,fabric material color finish textile
Fabric + Color + Finish,Material Combination,"gold satin, glossy finish",gold satin fabric with smooth reflective sheen with a glossy surface finish with stronger reflectivity,fabric material color finish textile
Fabric + Color + Finish,Material Combination,"gold satin, brushed finish",gold satin fabric with smooth reflective sheen with a brushed surface finish with softened diffused texture,fabric material color finish textile
Fabric + Color + Finish,Material Combination,"gold satin, washed finish",gold satin fabric with smooth reflective sheen with a washed finish with softened lived-in coloration,fabric material color finish textile
Fabric + Color + Finish,Material Combination,"gold satin, distressed finish",gold satin fabric with smooth reflective sheen with a distressed finish with visible wear character,fabric material color finish textile
Fabric + Color + Finish,Material Combination,"gold satin, heathered finish",gold satin fabric with smooth reflective sheen with a heathered finish with mixed tonal fibers,fabric material color finish textile
Fabric + Color + Finish,Material Combination,"gold satin, marled finish",gold satin fabric with smooth reflective sheen with a marled finish with blended multitone yarn appearance,fabric material color finish textile
Fabric + Color + Finish,Material Combination,"gold satin, satin-sheen finish",gold satin fabric with smooth reflective sheen with a subtle satin-sheen finish with controlled luster,fabric material color finish textile
Fabric + Color + Finish,Material Combination,"white silk, matte finish",white silk fabric with fluid drape and soft luster with a matte surface finish with minimal reflectivity,fabric material color finish textile
Fabric + Color + Finish,Material Combination,"white silk, glossy finish",white silk fabric with fluid drape and soft luster with a glossy surface finish with stronger reflectivity,fabric material color finish textile
Fabric + Color + Finish,Material Combination,"white silk, brushed finish",white silk fabric with fluid drape and soft luster with a brushed surface finish with softened diffused texture,fabric material color finish textile
Fabric + Color + Finish,Material Combination,"white silk, washed finish",white silk fabric with fluid drape and soft luster with a washed finish with softened lived-in coloration,fabric material color finish textile
Fabric + Color + Finish,Material Combination,"white silk, distressed finish",white silk fabric with fluid drape and soft luster with a distressed finish with visible wear character,fabric material color finish textile
Fabric + Color + Finish,Material Combination,"white silk, heathered finish",white silk fabric with fluid drape and soft luster with a heathered finish with mixed tonal fibers,fabric material color finish textile
Fabric + Color + Finish,Material Combination,"white silk, marled finish",white silk fabric with fluid drape and soft luster with a marled finish with blended multitone yarn appearance,fabric material color finish textile
Fabric + Color + Finish,Material Combination,"white silk, satin-sheen finish",white silk fabric with fluid drape and soft luster with a subtle satin-sheen finish with controlled luster,fabric material color finish textile
Fabric + Color + Finish,Material Combination,"black silk, matte finish",black silk fabric with fluid drape and soft luster with a matte surface finish with minimal reflectivity,fabric material color finish textile
Fabric + Color + Finish,Material Combination,"black silk, glossy finish",black silk fabric with fluid drape and soft luster with a glossy surface finish with stronger reflectivity,fabric material color finish textile
Fabric + Color + Finish,Material Combination,"black silk, brushed finish",black silk fabric with fluid drape and soft luster with a brushed surface finish with softened diffused texture,fabric material color finish textile
Fabric + Color + Finish,Material Combination,"black silk, washed finish",black silk fabric with fluid drape and soft luster with a washed finish with softened lived-in coloration,fabric material color finish textile
Fabric + Color + Finish,Material Combination,"black silk, distressed finish",black silk fabric with fluid drape and soft luster with a distressed finish with visible wear character,fabric material color finish textile
Fabric + Color + Finish,Material Combination,"black silk, heathered finish",black silk fabric with fluid drape and soft luster with a heathered finish with mixed tonal fibers,fabric material color finish textile
Fabric + Color + Finish,Material Combination,"black silk, marled finish",black silk fabric with fluid drape and soft luster with a marled finish with blended multitone yarn appearance,fabric material color finish textile
Fabric + Color + Finish,Material Combination,"black silk, satin-sheen finish",black silk fabric with fluid drape and soft luster with a subtle satin-sheen finish with controlled luster,fabric material color finish textile
Fabric + Color + Finish,Material Combination,"cream silk, matte finish",cream silk fabric with fluid drape and soft luster with a matte surface finish with minimal reflectivity,fabric material color finish textile
Fabric + Color + Finish,Material Combination,"cream silk, glossy finish",cream silk fabric with fluid drape and soft luster with a glossy surface finish with stronger reflectivity,fabric material color finish textile
Fabric + Color + Finish,Material Combination,"cream silk, brushed finish",cream silk fabric with fluid drape and soft luster with a brushed surface finish with softened diffused texture,fabric material color finish textile
Fabric + Color + Finish,Material Combination,"cream silk, washed finish",cream silk fabric with fluid drape and soft luster with a washed finish with softened lived-in coloration,fabric material color finish textile
Fabric + Color + Finish,Material Combination,"cream silk, distressed finish",cream silk fabric with fluid drape and soft luster with a distressed finish with visible wear character,fabric material color finish textile
Fabric + Color + Finish,Material Combination,"cream silk, heathered finish",cream silk fabric with fluid drape and soft luster with a heathered finish with mixed tonal fibers,fabric material color finish textile
Fabric + Color + Finish,Material Combination,"cream silk, marled finish",cream silk fabric with fluid drape and soft luster with a marled finish with blended multitone yarn appearance,fabric material color finish textile
Fabric + Color + Finish,Material Combination,"cream silk, satin-sheen finish",cream silk fabric with fluid drape and soft luster with a subtle satin-sheen finish with controlled luster,fabric material color finish textile
Fabric + Color + Finish,Material Combination,"beige silk, matte finish",beige silk fabric with fluid drape and soft luster with a matte surface finish with minimal reflectivity,fabric material color finish textile
Fabric + Color + Finish,Material Combination,"beige silk, glossy finish",beige silk fabric with fluid drape and soft luster with a glossy surface finish with stronger reflectivity,fabric material color finish textile
Fabric + Color + Finish,Material Combination,"beige silk, brushed finish",beige silk fabric with fluid drape and soft luster with a brushed surface finish with softened diffused texture,fabric material color finish textile
Fabric + Color + Finish,Material Combination,"beige silk, washed finish",beige silk fabric with fluid drape and soft luster with a washed finish with softened lived-in coloration,fabric material color finish textile
Fabric + Color + Finish,Material Combination,"beige silk, distressed finish",beige silk fabric with fluid drape and soft luster with a distressed finish with visible wear character,fabric material color finish textile
Fabric + Color + Finish,Material Combination,"beige silk, heathered finish",beige silk fabric with fluid drape and soft luster with a heathered finish with mixed tonal fibers,fabric material color finish textile
Fabric + Color + Finish,Material Combination,"beige silk, marled finish",beige silk fabric with fluid drape and soft luster with a marled finish with blended multitone yarn appearance,fabric material color finish textile
Fabric + Color + Finish,Material Combination,"beige silk, satin-sheen finish",beige silk fabric with fluid drape and soft luster with a subtle satin-sheen finish with controlled luster,fabric material color finish textile
Fabric + Color + Finish,Material Combination,"camel silk, matte finish",camel silk fabric with fluid drape and soft luster with a matte surface finish with minimal reflectivity,fabric material color finish textile
Fabric + Color + Finish,Material Combination,"camel silk, glossy finish",camel silk fabric with fluid drape and soft luster with a glossy surface finish with stronger reflectivity,fabric material color finish textile
Fabric + Color + Finish,Material Combination,"camel silk, brushed finish",camel silk fabric with fluid drape and soft luster with a brushed surface finish with softened diffused texture,fabric material color finish textile
Fabric + Color + Finish,Material Combination,"camel silk, washed finish",camel silk fabric with fluid drape and soft luster with a washed finish with softened lived-in coloration,fabric material color finish textile
Fabric + Color + Finish,Material Combination,"camel silk, distressed finish",camel silk fabric with fluid drape and soft luster with a distressed finish with visible wear character,fabric material color finish textile
Fabric + Color + Finish,Material Combination,"camel silk, heathered finish",camel silk fabric with fluid drape and soft luster with a heathered finish with mixed tonal fibers,fabric material color finish textile
Fabric + Color + Finish,Material Combination,"camel silk, marled finish",camel silk fabric with fluid drape and soft luster with a marled finish with blended multitone yarn appearance,fabric material color finish textile
Fabric + Color + Finish,Material Combination,"camel silk, satin-sheen finish",camel silk fabric with fluid drape and soft luster with a subtle satin-sheen finish with controlled luster,fabric material color finish textile
Fabric + Color + Finish,Material Combination,"gray silk, matte finish",gray silk fabric with fluid drape and soft luster with a matte surface finish with minimal reflectivity,fabric material color finish textile
Fabric + Color + Finish,Material Combination,"gray silk, glossy finish",gray silk fabric with fluid drape and soft luster with a glossy surface finish with stronger reflectivity,fabric material color finish textile
Fabric + Color + Finish,Material Combination,"gray silk, brushed finish",gray silk fabric with fluid drape and soft luster with a brushed surface finish with softened diffused texture,fabric material color finish textile
Fabric + Color + Finish,Material Combination,"gray silk, washed finish",gray silk fabric with fluid drape and soft luster with a washed finish with softened lived-in coloration,fabric material color finish textile
Fabric + Color + Finish,Material Combination,"gray silk, distressed finish",gray silk fabric with fluid drape and soft luster with a distressed finish with visible wear character,fabric material color finish textile
Fabric + Color + Finish,Material Combination,"gray silk, heathered finish",gray silk fabric with fluid drape and soft luster with a heathered finish with mixed tonal fibers,fabric material color finish textile
Fabric + Color + Finish,Material Combination,"gray silk, marled finish",gray silk fabric with fluid drape and soft luster with a marled finish with blended multitone yarn appearance,fabric material color finish textile
Fabric + Color + Finish,Material Combination,"gray silk, satin-sheen finish",gray silk fabric with fluid drape and soft luster with a subtle satin-sheen finish with controlled luster,fabric material color finish textile
Fabric + Color + Finish,Material Combination,"charcoal silk, matte finish",charcoal silk fabric with fluid drape and soft luster with a matte surface finish with minimal reflectivity,fabric material color finish textile
Fabric + Color + Finish,Material Combination,"charcoal silk, glossy finish",charcoal silk fabric with fluid drape and soft luster with a glossy surface finish with stronger reflectivity,fabric material color finish textile
Fabric + Color + Finish,Material Combination,"charcoal silk, brushed finish",charcoal silk fabric with fluid drape and soft luster with a brushed surface finish with softened diffused texture,fabric material color finish textile
Fabric + Color + Finish,Material Combination,"charcoal silk, washed finish",charcoal silk fabric with fluid drape and soft luster with a washed finish with softened lived-in coloration,fabric material color finish textile
Fabric + Color + Finish,Material Combination,"charcoal silk, distressed finish",charcoal silk fabric with fluid drape and soft luster with a distressed finish with visible wear character,fabric material color finish textile
Fabric + Color + Finish,Material Combination,"charcoal silk, heathered finish",charcoal silk fabric with fluid drape and soft luster with a heathered finish with mixed tonal fibers,fabric material color finish textile
Fabric + Color + Finish,Material Combination,"charcoal silk, marled finish",charcoal silk fabric with fluid drape and soft luster with a marled finish with blended multitone yarn appearance,fabric material color finish textile
Fabric + Color + Finish,Material Combination,"charcoal silk, satin-sheen finish",charcoal silk fabric with fluid drape and soft luster with a subtle satin-sheen finish with controlled luster,fabric material color finish textile
Fabric + Color + Finish,Material Combination,"navy silk, matte finish",navy silk fabric with fluid drape and soft luster with a matte surface finish with minimal reflectivity,fabric material color finish textile
Fabric + Color + Finish,Material Combination,"navy silk, glossy finish",navy silk fabric with fluid drape and soft luster with a glossy surface finish with stronger reflectivity,fabric material color finish textile
Fabric + Color + Finish,Material Combination,"navy silk, brushed finish",navy silk fabric with fluid drape and soft luster with a brushed surface finish with softened diffused texture,fabric material color finish textile
Fabric + Color + Finish,Material Combination,"navy silk, washed finish",navy silk fabric with fluid drape and soft luster with a washed finish with softened lived-in coloration,fabric material color finish textile
Fabric + Color + Finish,Material Combination,"navy silk, distressed finish",navy silk fabric with fluid drape and soft luster with a distressed finish with visible wear character,fabric material color finish textile
Fabric + Color + Finish,Material Combination,"navy silk, heathered finish",navy silk fabric with fluid drape and soft luster with a heathered finish with mixed tonal fibers,fabric material color finish textile
Fabric + Color + Finish,Material Combination,"navy silk, marled finish",navy silk fabric with fluid drape and soft luster with a marled finish with blended multitone yarn appearance,fabric material color finish textile
Fabric + Color + Finish,Material Combination,"navy silk, satin-sheen finish",navy silk fabric with fluid drape and soft luster with a subtle satin-sheen finish with controlled luster,fabric material color finish textile
Fabric + Color + Finish,Material Combination,"royal blue silk, matte finish",royal blue silk fabric with fluid drape and soft luster with a matte surface finish with minimal reflectivity,fabric material color finish textile
Fabric + Color + Finish,Material Combination,"royal blue silk, glossy finish",royal blue silk fabric with fluid drape and soft luster with a glossy surface finish with stronger reflectivity,fabric material color finish textile
Fabric + Color + Finish,Material Combination,"royal blue silk, brushed finish",royal blue silk fabric with fluid drape and soft luster with a brushed surface finish with softened diffused texture,fabric material color finish textile
Fabric + Color + Finish,Material Combination,"royal blue silk, washed finish",royal blue silk fabric with fluid drape and soft luster with a washed finish with softened lived-in coloration,fabric material color finish textile
Fabric + Color + Finish,Material Combination,"royal blue silk, distressed finish",royal blue silk fabric with fluid drape and soft luster with a distressed finish with visible wear character,fabric material color finish textile
Fabric + Color + Finish,Material Combination,"royal blue silk, heathered finish",royal blue silk fabric with fluid drape and soft luster with a heathered finish with mixed tonal fibers,fabric material color finish textile
Fabric + Color + Finish,Material Combination,"royal blue silk, marled finish",royal blue silk fabric with fluid drape and soft luster with a marled finish with blended multitone yarn appearance,fabric material color finish textile
Fabric + Color + Finish,Material Combination,"royal blue silk, satin-sheen finish",royal blue silk fabric with fluid drape and soft luster with a subtle satin-sheen finish with controlled luster,fabric material color finish textile
Fabric + Color + Finish,Material Combination,"sky blue silk, matte finish",sky blue silk fabric with fluid drape and soft luster with a matte surface finish with minimal reflectivity,fabric material color finish textile
Fabric + Color + Finish,Material Combination,"sky blue silk, glossy finish",sky blue silk fabric with fluid drape and soft luster with a glossy surface finish with stronger reflectivity,fabric material color finish textile
Fabric + Color + Finish,Material Combination,"sky blue silk, brushed finish",sky blue silk fabric with fluid drape and soft luster with a brushed surface finish with softened diffused texture,fabric material color finish textile
Fabric + Color + Finish,Material Combination,"sky blue silk, washed finish",sky blue silk fabric with fluid drape and soft luster with a washed finish with softened lived-in coloration,fabric material color finish textile
Fabric + Color + Finish,Material Combination,"sky blue silk, distressed finish",sky blue silk fabric with fluid drape and soft luster with a distressed finish with visible wear character,fabric material color finish textile
Fabric + Color + Finish,Material Combination,"sky blue silk, heathered finish",sky blue silk fabric with fluid drape and soft luster with a heathered finish with mixed tonal fibers,fabric material color finish textile
Fabric + Color + Finish,Material Combination,"sky blue silk, marled finish",sky blue silk fabric with fluid drape and soft luster with a marled finish with blended multitone yarn appearance,fabric material color finish textile
Fabric + Color + Finish,Material Combination,"sky blue silk, satin-sheen finish",sky blue silk fabric with fluid drape and soft luster with a subtle satin-sheen finish with controlled luster,fabric material color finish textile
Fabric + Color + Finish,Material Combination,"red silk, matte finish",red silk fabric with fluid drape and soft luster with a matte surface finish with minimal reflectivity,fabric material color finish textile
Fabric + Color + Finish,Material Combination,"red silk, glossy finish",red silk fabric with fluid drape and soft luster with a glossy surface finish with stronger reflectivity,fabric material color finish textile
Fabric + Color + Finish,Material Combination,"red silk, brushed finish",red silk fabric with fluid drape and soft luster with a brushed surface finish with softened diffused texture,fabric material color finish textile
Fabric + Color + Finish,Material Combination,"red silk, washed finish",red silk fabric with fluid drape and soft luster with a washed finish with softened lived-in coloration,fabric material color finish textile
Fabric + Color + Finish,Material Combination,"red silk, distressed finish",red silk fabric with fluid drape and soft luster with a distressed finish with visible wear character,fabric material color finish textile
Fabric + Color + Finish,Material Combination,"red silk, heathered finish",red silk fabric with fluid drape and soft luster with a heathered finish with mixed tonal fibers,fabric material color finish textile
Fabric + Color + Finish,Material Combination,"red silk, marled finish",red silk fabric with fluid drape and soft luster with a marled finish with blended multitone yarn appearance,fabric material color finish textile
Fabric + Color + Finish,Material Combination,"red silk, satin-sheen finish",red silk fabric with fluid drape and soft luster with a subtle satin-sheen finish with controlled luster,fabric material color finish textile
Fabric + Color + Finish,Material Combination,"burgundy silk, matte finish",burgundy silk fabric with fluid drape and soft luster with a matte surface finish with minimal reflectivity,fabric material color finish textile
Fabric + Color + Finish,Material Combination,"burgundy silk, glossy finish",burgundy silk fabric with fluid drape and soft luster with a glossy surface finish with stronger reflectivity,fabric material color finish textile
Fabric + Color + Finish,Material Combination,"burgundy silk, brushed finish",burgundy silk fabric with fluid drape and soft luster with a brushed surface finish with softened diffused texture,fabric material color finish textile
Fabric + Color + Finish,Material Combination,"burgundy silk, washed finish",burgundy silk fabric with fluid drape and soft luster with a washed finish with softened lived-in coloration,fabric material color finish textile
Fabric + Color + Finish,Material Combination,"burgundy silk, distressed finish",burgundy silk fabric with fluid drape and soft luster with a distressed finish with visible wear character,fabric material color finish textile
Fabric + Color + Finish,Material Combination,"burgundy silk, heathered finish",burgundy silk fabric with fluid drape and soft luster with a heathered finish with mixed tonal fibers,fabric material color finish textile
Fabric + Color + Finish,Material Combination,"burgundy silk, marled finish",burgundy silk fabric with fluid drape and soft luster with a marled finish with blended multitone yarn appearance,fabric material color finish textile
Fabric + Color + Finish,Material Combination,"burgundy silk, satin-sheen finish",burgundy silk fabric with fluid drape and soft luster with a subtle satin-sheen finish with controlled luster,fabric material color finish textile
Fabric + Color + Finish,Material Combination,"pink silk, matte finish",pink silk fabric with fluid drape and soft luster with a matte surface finish with minimal reflectivity,fabric material color finish textile
Fabric + Color + Finish,Material Combination,"pink silk, glossy finish",pink silk fabric with fluid drape and soft luster with a glossy surface finish with stronger reflectivity,fabric material color finish textile
Fabric + Color + Finish,Material Combination,"pink silk, brushed finish",pink silk fabric with fluid drape and soft luster with a brushed surface finish with softened diffused texture,fabric material color finish textile
Fabric + Color + Finish,Material Combination,"pink silk, washed finish",pink silk fabric with fluid drape and soft luster with a washed finish with softened lived-in coloration,fabric material color finish textile
Fabric + Color + Finish,Material Combination,"pink silk, distressed finish",pink silk fabric with fluid drape and soft luster with a distressed finish with visible wear character,fabric material color finish textile
Fabric + Color + Finish,Material Combination,"pink silk, heathered finish",pink silk fabric with fluid drape and soft luster with a heathered finish with mixed tonal fibers,fabric material color finish textile
Fabric + Color + Finish,Material Combination,"pink silk, marled finish",pink silk fabric with fluid drape and soft luster with a marled finish with blended multitone yarn appearance,fabric material color finish textile
Fabric + Color + Finish,Material Combination,"pink silk, satin-sheen finish",pink silk fabric with fluid drape and soft luster with a subtle satin-sheen finish with controlled luster,fabric material color finish textile
Fabric + Color + Finish,Material Combination,"hot pink silk, matte finish",hot pink silk fabric with fluid drape and soft luster with a matte surface finish with minimal reflectivity,fabric material color finish textile
Fabric + Color + Finish,Material Combination,"hot pink silk, glossy finish",hot pink silk fabric with fluid drape and soft luster with a glossy surface finish with stronger reflectivity,fabric material color finish textile
Fabric + Color + Finish,Material Combination,"hot pink silk, brushed finish",hot pink silk fabric with fluid drape and soft luster with a brushed surface finish with softened diffused texture,fabric material color finish textile
Fabric + Color + Finish,Material Combination,"hot pink silk, washed finish",hot pink silk fabric with fluid drape and soft luster with a washed finish with softened lived-in coloration,fabric material color finish textile
Fabric + Color + Finish,Material Combination,"hot pink silk, distressed finish",hot pink silk fabric with fluid drape and soft luster with a distressed finish with visible wear character,fabric material color finish textile
Fabric + Color + Finish,Material Combination,"hot pink silk, heathered finish",hot pink silk fabric with fluid drape and soft luster with a heathered finish with mixed tonal fibers,fabric material color finish textile
Fabric + Color + Finish,Material Combination,"hot pink silk, marled finish",hot pink silk fabric with fluid drape and soft luster with a marled finish with blended multitone yarn appearance,fabric material color finish textile
Fabric + Color + Finish,Material Combination,"hot pink silk, satin-sheen finish",hot pink silk fabric with fluid drape and soft luster with a subtle satin-sheen finish with controlled luster,fabric material color finish textile
Fabric + Color + Finish,Material Combination,"orange silk, matte finish",orange silk fabric with fluid drape and soft luster with a matte surface finish with minimal reflectivity,fabric material color finish textile
Fabric + Color + Finish,Material Combination,"orange silk, glossy finish",orange silk fabric with fluid drape and soft luster with a glossy surface finish with stronger reflectivity,fabric material color finish textile
Fabric + Color + Finish,Material Combination,"orange silk, brushed finish",orange silk fabric with fluid drape and soft luster with a brushed surface finish with softened diffused texture,fabric material color finish textile
Fabric + Color + Finish,Material Combination,"orange silk, washed finish",orange silk fabric with fluid drape and soft luster with a washed finish with softened lived-in coloration,fabric material color finish textile
Fabric + Color + Finish,Material Combination,"orange silk, distressed finish",orange silk fabric with fluid drape and soft luster with a distressed finish with visible wear character,fabric material color finish textile
Fabric + Color + Finish,Material Combination,"orange silk, heathered finish",orange silk fabric with fluid drape and soft luster with a heathered finish with mixed tonal fibers,fabric material color finish textile
Fabric + Color + Finish,Material Combination,"orange silk, marled finish",orange silk fabric with fluid drape and soft luster with a marled finish with blended multitone yarn appearance,fabric material color finish textile
Fabric + Color + Finish,Material Combination,"orange silk, satin-sheen finish",orange silk fabric with fluid drape and soft luster with a subtle satin-sheen finish with controlled luster,fabric material color finish textile
Fabric + Color + Finish,Material Combination,"yellow silk, matte finish",yellow silk fabric with fluid drape and soft luster with a matte surface finish with minimal reflectivity,fabric material color finish textile
Fabric + Color + Finish,Material Combination,"yellow silk, glossy finish",yellow silk fabric with fluid drape and soft luster with a glossy surface finish with stronger reflectivity,fabric material color finish textile
Fabric + Color + Finish,Material Combination,"yellow silk, brushed finish",yellow silk fabric with fluid drape and soft luster with a brushed surface finish with softened diffused texture,fabric material color finish textile
Fabric + Color + Finish,Material Combination,"yellow silk, washed finish",yellow silk fabric with fluid drape and soft luster with a washed finish with softened lived-in coloration,fabric material color finish textile
Fabric + Color + Finish,Material Combination,"yellow silk, distressed finish",yellow silk fabric with fluid drape and soft luster with a distressed finish with visible wear character,fabric material color finish textile
Fabric + Color + Finish,Material Combination,"yellow silk, heathered finish",yellow silk fabric with fluid drape and soft luster with a heathered finish with mixed tonal fibers,fabric material color finish textile
Fabric + Color + Finish,Material Combination,"yellow silk, marled finish",yellow silk fabric with fluid drape and soft luster with a marled finish with blended multitone yarn appearance,fabric material color finish textile
Fabric + Color + Finish,Material Combination,"yellow silk, satin-sheen finish",yellow silk fabric with fluid drape and soft luster with a subtle satin-sheen finish with controlled luster,fabric material color finish textile
Fabric + Color + Finish,Material Combination,"olive green silk, matte finish",olive green silk fabric with fluid drape and soft luster with a matte surface finish with minimal reflectivity,fabric material color finish textile
Fabric + Color + Finish,Material Combination,"olive green silk, glossy finish",olive green silk fabric with fluid drape and soft luster with a glossy surface finish with stronger reflectivity,fabric material color finish textile
Fabric + Color + Finish,Material Combination,"olive green silk, brushed finish",olive green silk fabric with fluid drape and soft luster with a brushed surface finish with softened diffused texture,fabric material color finish textile
Fabric + Color + Finish,Material Combination,"olive green silk, washed finish",olive green silk fabric with fluid drape and soft luster with a washed finish with softened lived-in coloration,fabric material color finish textile
Fabric + Color + Finish,Material Combination,"olive green silk, distressed finish",olive green silk fabric with fluid drape and soft luster with a distressed finish with visible wear character,fabric material color finish textile
Fabric + Color + Finish,Material Combination,"olive green silk, heathered finish",olive green silk fabric with fluid drape and soft luster with a heathered finish with mixed tonal fibers,fabric material color finish textile
Fabric + Color + Finish,Material Combination,"olive green silk, marled finish",olive green silk fabric with fluid drape and soft luster with a marled finish with blended multitone yarn appearance,fabric material color finish textile
Fabric + Color + Finish,Material Combination,"olive green silk, satin-sheen finish",olive green silk fabric with fluid drape and soft luster with a subtle satin-sheen finish with controlled luster,fabric material color finish textile
Fabric + Color + Finish,Material Combination,"sage green silk, matte finish",sage green silk fabric with fluid drape and soft luster with a matte surface finish with minimal reflectivity,fabric material color finish textile
Fabric + Color + Finish,Material Combination,"sage green silk, glossy finish",sage green silk fabric with fluid drape and soft luster with a glossy surface finish with stronger reflectivity,fabric material color finish textile
Fabric + Color + Finish,Material Combination,"sage green silk, brushed finish",sage green silk fabric with fluid drape and soft luster with a brushed surface finish with softened diffused texture,fabric material color finish textile
Fabric + Color + Finish,Material Combination,"sage green silk, washed finish",sage green silk fabric with fluid drape and soft luster with a washed finish with softened lived-in coloration,fabric material color finish textile
Fabric + Color + Finish,Material Combination,"sage green silk, distressed finish",sage green silk fabric with fluid drape and soft luster with a distressed finish with visible wear character,fabric material color finish textile
Fabric + Color + Finish,Material Combination,"sage green silk, heathered finish",sage green silk fabric with fluid drape and soft luster with a heathered finish with mixed tonal fibers,fabric material color finish textile
Fabric + Color + Finish,Material Combination,"sage green silk, marled finish",sage green silk fabric with fluid drape and soft luster with a marled finish with blended multitone yarn appearance,fabric material color finish textile
Fabric + Color + Finish,Material Combination,"sage green silk, satin-sheen finish",sage green silk fabric with fluid drape and soft luster with a subtle satin-sheen finish with controlled luster,fabric material color finish textile
Fabric + Color + Finish,Material Combination,"emerald green silk, matte finish",emerald green silk fabric with fluid drape and soft luster with a matte surface finish with minimal reflectivity,fabric material color finish textile
Fabric + Color + Finish,Material Combination,"emerald green silk, glossy finish",emerald green silk fabric with fluid drape and soft luster with a glossy surface finish with stronger reflectivity,fabric material color finish textile
Fabric + Color + Finish,Material Combination,"emerald green silk, brushed finish",emerald green silk fabric with fluid drape and soft luster with a brushed surface finish with softened diffused texture,fabric material color finish textile
Fabric + Color + Finish,Material Combination,"emerald green silk, washed finish",emerald green silk fabric with fluid drape and soft luster with a washed finish with softened lived-in coloration,fabric material color finish textile
Fabric + Color + Finish,Material Combination,"emerald green silk, distressed finish",emerald green silk fabric with fluid drape and soft luster with a distressed finish with visible wear character,fabric material color finish textile
Fabric + Color + Finish,Material Combination,"emerald green silk, heathered finish",emerald green silk fabric with fluid drape and soft luster with a heathered finish with mixed tonal fibers,fabric material color finish textile
Fabric + Color + Finish,Material Combination,"emerald green silk, marled finish",emerald green silk fabric with fluid drape and soft luster with a marled finish with blended multitone yarn appearance,fabric material color finish textile
Fabric + Color + Finish,Material Combination,"emerald green silk, satin-sheen finish",emerald green silk fabric with fluid drape and soft luster with a subtle satin-sheen finish with controlled luster,fabric material color finish textile
Fabric + Color + Finish,Material Combination,"teal silk, matte finish",teal silk fabric with fluid drape and soft luster with a matte surface finish with minimal reflectivity,fabric material color finish textile
Fabric + Color + Finish,Material Combination,"teal silk, glossy finish",teal silk fabric with fluid drape and soft luster with a glossy surface finish with stronger reflectivity,fabric material color finish textile
Fabric + Color + Finish,Material Combination,"teal silk, brushed finish",teal silk fabric with fluid drape and soft luster with a brushed surface finish with softened diffused texture,fabric material color finish textile
Fabric + Color + Finish,Material Combination,"teal silk, washed finish",teal silk fabric with fluid drape and soft luster with a washed finish with softened lived-in coloration,fabric material color finish textile
Fabric + Color + Finish,Material Combination,"teal silk, distressed finish",teal silk fabric with fluid drape and soft luster with a distressed finish with visible wear character,fabric material color finish textile
Fabric + Color + Finish,Material Combination,"teal silk, heathered finish",teal silk fabric with fluid drape and soft luster with a heathered finish with mixed tonal fibers,fabric material color finish textile
Fabric + Color + Finish,Material Combination,"teal silk, marled finish",teal silk fabric with fluid drape and soft luster with a marled finish with blended multitone yarn appearance,fabric material color finish textile
Fabric + Color + Finish,Material Combination,"teal silk, satin-sheen finish",teal silk fabric with fluid drape and soft luster with a subtle satin-sheen finish with controlled luster,fabric material color finish textile
Fabric + Color + Finish,Material Combination,"purple silk, matte finish",purple silk fabric with fluid drape and soft luster with a matte surface finish with minimal reflectivity,fabric material color finish textile
Fabric + Color + Finish,Material Combination,"purple silk, glossy finish",purple silk fabric with fluid drape and soft luster with a glossy surface finish with stronger reflectivity,fabric material color finish textile
Fabric + Color + Finish,Material Combination,"purple silk, brushed finish",purple silk fabric with fluid drape and soft luster with a brushed surface finish with softened diffused texture,fabric material color finish textile
Fabric + Color + Finish,Material Combination,"purple silk, washed finish",purple silk fabric with fluid drape and soft luster with a washed finish with softened lived-in coloration,fabric material color finish textile
Fabric + Color + Finish,Material Combination,"purple silk, distressed finish",purple silk fabric with fluid drape and soft luster with a distressed finish with visible wear character,fabric material color finish textile
Fabric + Color + Finish,Material Combination,"purple silk, heathered finish",purple silk fabric with fluid drape and soft luster with a heathered finish with mixed tonal fibers,fabric material color finish textile
Fabric + Color + Finish,Material Combination,"purple silk, marled finish",purple silk fabric with fluid drape and soft luster with a marled finish with blended multitone yarn appearance,fabric material color finish textile
Fabric + Color + Finish,Material Combination,"purple silk, satin-sheen finish",purple silk fabric with fluid drape and soft luster with a subtle satin-sheen finish with controlled luster,fabric material color finish textile
Fabric + Color + Finish,Material Combination,"lavender silk, matte finish",lavender silk fabric with fluid drape and soft luster with a matte surface finish with minimal reflectivity,fabric material color finish textile
Fabric + Color + Finish,Material Combination,"lavender silk, glossy finish",lavender silk fabric with fluid drape and soft luster with a glossy surface finish with stronger reflectivity,fabric material color finish textile
Fabric + Color + Finish,Material Combination,"lavender silk, brushed finish",lavender silk fabric with fluid drape and soft luster with a brushed surface finish with softened diffused texture,fabric material color finish textile
Fabric + Color + Finish,Material Combination,"lavender silk, washed finish",lavender silk fabric with fluid drape and soft luster with a washed finish with softened lived-in coloration,fabric material color finish textile
Fabric + Color + Finish,Material Combination,"lavender silk, distressed finish",lavender silk fabric with fluid drape and soft luster with a distressed finish with visible wear character,fabric material color finish textile
Fabric + Color + Finish,Material Combination,"lavender silk, heathered finish",lavender silk fabric with fluid drape and soft luster with a heathered finish with mixed tonal fibers,fabric material color finish textile
Fabric + Color + Finish,Material Combination,"lavender silk, marled finish",lavender silk fabric with fluid drape and soft luster with a marled finish with blended multitone yarn appearance,fabric material color finish textile
Fabric + Color + Finish,Material Combination,"lavender silk, satin-sheen finish",lavender silk fabric with fluid drape and soft luster with a subtle satin-sheen finish with controlled luster,fabric material color finish textile
Fabric + Color + Finish,Material Combination,"brown silk, matte finish",brown silk fabric with fluid drape and soft luster with a matte surface finish with minimal reflectivity,fabric material color finish textile
Fabric + Color + Finish,Material Combination,"brown silk, glossy finish",brown silk fabric with fluid drape and soft luster with a glossy surface finish with stronger reflectivity,fabric material color finish textile
Fabric + Color + Finish,Material Combination,"brown silk, brushed finish",brown silk fabric with fluid drape and soft luster with a brushed surface finish with softened diffused texture,fabric material color finish textile
Fabric + Color + Finish,Material Combination,"brown silk, washed finish",brown silk fabric with fluid drape and soft luster with a washed finish with softened lived-in coloration,fabric material color finish textile
Fabric + Color + Finish,Material Combination,"brown silk, distressed finish",brown silk fabric with fluid drape and soft luster with a distressed finish with visible wear character,fabric material color finish textile
Fabric + Color + Finish,Material Combination,"brown silk, heathered finish",brown silk fabric with fluid drape and soft luster with a heathered finish with mixed tonal fibers,fabric material color finish textile
Fabric + Color + Finish,Material Combination,"brown silk, marled finish",brown silk fabric with fluid drape and soft luster with a marled finish with blended multitone yarn appearance,fabric material color finish textile
Fabric + Color + Finish,Material Combination,"brown silk, satin-sheen finish",brown silk fabric with fluid drape and soft luster with a subtle satin-sheen finish with controlled luster,fabric material color finish textile
Fabric + Color + Finish,Material Combination,"tan silk, matte finish",tan silk fabric with fluid drape and soft luster with a matte surface finish with minimal reflectivity,fabric material color finish textile
Fabric + Color + Finish,Material Combination,"tan silk, glossy finish",tan silk fabric with fluid drape and soft luster with a glossy surface finish with stronger reflectivity,fabric material color finish textile
Fabric + Color + Finish,Material Combination,"tan silk, brushed finish",tan silk fabric with fluid drape and soft luster with a brushed surface finish with softened diffused texture,fabric material color finish textile
Fabric + Color + Finish,Material Combination,"tan silk, washed finish",tan silk fabric with fluid drape and soft luster with a washed finish with softened lived-in coloration,fabric material color finish textile
Fabric + Color + Finish,Material Combination,"tan silk, distressed finish",tan silk fabric with fluid drape and soft luster with a distressed finish with visible wear character,fabric material color finish textile
Fabric + Color + Finish,Material Combination,"tan silk, heathered finish",tan silk fabric with fluid drape and soft luster with a heathered finish with mixed tonal fibers,fabric material color finish textile
Fabric + Color + Finish,Material Combination,"tan silk, marled finish",tan silk fabric with fluid drape and soft luster with a marled finish with blended multitone yarn appearance,fabric material color finish textile
Fabric + Color + Finish,Material Combination,"tan silk, satin-sheen finish",tan silk fabric with fluid drape and soft luster with a subtle satin-sheen finish with controlled luster,fabric material color finish textile
Fabric + Color + Finish,Material Combination,"silver silk, matte finish",silver silk fabric with fluid drape and soft luster with a matte surface finish with minimal reflectivity,fabric material color finish textile
Fabric + Color + Finish,Material Combination,"silver silk, glossy finish",silver silk fabric with fluid drape and soft luster with a glossy surface finish with stronger reflectivity,fabric material color finish textile
Fabric + Color + Finish,Material Combination,"silver silk, brushed finish",silver silk fabric with fluid drape and soft luster with a brushed surface finish with softened diffused texture,fabric material color finish textile
Fabric + Color + Finish,Material Combination,"silver silk, washed finish",silver silk fabric with fluid drape and soft luster with a washed finish with softened lived-in coloration,fabric material color finish textile
Fabric + Color + Finish,Material Combination,"silver silk, distressed finish",silver silk fabric with fluid drape and soft luster with a distressed finish with visible wear character,fabric material color finish textile
Fabric + Color + Finish,Material Combination,"silver silk, heathered finish",silver silk fabric with fluid drape and soft luster with a heathered finish with mixed tonal fibers,fabric material color finish textile
Fabric + Color + Finish,Material Combination,"silver silk, marled finish",silver silk fabric with fluid drape and soft luster with a marled finish with blended multitone yarn appearance,fabric material color finish textile
Fabric + Color + Finish,Material Combination,"silver silk, satin-sheen finish",silver silk fabric with fluid drape and soft luster with a subtle satin-sheen finish with controlled luster,fabric material color finish textile
Fabric + Color + Finish,Material Combination,"gold silk, matte finish",gold silk fabric with fluid drape and soft luster with a matte surface finish with minimal reflectivity,fabric material color finish textile
Fabric + Color + Finish,Material Combination,"gold silk, glossy finish",gold silk fabric with fluid drape and soft luster with a glossy surface finish with stronger reflectivity,fabric material color finish textile
Fabric + Color + Finish,Material Combination,"gold silk, brushed finish",gold silk fabric with fluid drape and soft luster with a brushed surface finish with softened diffused texture,fabric material color finish textile
Fabric + Color + Finish,Material Combination,"gold silk, washed finish",gold silk fabric with fluid drape and soft luster with a washed finish with softened lived-in coloration,fabric material color finish textile
Fabric + Color + Finish,Material Combination,"gold silk, distressed finish",gold silk fabric with fluid drape and soft luster with a distressed finish with visible wear character,fabric material color finish textile
Fabric + Color + Finish,Material Combination,"gold silk, heathered finish",gold silk fabric with fluid drape and soft luster with a heathered finish with mixed tonal fibers,fabric material color finish textile
Fabric + Color + Finish,Material Combination,"gold silk, marled finish",gold silk fabric with fluid drape and soft luster with a marled finish with blended multitone yarn appearance,fabric material color finish textile
Fabric + Color + Finish,Material Combination,"gold silk, satin-sheen finish",gold silk fabric with fluid drape and soft luster with a subtle satin-sheen finish with controlled luster,fabric material color finish textile
Fabric + Color + Finish,Material Combination,"white velvet, matte finish",white velvet fabric with directional pile and plush depth with a matte surface finish with minimal reflectivity,fabric material color finish textile
Fabric + Color + Finish,Material Combination,"white velvet, glossy finish",white velvet fabric with directional pile and plush depth with a glossy surface finish with stronger reflectivity,fabric material color finish textile
Fabric + Color + Finish,Material Combination,"white velvet, brushed finish",white velvet fabric with directional pile and plush depth with a brushed surface finish with softened diffused texture,fabric material color finish textile
Fabric + Color + Finish,Material Combination,"white velvet, washed finish",white velvet fabric with directional pile and plush depth with a washed finish with softened lived-in coloration,fabric material color finish textile
Fabric + Color + Finish,Material Combination,"white velvet, distressed finish",white velvet fabric with directional pile and plush depth with a distressed finish with visible wear character,fabric material color finish textile
Fabric + Color + Finish,Material Combination,"white velvet, heathered finish",white velvet fabric with directional pile and plush depth with a heathered finish with mixed tonal fibers,fabric material color finish textile
Fabric + Color + Finish,Material Combination,"white velvet, marled finish",white velvet fabric with directional pile and plush depth with a marled finish with blended multitone yarn appearance,fabric material color finish textile
Fabric + Color + Finish,Material Combination,"white velvet, satin-sheen finish",white velvet fabric with directional pile and plush depth with a subtle satin-sheen finish with controlled luster,fabric material color finish textile
Fabric + Color + Finish,Material Combination,"black velvet, matte finish",black velvet fabric with directional pile and plush depth with a matte surface finish with minimal reflectivity,fabric material color finish textile
Fabric + Color + Finish,Material Combination,"black velvet, glossy finish",black velvet fabric with directional pile and plush depth with a glossy surface finish with stronger reflectivity,fabric material color finish textile
Fabric + Color + Finish,Material Combination,"black velvet, brushed finish",black velvet fabric with directional pile and plush depth with a brushed surface finish with softened diffused texture,fabric material color finish textile
Fabric + Color + Finish,Material Combination,"black velvet, washed finish",black velvet fabric with directional pile and plush depth with a washed finish with softened lived-in coloration,fabric material color finish textile
Fabric + Color + Finish,Material Combination,"black velvet, distressed finish",black velvet fabric with directional pile and plush depth with a distressed finish with visible wear character,fabric material color finish textile
Fabric + Color + Finish,Material Combination,"black velvet, heathered finish",black velvet fabric with directional pile and plush depth with a heathered finish with mixed tonal fibers,fabric material color finish textile
Fabric + Color + Finish,Material Combination,"black velvet, marled finish",black velvet fabric with directional pile and plush depth with a marled finish with blended multitone yarn appearance,fabric material color finish textile
Fabric + Color + Finish,Material Combination,"black velvet, satin-sheen finish",black velvet fabric with directional pile and plush depth with a subtle satin-sheen finish with controlled luster,fabric material color finish textile
Fabric + Color + Finish,Material Combination,"cream velvet, matte finish",cream velvet fabric with directional pile and plush depth with a matte surface finish with minimal reflectivity,fabric material color finish textile
Fabric + Color + Finish,Material Combination,"cream velvet, glossy finish",cream velvet fabric with directional pile and plush depth with a glossy surface finish with stronger reflectivity,fabric material color finish textile
Fabric + Color + Finish,Material Combination,"cream velvet, brushed finish",cream velvet fabric with directional pile and plush depth with a brushed surface finish with softened diffused texture,fabric material color finish textile
Fabric + Color + Finish,Material Combination,"cream velvet, washed finish",cream velvet fabric with directional pile and plush depth with a washed finish with softened lived-in coloration,fabric material color finish textile
Fabric + Color + Finish,Material Combination,"cream velvet, distressed finish",cream velvet fabric with directional pile and plush depth with a distressed finish with visible wear character,fabric material color finish textile
Fabric + Color + Finish,Material Combination,"cream velvet, heathered finish",cream velvet fabric with directional pile and plush depth with a heathered finish with mixed tonal fibers,fabric material color finish textile
Fabric + Color + Finish,Material Combination,"cream velvet, marled finish",cream velvet fabric with directional pile and plush depth with a marled finish with blended multitone yarn appearance,fabric material color finish textile
Fabric + Color + Finish,Material Combination,"cream velvet, satin-sheen finish",cream velvet fabric with directional pile and plush depth with a subtle satin-sheen finish with controlled luster,fabric material color finish textile
Fabric + Color + Finish,Material Combination,"beige velvet, matte finish",beige velvet fabric with directional pile and plush depth with a matte surface finish with minimal reflectivity,fabric material color finish textile
Fabric + Color + Finish,Material Combination,"beige velvet, glossy finish",beige velvet fabric with directional pile and plush depth with a glossy surface finish with stronger reflectivity,fabric material color finish textile
Fabric + Color + Finish,Material Combination,"beige velvet, brushed finish",beige velvet fabric with directional pile and plush depth with a brushed surface finish with softened diffused texture,fabric material color finish textile
Fabric + Color + Finish,Material Combination,"beige velvet, washed finish",beige velvet fabric with directional pile and plush depth with a washed finish with softened lived-in coloration,fabric material color finish textile
Fabric + Color + Finish,Material Combination,"beige velvet, distressed finish",beige velvet fabric with directional pile and plush depth with a distressed finish with visible wear character,fabric material color finish textile
Fabric + Color + Finish,Material Combination,"beige velvet, heathered finish",beige velvet fabric with directional pile and plush depth with a heathered finish with mixed tonal fibers,fabric material color finish textile
Fabric + Color + Finish,Material Combination,"beige velvet, marled finish",beige velvet fabric with directional pile and plush depth with a marled finish with blended multitone yarn appearance,fabric material color finish textile
Fabric + Color + Finish,Material Combination,"beige velvet, satin-sheen finish",beige velvet fabric with directional pile and plush depth with a subtle satin-sheen finish with controlled luster,fabric material color finish textile
Fabric + Color + Finish,Material Combination,"camel velvet, matte finish",camel velvet fabric with directional pile and plush depth with a matte surface finish with minimal reflectivity,fabric material color finish textile
Fabric + Color + Finish,Material Combination,"camel velvet, glossy finish",camel velvet fabric with directional pile and plush depth with a glossy surface finish with stronger reflectivity,fabric material color finish textile
Fabric + Color + Finish,Material Combination,"camel velvet, brushed finish",camel velvet fabric with directional pile and plush depth with a brushed surface finish with softened diffused texture,fabric material color finish textile
Fabric + Color + Finish,Material Combination,"camel velvet, washed finish",camel velvet fabric with directional pile and plush depth with a washed finish with softened lived-in coloration,fabric material color finish textile
Fabric + Color + Finish,Material Combination,"camel velvet, distressed finish",camel velvet fabric with directional pile and plush depth with a distressed finish with visible wear character,fabric material color finish textile
Fabric + Color + Finish,Material Combination,"camel velvet, heathered finish",camel velvet fabric with directional pile and plush depth with a heathered finish with mixed tonal fibers,fabric material color finish textile
Fabric + Color + Finish,Material Combination,"camel velvet, marled finish",camel velvet fabric with directional pile and plush depth with a marled finish with blended multitone yarn appearance,fabric material color finish textile
Fabric + Color + Finish,Material Combination,"camel velvet, satin-sheen finish",camel velvet fabric with directional pile and plush depth with a subtle satin-sheen finish with controlled luster,fabric material color finish textile
Fabric + Color + Finish,Material Combination,"gray velvet, matte finish",gray velvet fabric with directional pile and plush depth with a matte surface finish with minimal reflectivity,fabric material color finish textile
Fabric + Color + Finish,Material Combination,"gray velvet, glossy finish",gray velvet fabric with directional pile and plush depth with a glossy surface finish with stronger reflectivity,fabric material color finish textile
Fabric + Color + Finish,Material Combination,"gray velvet, brushed finish",gray velvet fabric with directional pile and plush depth with a brushed surface finish with softened diffused texture,fabric material color finish textile
Fabric + Color + Finish,Material Combination,"gray velvet, washed finish",gray velvet fabric with directional pile and plush depth with a washed finish with softened lived-in coloration,fabric material color finish textile
Fabric + Color + Finish,Material Combination,"gray velvet, distressed finish",gray velvet fabric with directional pile and plush depth with a distressed finish with visible wear character,fabric material color finish textile
Fabric + Color + Finish,Material Combination,"gray velvet, heathered finish",gray velvet fabric with directional pile and plush depth with a heathered finish with mixed tonal fibers,fabric material color finish textile
Fabric + Color + Finish,Material Combination,"gray velvet, marled finish",gray velvet fabric with directional pile and plush depth with a marled finish with blended multitone yarn appearance,fabric material color finish textile
Fabric + Color + Finish,Material Combination,"gray velvet, satin-sheen finish",gray velvet fabric with directional pile and plush depth with a subtle satin-sheen finish with controlled luster,fabric material color finish textile
Fabric + Color + Finish,Material Combination,"charcoal velvet, matte finish",charcoal velvet fabric with directional pile and plush depth with a matte surface finish with minimal reflectivity,fabric material color finish textile
Fabric + Color + Finish,Material Combination,"charcoal velvet, glossy finish",charcoal velvet fabric with directional pile and plush depth with a glossy surface finish with stronger reflectivity,fabric material color finish textile
Fabric + Color + Finish,Material Combination,"charcoal velvet, brushed finish",charcoal velvet fabric with directional pile and plush depth with a brushed surface finish with softened diffused texture,fabric material color finish textile
Fabric + Color + Finish,Material Combination,"charcoal velvet, washed finish",charcoal velvet fabric with directional pile and plush depth with a washed finish with softened lived-in coloration,fabric material color finish textile
Fabric + Color + Finish,Material Combination,"charcoal velvet, distressed finish",charcoal velvet fabric with directional pile and plush depth with a distressed finish with visible wear character,fabric material color finish textile
Fabric + Color + Finish,Material Combination,"charcoal velvet, heathered finish",charcoal velvet fabric with directional pile and plush depth with a heathered finish with mixed tonal fibers,fabric material color finish textile
Fabric + Color + Finish,Material Combination,"charcoal velvet, marled finish",charcoal velvet fabric with directional pile and plush depth with a marled finish with blended multitone yarn appearance,fabric material color finish textile
Fabric + Color + Finish,Material Combination,"charcoal velvet, satin-sheen finish",charcoal velvet fabric with directional pile and plush depth with a subtle satin-sheen finish with controlled luster,fabric material color finish textile
Fabric + Color + Finish,Material Combination,"navy velvet, matte finish",navy velvet fabric with directional pile and plush depth with a matte surface finish with minimal reflectivity,fabric material color finish textile
Fabric + Color + Finish,Material Combination,"navy velvet, glossy finish",navy velvet fabric with directional pile and plush depth with a glossy surface finish with stronger reflectivity,fabric material color finish textile
Fabric + Color + Finish,Material Combination,"navy velvet, brushed finish",navy velvet fabric with directional pile and plush depth with a brushed surface finish with softened diffused texture,fabric material color finish textile
Fabric + Color + Finish,Material Combination,"navy velvet, washed finish",navy velvet fabric with directional pile and plush depth with a washed finish with softened lived-in coloration,fabric material color finish textile
Fabric + Color + Finish,Material Combination,"navy velvet, distressed finish",navy velvet fabric with directional pile and plush depth with a distressed finish with visible wear character,fabric material color finish textile
Fabric + Color + Finish,Material Combination,"navy velvet, heathered finish",navy velvet fabric with directional pile and plush depth with a heathered finish with mixed tonal fibers,fabric material color finish textile
Fabric + Color + Finish,Material Combination,"navy velvet, marled finish",navy velvet fabric with directional pile and plush depth with a marled finish with blended multitone yarn appearance,fabric material color finish textile
Fabric + Color + Finish,Material Combination,"navy velvet, satin-sheen finish",navy velvet fabric with directional pile and plush depth with a subtle satin-sheen finish with controlled luster,fabric material color finish textile
Fabric + Color + Finish,Material Combination,"royal blue velvet, matte finish",royal blue velvet fabric with directional pile and plush depth with a matte surface finish with minimal reflectivity,fabric material color finish textile
Fabric + Color + Finish,Material Combination,"royal blue velvet, glossy finish",royal blue velvet fabric with directional pile and plush depth with a glossy surface finish with stronger reflectivity,fabric material color finish textile
Fabric + Color + Finish,Material Combination,"royal blue velvet, brushed finish",royal blue velvet fabric with directional pile and plush depth with a brushed surface finish with softened diffused texture,fabric material color finish textile
Fabric + Color + Finish,Material Combination,"royal blue velvet, washed finish",royal blue velvet fabric with directional pile and plush depth with a washed finish with softened lived-in coloration,fabric material color finish textile
Fabric + Color + Finish,Material Combination,"royal blue velvet, distressed finish",royal blue velvet fabric with directional pile and plush depth with a distressed finish with visible wear character,fabric material color finish textile
Fabric + Color + Finish,Material Combination,"royal blue velvet, heathered finish",royal blue velvet fabric with directional pile and plush depth with a heathered finish with mixed tonal fibers,fabric material color finish textile
Fabric + Color + Finish,Material Combination,"royal blue velvet, marled finish",royal blue velvet fabric with directional pile and plush depth with a marled finish with blended multitone yarn appearance,fabric material color finish textile
Fabric + Color + Finish,Material Combination,"royal blue velvet, satin-sheen finish",royal blue velvet fabric with directional pile and plush depth with a subtle satin-sheen finish with controlled luster,fabric material color finish textile
Fabric + Color + Finish,Material Combination,"sky blue velvet, matte finish",sky blue velvet fabric with directional pile and plush depth with a matte surface finish with minimal reflectivity,fabric material color finish textile
Fabric + Color + Finish,Material Combination,"sky blue velvet, glossy finish",sky blue velvet fabric with directional pile and plush depth with a glossy surface finish with stronger reflectivity,fabric material color finish textile
Fabric + Color + Finish,Material Combination,"sky blue velvet, brushed finish",sky blue velvet fabric with directional pile and plush depth with a brushed surface finish with softened diffused texture,fabric material color finish textile
Fabric + Color + Finish,Material Combination,"sky blue velvet, washed finish",sky blue velvet fabric with directional pile and plush depth with a washed finish with softened lived-in coloration,fabric material color finish textile
Fabric + Color + Finish,Material Combination,"sky blue velvet, distressed finish",sky blue velvet fabric with directional pile and plush depth with a distressed finish with visible wear character,fabric material color finish textile
Fabric + Color + Finish,Material Combination,"sky blue velvet, heathered finish",sky blue velvet fabric with directional pile and plush depth with a heathered finish with mixed tonal fibers,fabric material color finish textile
Fabric + Color + Finish,Material Combination,"sky blue velvet, marled finish",sky blue velvet fabric with directional pile and plush depth with a marled finish with blended multitone yarn appearance,fabric material color finish textile
Fabric + Color + Finish,Material Combination,"sky blue velvet, satin-sheen finish",sky blue velvet fabric with directional pile and plush depth with a subtle satin-sheen finish with controlled luster,fabric material color finish textile
Fabric + Color + Finish,Material Combination,"red velvet, matte finish",red velvet fabric with directional pile and plush depth with a matte surface finish with minimal reflectivity,fabric material color finish textile
Fabric + Color + Finish,Material Combination,"red velvet, glossy finish",red velvet fabric with directional pile and plush depth with a glossy surface finish with stronger reflectivity,fabric material color finish textile
Fabric + Color + Finish,Material Combination,"red velvet, brushed finish",red velvet fabric with directional pile and plush depth with a brushed surface finish with softened diffused texture,fabric material color finish textile
Fabric + Color + Finish,Material Combination,"red velvet, washed finish",red velvet fabric with directional pile and plush depth with a washed finish with softened lived-in coloration,fabric material color finish textile
Fabric + Color + Finish,Material Combination,"red velvet, distressed finish",red velvet fabric with directional pile and plush depth with a distressed finish with visible wear character,fabric material color finish textile
Fabric + Color + Finish,Material Combination,"red velvet, heathered finish",red velvet fabric with directional pile and plush depth with a heathered finish with mixed tonal fibers,fabric material color finish textile
Fabric + Color + Finish,Material Combination,"red velvet, marled finish",red velvet fabric with directional pile and plush depth with a marled finish with blended multitone yarn appearance,fabric material color finish textile
Fabric + Color + Finish,Material Combination,"red velvet, satin-sheen finish",red velvet fabric with directional pile and plush depth with a subtle satin-sheen finish with controlled luster,fabric material color finish textile
Fabric + Color + Finish,Material Combination,"burgundy velvet, matte finish",burgundy velvet fabric with directional pile and plush depth with a matte surface finish with minimal reflectivity,fabric material color finish textile
Fabric + Color + Finish,Material Combination,"burgundy velvet, glossy finish",burgundy velvet fabric with directional pile and plush depth with a glossy surface finish with stronger reflectivity,fabric material color finish textile
Fabric + Color + Finish,Material Combination,"burgundy velvet, brushed finish",burgundy velvet fabric with directional pile and plush depth with a brushed surface finish with softened diffused texture,fabric material color finish textile
Fabric + Color + Finish,Material Combination,"burgundy velvet, washed finish",burgundy velvet fabric with directional pile and plush depth with a washed finish with softened lived-in coloration,fabric material color finish textile
Fabric + Color + Finish,Material Combination,"burgundy velvet, distressed finish",burgundy velvet fabric with directional pile and plush depth with a distressed finish with visible wear character,fabric material color finish textile
Fabric + Color + Finish,Material Combination,"burgundy velvet, heathered finish",burgundy velvet fabric with directional pile and plush depth with a heathered finish with mixed tonal fibers,fabric material color finish textile
Fabric + Color + Finish,Material Combination,"burgundy velvet, marled finish",burgundy velvet fabric with directional pile and plush depth with a marled finish with blended multitone yarn appearance,fabric material color finish textile
Fabric + Color + Finish,Material Combination,"burgundy velvet, satin-sheen finish",burgundy velvet fabric with directional pile and plush depth with a subtle satin-sheen finish with controlled luster,fabric material color finish textile
Fabric + Color + Finish,Material Combination,"pink velvet, matte finish",pink velvet fabric with directional pile and plush depth with a matte surface finish with minimal reflectivity,fabric material color finish textile
Fabric + Color + Finish,Material Combination,"pink velvet, glossy finish",pink velvet fabric with directional pile and plush depth with a glossy surface finish with stronger reflectivity,fabric material color finish textile
Fabric + Color + Finish,Material Combination,"pink velvet, brushed finish",pink velvet fabric with directional pile and plush depth with a brushed surface finish with softened diffused texture,fabric material color finish textile
Fabric + Color + Finish,Material Combination,"pink velvet, washed finish",pink velvet fabric with directional pile and plush depth with a washed finish with softened lived-in coloration,fabric material color finish textile
Fabric + Color + Finish,Material Combination,"pink velvet, distressed finish",pink velvet fabric with directional pile and plush depth with a distressed finish with visible wear character,fabric material color finish textile
Fabric + Color + Finish,Material Combination,"pink velvet, heathered finish",pink velvet fabric with directional pile and plush depth with a heathered finish with mixed tonal fibers,fabric material color finish textile
Fabric + Color + Finish,Material Combination,"pink velvet, marled finish",pink velvet fabric with directional pile and plush depth with a marled finish with blended multitone yarn appearance,fabric material color finish textile
Fabric + Color + Finish,Material Combination,"pink velvet, satin-sheen finish",pink velvet fabric with directional pile and plush depth with a subtle satin-sheen finish with controlled luster,fabric material color finish textile
Fabric + Color + Finish,Material Combination,"hot pink velvet, matte finish",hot pink velvet fabric with directional pile and plush depth with a matte surface finish with minimal reflectivity,fabric material color finish textile
Fabric + Color + Finish,Material Combination,"hot pink velvet, glossy finish",hot pink velvet fabric with directional pile and plush depth with a glossy surface finish with stronger reflectivity,fabric material color finish textile
Fabric + Color + Finish,Material Combination,"hot pink velvet, brushed finish",hot pink velvet fabric with directional pile and plush depth with a brushed surface finish with softened diffused texture,fabric material color finish textile
Fabric + Color + Finish,Material Combination,"hot pink velvet, washed finish",hot pink velvet fabric with directional pile and plush depth with a washed finish with softened lived-in coloration,fabric material color finish textile
Fabric + Color + Finish,Material Combination,"hot pink velvet, distressed finish",hot pink velvet fabric with directional pile and plush depth with a distressed finish with visible wear character,fabric material color finish textile
Fabric + Color + Finish,Material Combination,"hot pink velvet, heathered finish",hot pink velvet fabric with directional pile and plush depth with a heathered finish with mixed tonal fibers,fabric material color finish textile
Fabric + Color + Finish,Material Combination,"hot pink velvet, marled finish",hot pink velvet fabric with directional pile and plush depth with a marled finish with blended multitone yarn appearance,fabric material color finish textile
Fabric + Color + Finish,Material Combination,"hot pink velvet, satin-sheen finish",hot pink velvet fabric with directional pile and plush depth with a subtle satin-sheen finish with controlled luster,fabric material color finish textile
Fabric + Color + Finish,Material Combination,"orange velvet, matte finish",orange velvet fabric with directional pile and plush depth with a matte surface finish with minimal reflectivity,fabric material color finish textile
Fabric + Color + Finish,Material Combination,"orange velvet, glossy finish",orange velvet fabric with directional pile and plush depth with a glossy surface finish with stronger reflectivity,fabric material color finish textile
Fabric + Color + Finish,Material Combination,"orange velvet, brushed finish",orange velvet fabric with directional pile and plush depth with a brushed surface finish with softened diffused texture,fabric material color finish textile
Fabric + Color + Finish,Material Combination,"orange velvet, washed finish",orange velvet fabric with directional pile and plush depth with a washed finish with softened lived-in coloration,fabric material color finish textile
Fabric + Color + Finish,Material Combination,"orange velvet, distressed finish",orange velvet fabric with directional pile and plush depth with a distressed finish with visible wear character,fabric material color finish textile
Fabric + Color + Finish,Material Combination,"orange velvet, heathered finish",orange velvet fabric with directional pile and plush depth with a heathered finish with mixed tonal fibers,fabric material color finish textile
Fabric + Color + Finish,Material Combination,"orange velvet, marled finish",orange velvet fabric with directional pile and plush depth with a marled finish with blended multitone yarn appearance,fabric material color finish textile
Fabric + Color + Finish,Material Combination,"orange velvet, satin-sheen finish",orange velvet fabric with directional pile and plush depth with a subtle satin-sheen finish with controlled luster,fabric material color finish textile
Fabric + Color + Finish,Material Combination,"yellow velvet, matte finish",yellow velvet fabric with directional pile and plush depth with a matte surface finish with minimal reflectivity,fabric material color finish textile
Fabric + Color + Finish,Material Combination,"yellow velvet, glossy finish",yellow velvet fabric with directional pile and plush depth with a glossy surface finish with stronger reflectivity,fabric material color finish textile
Fabric + Color + Finish,Material Combination,"yellow velvet, brushed finish",yellow velvet fabric with directional pile and plush depth with a brushed surface finish with softened diffused texture,fabric material color finish textile
Fabric + Color + Finish,Material Combination,"yellow velvet, washed finish",yellow velvet fabric with directional pile and plush depth with a washed finish with softened lived-in coloration,fabric material color finish textile
Fabric + Color + Finish,Material Combination,"yellow velvet, distressed finish",yellow velvet fabric with directional pile and plush depth with a distressed finish with visible wear character,fabric material color finish textile
Fabric + Color + Finish,Material Combination,"yellow velvet, heathered finish",yellow velvet fabric with directional pile and plush depth with a heathered finish with mixed tonal fibers,fabric material color finish textile
Fabric + Color + Finish,Material Combination,"yellow velvet, marled finish",yellow velvet fabric with directional pile and plush depth with a marled finish with blended multitone yarn appearance,fabric material color finish textile
Fabric + Color + Finish,Material Combination,"yellow velvet, satin-sheen finish",yellow velvet fabric with directional pile and plush depth with a subtle satin-sheen finish with controlled luster,fabric material color finish textile
Fabric + Color + Finish,Material Combination,"olive green velvet, matte finish",olive green velvet fabric with directional pile and plush depth with a matte surface finish with minimal reflectivity,fabric material color finish textile
Fabric + Color + Finish,Material Combination,"olive green velvet, glossy finish",olive green velvet fabric with directional pile and plush depth with a glossy surface finish with stronger reflectivity,fabric material color finish textile
Fabric + Color + Finish,Material Combination,"olive green velvet, brushed finish",olive green velvet fabric with directional pile and plush depth with a brushed surface finish with softened diffused texture,fabric material color finish textile
Fabric + Color + Finish,Material Combination,"olive green velvet, washed finish",olive green velvet fabric with directional pile and plush depth with a washed finish with softened lived-in coloration,fabric material color finish textile
Fabric + Color + Finish,Material Combination,"olive green velvet, distressed finish",olive green velvet fabric with directional pile and plush depth with a distressed finish with visible wear character,fabric material color finish textile
Fabric + Color + Finish,Material Combination,"olive green velvet, heathered finish",olive green velvet fabric with directional pile and plush depth with a heathered finish with mixed tonal fibers,fabric material color finish textile
Fabric + Color + Finish,Material Combination,"olive green velvet, marled finish",olive green velvet fabric with directional pile and plush depth with a marled finish with blended multitone yarn appearance,fabric material color finish textile
Fabric + Color + Finish,Material Combination,"olive green velvet, satin-sheen finish",olive green velvet fabric with directional pile and plush depth with a subtle satin-sheen finish with controlled luster,fabric material color finish textile
Fabric + Color + Finish,Material Combination,"sage green velvet, matte finish",sage green velvet fabric with directional pile and plush depth with a matte surface finish with minimal reflectivity,fabric material color finish textile
Fabric + Color + Finish,Material Combination,"sage green velvet, glossy finish",sage green velvet fabric with directional pile and plush depth with a glossy surface finish with stronger reflectivity,fabric material color finish textile
Fabric + Color + Finish,Material Combination,"sage green velvet, brushed finish",sage green velvet fabric with directional pile and plush depth with a brushed surface finish with softened diffused texture,fabric material color finish textile
Fabric + Color + Finish,Material Combination,"sage green velvet, washed finish",sage green velvet fabric with directional pile and plush depth with a washed finish with softened lived-in coloration,fabric material color finish textile
Fabric + Color + Finish,Material Combination,"sage green velvet, distressed finish",sage green velvet fabric with directional pile and plush depth with a distressed finish with visible wear character,fabric material color finish textile
Fabric + Color + Finish,Material Combination,"sage green velvet, heathered finish",sage green velvet fabric with directional pile and plush depth with a heathered finish with mixed tonal fibers,fabric material color finish textile
Fabric + Color + Finish,Material Combination,"sage green velvet, marled finish",sage green velvet fabric with directional pile and plush depth with a marled finish with blended multitone yarn appearance,fabric material color finish textile
Fabric + Color + Finish,Material Combination,"sage green velvet, satin-sheen finish",sage green velvet fabric with directional pile and plush depth with a subtle satin-sheen finish with controlled luster,fabric material color finish textile
Fabric + Color + Finish,Material Combination,"emerald green velvet, matte finish",emerald green velvet fabric with directional pile and plush depth with a matte surface finish with minimal reflectivity,fabric material color finish textile
Fabric + Color + Finish,Material Combination,"emerald green velvet, glossy finish",emerald green velvet fabric with directional pile and plush depth with a glossy surface finish with stronger reflectivity,fabric material color finish textile
Fabric + Color + Finish,Material Combination,"emerald green velvet, brushed finish",emerald green velvet fabric with directional pile and plush depth with a brushed surface finish with softened diffused texture,fabric material color finish textile
Fabric + Color + Finish,Material Combination,"emerald green velvet, washed finish",emerald green velvet fabric with directional pile and plush depth with a washed finish with softened lived-in coloration,fabric material color finish textile
Fabric + Color + Finish,Material Combination,"emerald green velvet, distressed finish",emerald green velvet fabric with directional pile and plush depth with a distressed finish with visible wear character,fabric material color finish textile
Fabric + Color + Finish,Material Combination,"emerald green velvet, heathered finish",emerald green velvet fabric with directional pile and plush depth with a heathered finish with mixed tonal fibers,fabric material color finish textile
Fabric + Color + Finish,Material Combination,"emerald green velvet, marled finish",emerald green velvet fabric with directional pile and plush depth with a marled finish with blended multitone yarn appearance,fabric material color finish textile
Fabric + Color + Finish,Material Combination,"emerald green velvet, satin-sheen finish",emerald green velvet fabric with directional pile and plush depth with a subtle satin-sheen finish with controlled luster,fabric material color finish textile
Fabric + Color + Finish,Material Combination,"teal velvet, matte finish",teal velvet fabric with directional pile and plush depth with a matte surface finish with minimal reflectivity,fabric material color finish textile
Fabric + Color + Finish,Material Combination,"teal velvet, glossy finish",teal velvet fabric with directional pile and plush depth with a glossy surface finish with stronger reflectivity,fabric material color finish textile
Fabric + Color + Finish,Material Combination,"teal velvet, brushed finish",teal velvet fabric with directional pile and plush depth with a brushed surface finish with softened diffused texture,fabric material color finish textile
Fabric + Color + Finish,Material Combination,"teal velvet, washed finish",teal velvet fabric with directional pile and plush depth with a washed finish with softened lived-in coloration,fabric material color finish textile
Fabric + Color + Finish,Material Combination,"teal velvet, distressed finish",teal velvet fabric with directional pile and plush depth with a distressed finish with visible wear character,fabric material color finish textile
Fabric + Color + Finish,Material Combination,"teal velvet, heathered finish",teal velvet fabric with directional pile and plush depth with a heathered finish with mixed tonal fibers,fabric material color finish textile
Fabric + Color + Finish,Material Combination,"teal velvet, marled finish",teal velvet fabric with directional pile and plush depth with a marled finish with blended multitone yarn appearance,fabric material color finish textile
Fabric + Color + Finish,Material Combination,"teal velvet, satin-sheen finish",teal velvet fabric with directional pile and plush depth with a subtle satin-sheen finish with controlled luster,fabric material color finish textile
Fabric + Color + Finish,Material Combination,"purple velvet, matte finish",purple velvet fabric with directional pile and plush depth with a matte surface finish with minimal reflectivity,fabric material color finish textile
Fabric + Color + Finish,Material Combination,"purple velvet, glossy finish",purple velvet fabric with directional pile and plush depth with a glossy surface finish with stronger reflectivity,fabric material color finish textile
Fabric + Color + Finish,Material Combination,"purple velvet, brushed finish",purple velvet fabric with directional pile and plush depth with a brushed surface finish with softened diffused texture,fabric material color finish textile
Fabric + Color + Finish,Material Combination,"purple velvet, washed finish",purple velvet fabric with directional pile and plush depth with a washed finish with softened lived-in coloration,fabric material color finish textile
Fabric + Color + Finish,Material Combination,"purple velvet, distressed finish",purple velvet fabric with directional pile and plush depth with a distressed finish with visible wear character,fabric material color finish textile
Fabric + Color + Finish,Material Combination,"purple velvet, heathered finish",purple velvet fabric with directional pile and plush depth with a heathered finish with mixed tonal fibers,fabric material color finish textile
Fabric + Color + Finish,Material Combination,"purple velvet, marled finish",purple velvet fabric with directional pile and plush depth with a marled finish with blended multitone yarn appearance,fabric material color finish textile
Fabric + Color + Finish,Material Combination,"purple velvet, satin-sheen finish",purple velvet fabric with directional pile and plush depth with a subtle satin-sheen finish with controlled luster,fabric material color finish textile
Fabric + Color + Finish,Material Combination,"lavender velvet, matte finish",lavender velvet fabric with directional pile and plush depth with a matte surface finish with minimal reflectivity,fabric material color finish textile
Fabric + Color + Finish,Material Combination,"lavender velvet, glossy finish",lavender velvet fabric with directional pile and plush depth with a glossy surface finish with stronger reflectivity,fabric material color finish textile
Fabric + Color + Finish,Material Combination,"lavender velvet, brushed finish",lavender velvet fabric with directional pile and plush depth with a brushed surface finish with softened diffused texture,fabric material color finish textile
Fabric + Color + Finish,Material Combination,"lavender velvet, washed finish",lavender velvet fabric with directional pile and plush depth with a washed finish with softened lived-in coloration,fabric material color finish textile
Fabric + Color + Finish,Material Combination,"lavender velvet, distressed finish",lavender velvet fabric with directional pile and plush depth with a distressed finish with visible wear character,fabric material color finish textile
Fabric + Color + Finish,Material Combination,"lavender velvet, heathered finish",lavender velvet fabric with directional pile and plush depth with a heathered finish with mixed tonal fibers,fabric material color finish textile
Fabric + Color + Finish,Material Combination,"lavender velvet, marled finish",lavender velvet fabric with directional pile and plush depth with a marled finish with blended multitone yarn appearance,fabric material color finish textile
Fabric + Color + Finish,Material Combination,"lavender velvet, satin-sheen finish",lavender velvet fabric with directional pile and plush depth with a subtle satin-sheen finish with controlled luster,fabric material color finish textile
Fabric + Color + Finish,Material Combination,"brown velvet, matte finish",brown velvet fabric with directional pile and plush depth with a matte surface finish with minimal reflectivity,fabric material color finish textile
Fabric + Color + Finish,Material Combination,"brown velvet, glossy finish",brown velvet fabric with directional pile and plush depth with a glossy surface finish with stronger reflectivity,fabric material color finish textile
Fabric + Color + Finish,Material Combination,"brown velvet, brushed finish",brown velvet fabric with directional pile and plush depth with a brushed surface finish with softened diffused texture,fabric material color finish textile
Fabric + Color + Finish,Material Combination,"brown velvet, washed finish",brown velvet fabric with directional pile and plush depth with a washed finish with softened lived-in coloration,fabric material color finish textile
Fabric + Color + Finish,Material Combination,"brown velvet, distressed finish",brown velvet fabric with directional pile and plush depth with a distressed finish with visible wear character,fabric material color finish textile
Fabric + Color + Finish,Material Combination,"brown velvet, heathered finish",brown velvet fabric with directional pile and plush depth with a heathered finish with mixed tonal fibers,fabric material color finish textile
Fabric + Color + Finish,Material Combination,"brown velvet, marled finish",brown velvet fabric with directional pile and plush depth with a marled finish with blended multitone yarn appearance,fabric material color finish textile
Fabric + Color + Finish,Material Combination,"brown velvet, satin-sheen finish",brown velvet fabric with directional pile and plush depth with a subtle satin-sheen finish with controlled luster,fabric material color finish textile
Fabric + Color + Finish,Material Combination,"tan velvet, matte finish",tan velvet fabric with directional pile and plush depth with a matte surface finish with minimal reflectivity,fabric material color finish textile
Fabric + Color + Finish,Material Combination,"tan velvet, glossy finish",tan velvet fabric with directional pile and plush depth with a glossy surface finish with stronger reflectivity,fabric material color finish textile
Fabric + Color + Finish,Material Combination,"tan velvet, brushed finish",tan velvet fabric with directional pile and plush depth with a brushed surface finish with softened diffused texture,fabric material color finish textile
Fabric + Color + Finish,Material Combination,"tan velvet, washed finish",tan velvet fabric with directional pile and plush depth with a washed finish with softened lived-in coloration,fabric material color finish textile
Fabric + Color + Finish,Material Combination,"tan velvet, distressed finish",tan velvet fabric with directional pile and plush depth with a distressed finish with visible wear character,fabric material color finish textile
Fabric + Color + Finish,Material Combination,"tan velvet, heathered finish",tan velvet fabric with directional pile and plush depth with a heathered finish with mixed tonal fibers,fabric material color finish textile
Fabric + Color + Finish,Material Combination,"tan velvet, marled finish",tan velvet fabric with directional pile and plush depth with a marled finish with blended multitone yarn appearance,fabric material color finish textile
Fabric + Color + Finish,Material Combination,"tan velvet, satin-sheen finish",tan velvet fabric with directional pile and plush depth with a subtle satin-sheen finish with controlled luster,fabric material color finish textile
Fabric + Color + Finish,Material Combination,"silver velvet, matte finish",silver velvet fabric with directional pile and plush depth with a matte surface finish with minimal reflectivity,fabric material color finish textile
Fabric + Color + Finish,Material Combination,"silver velvet, glossy finish",silver velvet fabric with directional pile and plush depth with a glossy surface finish with stronger reflectivity,fabric material color finish textile
Fabric + Color + Finish,Material Combination,"silver velvet, brushed finish",silver velvet fabric with directional pile and plush depth with a brushed surface finish with softened diffused texture,fabric material color finish textile
Fabric + Color + Finish,Material Combination,"silver velvet, washed finish",silver velvet fabric with directional pile and plush depth with a washed finish with softened lived-in coloration,fabric material color finish textile
Fabric + Color + Finish,Material Combination,"silver velvet, distressed finish",silver velvet fabric with directional pile and plush depth with a distressed finish with visible wear character,fabric material color finish textile
Fabric + Color + Finish,Material Combination,"silver velvet, heathered finish",silver velvet fabric with directional pile and plush depth with a heathered finish with mixed tonal fibers,fabric material color finish textile
Fabric + Color + Finish,Material Combination,"silver velvet, marled finish",silver velvet fabric with directional pile and plush depth with a marled finish with blended multitone yarn appearance,fabric material color finish textile
Fabric + Color + Finish,Material Combination,"silver velvet, satin-sheen finish",silver velvet fabric with directional pile and plush depth with a subtle satin-sheen finish with controlled luster,fabric material color finish textile
Fabric + Color + Finish,Material Combination,"gold velvet, matte finish",gold velvet fabric with directional pile and plush depth with a matte surface finish with minimal reflectivity,fabric material color finish textile
Fabric + Color + Finish,Material Combination,"gold velvet, glossy finish",gold velvet fabric with directional pile and plush depth with a glossy surface finish with stronger reflectivity,fabric material color finish textile
Fabric + Color + Finish,Material Combination,"gold velvet, brushed finish",gold velvet fabric with directional pile and plush depth with a brushed surface finish with softened diffused texture,fabric material color finish textile
Fabric + Color + Finish,Material Combination,"gold velvet, washed finish",gold velvet fabric with directional pile and plush depth with a washed finish with softened lived-in coloration,fabric material color finish textile
Fabric + Color + Finish,Material Combination,"gold velvet, distressed finish",gold velvet fabric with directional pile and plush depth with a distressed finish with visible wear character,fabric material color finish textile
Fabric + Color + Finish,Material Combination,"gold velvet, heathered finish",gold velvet fabric with directional pile and plush depth with a heathered finish with mixed tonal fibers,fabric material color finish textile
Fabric + Color + Finish,Material Combination,"gold velvet, marled finish",gold velvet fabric with directional pile and plush depth with a marled finish with blended multitone yarn appearance,fabric material color finish textile
Fabric + Color + Finish,Material Combination,"gold velvet, satin-sheen finish",gold velvet fabric with directional pile and plush depth with a subtle satin-sheen finish with controlled luster,fabric material color finish textile
Fabric + Color + Finish,Material Combination,"white linen, matte finish",white linen fabric with natural weave texture and crisp organic slub with a matte surface finish with minimal reflectivity,fabric material color finish textile
Fabric + Color + Finish,Material Combination,"white linen, glossy finish",white linen fabric with natural weave texture and crisp organic slub with a glossy surface finish with stronger reflectivity,fabric material color finish textile
Fabric + Color + Finish,Material Combination,"white linen, brushed finish",white linen fabric with natural weave texture and crisp organic slub with a brushed surface finish with softened diffused texture,fabric material color finish textile
Fabric + Color + Finish,Material Combination,"white linen, washed finish",white linen fabric with natural weave texture and crisp organic slub with a washed finish with softened lived-in coloration,fabric material color finish textile
Fabric + Color + Finish,Material Combination,"white linen, distressed finish",white linen fabric with natural weave texture and crisp organic slub with a distressed finish with visible wear character,fabric material color finish textile
Fabric + Color + Finish,Material Combination,"white linen, heathered finish",white linen fabric with natural weave texture and crisp organic slub with a heathered finish with mixed tonal fibers,fabric material color finish textile
Fabric + Color + Finish,Material Combination,"white linen, marled finish",white linen fabric with natural weave texture and crisp organic slub with a marled finish with blended multitone yarn appearance,fabric material color finish textile
Fabric + Color + Finish,Material Combination,"white linen, satin-sheen finish",white linen fabric with natural weave texture and crisp organic slub with a subtle satin-sheen finish with controlled luster,fabric material color finish textile
Fabric + Color + Finish,Material Combination,"black linen, matte finish",black linen fabric with natural weave texture and crisp organic slub with a matte surface finish with minimal reflectivity,fabric material color finish textile
Fabric + Color + Finish,Material Combination,"black linen, glossy finish",black linen fabric with natural weave texture and crisp organic slub with a glossy surface finish with stronger reflectivity,fabric material color finish textile
Fabric + Color + Finish,Material Combination,"black linen, brushed finish",black linen fabric with natural weave texture and crisp organic slub with a brushed surface finish with softened diffused texture,fabric material color finish textile
Fabric + Color + Finish,Material Combination,"black linen, washed finish",black linen fabric with natural weave texture and crisp organic slub with a washed finish with softened lived-in coloration,fabric material color finish textile
Fabric + Color + Finish,Material Combination,"black linen, distressed finish",black linen fabric with natural weave texture and crisp organic slub with a distressed finish with visible wear character,fabric material color finish textile
Fabric + Color + Finish,Material Combination,"black linen, heathered finish",black linen fabric with natural weave texture and crisp organic slub with a heathered finish with mixed tonal fibers,fabric material color finish textile
Fabric + Color + Finish,Material Combination,"black linen, marled finish",black linen fabric with natural weave texture and crisp organic slub with a marled finish with blended multitone yarn appearance,fabric material color finish textile
Fabric + Color + Finish,Material Combination,"black linen, satin-sheen finish",black linen fabric with natural weave texture and crisp organic slub with a subtle satin-sheen finish with controlled luster,fabric material color finish textile
Fabric + Color + Finish,Material Combination,"cream linen, matte finish",cream linen fabric with natural weave texture and crisp organic slub with a matte surface finish with minimal reflectivity,fabric material color finish textile
Fabric + Color + Finish,Material Combination,"cream linen, glossy finish",cream linen fabric with natural weave texture and crisp organic slub with a glossy surface finish with stronger reflectivity,fabric material color finish textile
Fabric + Color + Finish,Material Combination,"cream linen, brushed finish",cream linen fabric with natural weave texture and crisp organic slub with a brushed surface finish with softened diffused texture,fabric material color finish textile
Fabric + Color + Finish,Material Combination,"cream linen, washed finish",cream linen fabric with natural weave texture and crisp organic slub with a washed finish with softened lived-in coloration,fabric material color finish textile
Fabric + Color + Finish,Material Combination,"cream linen, distressed finish",cream linen fabric with natural weave texture and crisp organic slub with a distressed finish with visible wear character,fabric material color finish textile
Fabric + Color + Finish,Material Combination,"cream linen, heathered finish",cream linen fabric with natural weave texture and crisp organic slub with a heathered finish with mixed tonal fibers,fabric material color finish textile
Fabric + Color + Finish,Material Combination,"cream linen, marled finish",cream linen fabric with natural weave texture and crisp organic slub with a marled finish with blended multitone yarn appearance,fabric material color finish textile
Fabric + Color + Finish,Material Combination,"cream linen, satin-sheen finish",cream linen fabric with natural weave texture and crisp organic slub with a subtle satin-sheen finish with controlled luster,fabric material color finish textile
Fabric + Color + Finish,Material Combination,"beige linen, matte finish",beige linen fabric with natural weave texture and crisp organic slub with a matte surface finish with minimal reflectivity,fabric material color finish textile
Fabric + Color + Finish,Material Combination,"beige linen, glossy finish",beige linen fabric with natural weave texture and crisp organic slub with a glossy surface finish with stronger reflectivity,fabric material color finish textile
Fabric + Color + Finish,Material Combination,"beige linen, brushed finish",beige linen fabric with natural weave texture and crisp organic slub with a brushed surface finish with softened diffused texture,fabric material color finish textile
Fabric + Color + Finish,Material Combination,"beige linen, washed finish",beige linen fabric with natural weave texture and crisp organic slub with a washed finish with softened lived-in coloration,fabric material color finish textile
Fabric + Color + Finish,Material Combination,"beige linen, distressed finish",beige linen fabric with natural weave texture and crisp organic slub with a distressed finish with visible wear character,fabric material color finish textile
Fabric + Color + Finish,Material Combination,"beige linen, heathered finish",beige linen fabric with natural weave texture and crisp organic slub with a heathered finish with mixed tonal fibers,fabric material color finish textile
Fabric + Color + Finish,Material Combination,"beige linen, marled finish",beige linen fabric with natural weave texture and crisp organic slub with a marled finish with blended multitone yarn appearance,fabric material color finish textile
Fabric + Color + Finish,Material Combination,"beige linen, satin-sheen finish",beige linen fabric with natural weave texture and crisp organic slub with a subtle satin-sheen finish with controlled luster,fabric material color finish textile
Fabric + Color + Finish,Material Combination,"camel linen, matte finish",camel linen fabric with natural weave texture and crisp organic slub with a matte surface finish with minimal reflectivity,fabric material color finish textile
Fabric + Color + Finish,Material Combination,"camel linen, glossy finish",camel linen fabric with natural weave texture and crisp organic slub with a glossy surface finish with stronger reflectivity,fabric material color finish textile
Fabric + Color + Finish,Material Combination,"camel linen, brushed finish",camel linen fabric with natural weave texture and crisp organic slub with a brushed surface finish with softened diffused texture,fabric material color finish textile
Fabric + Color + Finish,Material Combination,"camel linen, washed finish",camel linen fabric with natural weave texture and crisp organic slub with a washed finish with softened lived-in coloration,fabric material color finish textile
Fabric + Color + Finish,Material Combination,"camel linen, distressed finish",camel linen fabric with natural weave texture and crisp organic slub with a distressed finish with visible wear character,fabric material color finish textile
Fabric + Color + Finish,Material Combination,"camel linen, heathered finish",camel linen fabric with natural weave texture and crisp organic slub with a heathered finish with mixed tonal fibers,fabric material color finish textile
Fabric + Color + Finish,Material Combination,"camel linen, marled finish",camel linen fabric with natural weave texture and crisp organic slub with a marled finish with blended multitone yarn appearance,fabric material color finish textile
Fabric + Color + Finish,Material Combination,"camel linen, satin-sheen finish",camel linen fabric with natural weave texture and crisp organic slub with a subtle satin-sheen finish with controlled luster,fabric material color finish textile
Fabric + Color + Finish,Material Combination,"gray linen, matte finish",gray linen fabric with natural weave texture and crisp organic slub with a matte surface finish with minimal reflectivity,fabric material color finish textile
Fabric + Color + Finish,Material Combination,"gray linen, glossy finish",gray linen fabric with natural weave texture and crisp organic slub with a glossy surface finish with stronger reflectivity,fabric material color finish textile
Fabric + Color + Finish,Material Combination,"gray linen, brushed finish",gray linen fabric with natural weave texture and crisp organic slub with a brushed surface finish with softened diffused texture,fabric material color finish textile
Fabric + Color + Finish,Material Combination,"gray linen, washed finish",gray linen fabric with natural weave texture and crisp organic slub with a washed finish with softened lived-in coloration,fabric material color finish textile
Fabric + Color + Finish,Material Combination,"gray linen, distressed finish",gray linen fabric with natural weave texture and crisp organic slub with a distressed finish with visible wear character,fabric material color finish textile
Fabric + Color + Finish,Material Combination,"gray linen, heathered finish",gray linen fabric with natural weave texture and crisp organic slub with a heathered finish with mixed tonal fibers,fabric material color finish textile
Fabric + Color + Finish,Material Combination,"gray linen, marled finish",gray linen fabric with natural weave texture and crisp organic slub with a marled finish with blended multitone yarn appearance,fabric material color finish textile
Fabric + Color + Finish,Material Combination,"gray linen, satin-sheen finish",gray linen fabric with natural weave texture and crisp organic slub with a subtle satin-sheen finish with controlled luster,fabric material color finish textile
Fabric + Color + Finish,Material Combination,"charcoal linen, matte finish",charcoal linen fabric with natural weave texture and crisp organic slub with a matte surface finish with minimal reflectivity,fabric material color finish textile
Fabric + Color + Finish,Material Combination,"charcoal linen, glossy finish",charcoal linen fabric with natural weave texture and crisp organic slub with a glossy surface finish with stronger reflectivity,fabric material color finish textile
Fabric + Color + Finish,Material Combination,"charcoal linen, brushed finish",charcoal linen fabric with natural weave texture and crisp organic slub with a brushed surface finish with softened diffused texture,fabric material color finish textile
Fabric + Color + Finish,Material Combination,"charcoal linen, washed finish",charcoal linen fabric with natural weave texture and crisp organic slub with a washed finish with softened lived-in coloration,fabric material color finish textile
Fabric + Color + Finish,Material Combination,"charcoal linen, distressed finish",charcoal linen fabric with natural weave texture and crisp organic slub with a distressed finish with visible wear character,fabric material color finish textile
Fabric + Color + Finish,Material Combination,"charcoal linen, heathered finish",charcoal linen fabric with natural weave texture and crisp organic slub with a heathered finish with mixed tonal fibers,fabric material color finish textile
Fabric + Color + Finish,Material Combination,"charcoal linen, marled finish",charcoal linen fabric with natural weave texture and crisp organic slub with a marled finish with blended multitone yarn appearance,fabric material color finish textile
Fabric + Color + Finish,Material Combination,"charcoal linen, satin-sheen finish",charcoal linen fabric with natural weave texture and crisp organic slub with a subtle satin-sheen finish with controlled luster,fabric material color finish textile
Fabric + Color + Finish,Material Combination,"navy linen, matte finish",navy linen fabric with natural weave texture and crisp organic slub with a matte surface finish with minimal reflectivity,fabric material color finish textile
Fabric + Color + Finish,Material Combination,"navy linen, glossy finish",navy linen fabric with natural weave texture and crisp organic slub with a glossy surface finish with stronger reflectivity,fabric material color finish textile
Fabric + Color + Finish,Material Combination,"navy linen, brushed finish",navy linen fabric with natural weave texture and crisp organic slub with a brushed surface finish with softened diffused texture,fabric material color finish textile
Fabric + Color + Finish,Material Combination,"navy linen, washed finish",navy linen fabric with natural weave texture and crisp organic slub with a washed finish with softened lived-in coloration,fabric material color finish textile
Fabric + Color + Finish,Material Combination,"navy linen, distressed finish",navy linen fabric with natural weave texture and crisp organic slub with a distressed finish with visible wear character,fabric material color finish textile
Fabric + Color + Finish,Material Combination,"navy linen, heathered finish",navy linen fabric with natural weave texture and crisp organic slub with a heathered finish with mixed tonal fibers,fabric material color finish textile
Fabric + Color + Finish,Material Combination,"navy linen, marled finish",navy linen fabric with natural weave texture and crisp organic slub with a marled finish with blended multitone yarn appearance,fabric material color finish textile
Fabric + Color + Finish,Material Combination,"navy linen, satin-sheen finish",navy linen fabric with natural weave texture and crisp organic slub with a subtle satin-sheen finish with controlled luster,fabric material color finish textile
Fabric + Color + Finish,Material Combination,"royal blue linen, matte finish",royal blue linen fabric with natural weave texture and crisp organic slub with a matte surface finish with minimal reflectivity,fabric material color finish textile
Fabric + Color + Finish,Material Combination,"royal blue linen, glossy finish",royal blue linen fabric with natural weave texture and crisp organic slub with a glossy surface finish with stronger reflectivity,fabric material color finish textile
Fabric + Color + Finish,Material Combination,"royal blue linen, brushed finish",royal blue linen fabric with natural weave texture and crisp organic slub with a brushed surface finish with softened diffused texture,fabric material color finish textile
Fabric + Color + Finish,Material Combination,"royal blue linen, washed finish",royal blue linen fabric with natural weave texture and crisp organic slub with a washed finish with softened lived-in coloration,fabric material color finish textile
Fabric + Color + Finish,Material Combination,"royal blue linen, distressed finish",royal blue linen fabric with natural weave texture and crisp organic slub with a distressed finish with visible wear character,fabric material color finish textile
Fabric + Color + Finish,Material Combination,"royal blue linen, heathered finish",royal blue linen fabric with natural weave texture and crisp organic slub with a heathered finish with mixed tonal fibers,fabric material color finish textile
Fabric + Color + Finish,Material Combination,"royal blue linen, marled finish",royal blue linen fabric with natural weave texture and crisp organic slub with a marled finish with blended multitone yarn appearance,fabric material color finish textile
Fabric + Color + Finish,Material Combination,"royal blue linen, satin-sheen finish",royal blue linen fabric with natural weave texture and crisp organic slub with a subtle satin-sheen finish with controlled luster,fabric material color finish textile
Fabric + Color + Finish,Material Combination,"sky blue linen, matte finish",sky blue linen fabric with natural weave texture and crisp organic slub with a matte surface finish with minimal reflectivity,fabric material color finish textile
Fabric + Color + Finish,Material Combination,"sky blue linen, glossy finish",sky blue linen fabric with natural weave texture and crisp organic slub with a glossy surface finish with stronger reflectivity,fabric material color finish textile
Fabric + Color + Finish,Material Combination,"sky blue linen, brushed finish",sky blue linen fabric with natural weave texture and crisp organic slub with a brushed surface finish with softened diffused texture,fabric material color finish textile
Fabric + Color + Finish,Material Combination,"sky blue linen, washed finish",sky blue linen fabric with natural weave texture and crisp organic slub with a washed finish with softened lived-in coloration,fabric material color finish textile
Fabric + Color + Finish,Material Combination,"sky blue linen, distressed finish",sky blue linen fabric with natural weave texture and crisp organic slub with a distressed finish with visible wear character,fabric material color finish textile
Fabric + Color + Finish,Material Combination,"sky blue linen, heathered finish",sky blue linen fabric with natural weave texture and crisp organic slub with a heathered finish with mixed tonal fibers,fabric material color finish textile
Fabric + Color + Finish,Material Combination,"sky blue linen, marled finish",sky blue linen fabric with natural weave texture and crisp organic slub with a marled finish with blended multitone yarn appearance,fabric material color finish textile
Fabric + Color + Finish,Material Combination,"sky blue linen, satin-sheen finish",sky blue linen fabric with natural weave texture and crisp organic slub with a subtle satin-sheen finish with controlled luster,fabric material color finish textile
Fabric + Color + Finish,Material Combination,"red linen, matte finish",red linen fabric with natural weave texture and crisp organic slub with a matte surface finish with minimal reflectivity,fabric material color finish textile
Fabric + Color + Finish,Material Combination,"red linen, glossy finish",red linen fabric with natural weave texture and crisp organic slub with a glossy surface finish with stronger reflectivity,fabric material color finish textile
Fabric + Color + Finish,Material Combination,"red linen, brushed finish",red linen fabric with natural weave texture and crisp organic slub with a brushed surface finish with softened diffused texture,fabric material color finish textile
Fabric + Color + Finish,Material Combination,"red linen, washed finish",red linen fabric with natural weave texture and crisp organic slub with a washed finish with softened lived-in coloration,fabric material color finish textile
Fabric + Color + Finish,Material Combination,"red linen, distressed finish",red linen fabric with natural weave texture and crisp organic slub with a distressed finish with visible wear character,fabric material color finish textile
Fabric + Color + Finish,Material Combination,"red linen, heathered finish",red linen fabric with natural weave texture and crisp organic slub with a heathered finish with mixed tonal fibers,fabric material color finish textile
Fabric + Color + Finish,Material Combination,"red linen, marled finish",red linen fabric with natural weave texture and crisp organic slub with a marled finish with blended multitone yarn appearance,fabric material color finish textile
Fabric + Color + Finish,Material Combination,"red linen, satin-sheen finish",red linen fabric with natural weave texture and crisp organic slub with a subtle satin-sheen finish with controlled luster,fabric material color finish textile
Fabric + Color + Finish,Material Combination,"burgundy linen, matte finish",burgundy linen fabric with natural weave texture and crisp organic slub with a matte surface finish with minimal reflectivity,fabric material color finish textile
Fabric + Color + Finish,Material Combination,"burgundy linen, glossy finish",burgundy linen fabric with natural weave texture and crisp organic slub with a glossy surface finish with stronger reflectivity,fabric material color finish textile
Fabric + Color + Finish,Material Combination,"burgundy linen, brushed finish",burgundy linen fabric with natural weave texture and crisp organic slub with a brushed surface finish with softened diffused texture,fabric material color finish textile
Fabric + Color + Finish,Material Combination,"burgundy linen, washed finish",burgundy linen fabric with natural weave texture and crisp organic slub with a washed finish with softened lived-in coloration,fabric material color finish textile
Fabric + Color + Finish,Material Combination,"burgundy linen, distressed finish",burgundy linen fabric with natural weave texture and crisp organic slub with a distressed finish with visible wear character,fabric material color finish textile
Fabric + Color + Finish,Material Combination,"burgundy linen, heathered finish",burgundy linen fabric with natural weave texture and crisp organic slub with a heathered finish with mixed tonal fibers,fabric material color finish textile
Fabric + Color + Finish,Material Combination,"burgundy linen, marled finish",burgundy linen fabric with natural weave texture and crisp organic slub with a marled finish with blended multitone yarn appearance,fabric material color finish textile
Fabric + Color + Finish,Material Combination,"burgundy linen, satin-sheen finish",burgundy linen fabric with natural weave texture and crisp organic slub with a subtle satin-sheen finish with controlled luster,fabric material color finish textile
Fabric + Color + Finish,Material Combination,"pink linen, matte finish",pink linen fabric with natural weave texture and crisp organic slub with a matte surface finish with minimal reflectivity,fabric material color finish textile
Fabric + Color + Finish,Material Combination,"pink linen, glossy finish",pink linen fabric with natural weave texture and crisp organic slub with a glossy surface finish with stronger reflectivity,fabric material color finish textile
Fabric + Color + Finish,Material Combination,"pink linen, brushed finish",pink linen fabric with natural weave texture and crisp organic slub with a brushed surface finish with softened diffused texture,fabric material color finish textile
Fabric + Color + Finish,Material Combination,"pink linen, washed finish",pink linen fabric with natural weave texture and crisp organic slub with a washed finish with softened lived-in coloration,fabric material color finish textile
Fabric + Color + Finish,Material Combination,"pink linen, distressed finish",pink linen fabric with natural weave texture and crisp organic slub with a distressed finish with visible wear character,fabric material color finish textile
Fabric + Color + Finish,Material Combination,"pink linen, heathered finish",pink linen fabric with natural weave texture and crisp organic slub with a heathered finish with mixed tonal fibers,fabric material color finish textile
Fabric + Color + Finish,Material Combination,"pink linen, marled finish",pink linen fabric with natural weave texture and crisp organic slub with a marled finish with blended multitone yarn appearance,fabric material color finish textile
Fabric + Color + Finish,Material Combination,"pink linen, satin-sheen finish",pink linen fabric with natural weave texture and crisp organic slub with a subtle satin-sheen finish with controlled luster,fabric material color finish textile
Fabric + Color + Finish,Material Combination,"hot pink linen, matte finish",hot pink linen fabric with natural weave texture and crisp organic slub with a matte surface finish with minimal reflectivity,fabric material color finish textile
Fabric + Color + Finish,Material Combination,"hot pink linen, glossy finish",hot pink linen fabric with natural weave texture and crisp organic slub with a glossy surface finish with stronger reflectivity,fabric material color finish textile
Fabric + Color + Finish,Material Combination,"hot pink linen, brushed finish",hot pink linen fabric with natural weave texture and crisp organic slub with a brushed surface finish with softened diffused texture,fabric material color finish textile
Fabric + Color + Finish,Material Combination,"hot pink linen, washed finish",hot pink linen fabric with natural weave texture and crisp organic slub with a washed finish with softened lived-in coloration,fabric material color finish textile
Fabric + Color + Finish,Material Combination,"hot pink linen, distressed finish",hot pink linen fabric with natural weave texture and crisp organic slub with a distressed finish with visible wear character,fabric material color finish textile
Fabric + Color + Finish,Material Combination,"hot pink linen, heathered finish",hot pink linen fabric with natural weave texture and crisp organic slub with a heathered finish with mixed tonal fibers,fabric material color finish textile
Fabric + Color + Finish,Material Combination,"hot pink linen, marled finish",hot pink linen fabric with natural weave texture and crisp organic slub with a marled finish with blended multitone yarn appearance,fabric material color finish textile
Fabric + Color + Finish,Material Combination,"hot pink linen, satin-sheen finish",hot pink linen fabric with natural weave texture and crisp organic slub with a subtle satin-sheen finish with controlled luster,fabric material color finish textile
Fabric + Color + Finish,Material Combination,"orange linen, matte finish",orange linen fabric with natural weave texture and crisp organic slub with a matte surface finish with minimal reflectivity,fabric material color finish textile
Fabric + Color + Finish,Material Combination,"orange linen, glossy finish",orange linen fabric with natural weave texture and crisp organic slub with a glossy surface finish with stronger reflectivity,fabric material color finish textile
Fabric + Color + Finish,Material Combination,"orange linen, brushed finish",orange linen fabric with natural weave texture and crisp organic slub with a brushed surface finish with softened diffused texture,fabric material color finish textile
Fabric + Color + Finish,Material Combination,"orange linen, washed finish",orange linen fabric with natural weave texture and crisp organic slub with a washed finish with softened lived-in coloration,fabric material color finish textile
Fabric + Color + Finish,Material Combination,"orange linen, distressed finish",orange linen fabric with natural weave texture and crisp organic slub with a distressed finish with visible wear character,fabric material color finish textile
Fabric + Color + Finish,Material Combination,"orange linen, heathered finish",orange linen fabric with natural weave texture and crisp organic slub with a heathered finish with mixed tonal fibers,fabric material color finish textile
Fabric + Color + Finish,Material Combination,"orange linen, marled finish",orange linen fabric with natural weave texture and crisp organic slub with a marled finish with blended multitone yarn appearance,fabric material color finish textile
Fabric + Color + Finish,Material Combination,"orange linen, satin-sheen finish",orange linen fabric with natural weave texture and crisp organic slub with a subtle satin-sheen finish with controlled luster,fabric material color finish textile
Fabric + Color + Finish,Material Combination,"yellow linen, matte finish",yellow linen fabric with natural weave texture and crisp organic slub with a matte surface finish with minimal reflectivity,fabric material color finish textile
Fabric + Color + Finish,Material Combination,"yellow linen, glossy finish",yellow linen fabric with natural weave texture and crisp organic slub with a glossy surface finish with stronger reflectivity,fabric material color finish textile
Fabric + Color + Finish,Material Combination,"yellow linen, brushed finish",yellow linen fabric with natural weave texture and crisp organic slub with a brushed surface finish with softened diffused texture,fabric material color finish textile
Fabric + Color + Finish,Material Combination,"yellow linen, washed finish",yellow linen fabric with natural weave texture and crisp organic slub with a washed finish with softened lived-in coloration,fabric material color finish textile
Fabric + Color + Finish,Material Combination,"yellow linen, distressed finish",yellow linen fabric with natural weave texture and crisp organic slub with a distressed finish with visible wear character,fabric material color finish textile
Fabric + Color + Finish,Material Combination,"yellow linen, heathered finish",yellow linen fabric with natural weave texture and crisp organic slub with a heathered finish with mixed tonal fibers,fabric material color finish textile
Fabric + Color + Finish,Material Combination,"yellow linen, marled finish",yellow linen fabric with natural weave texture and crisp organic slub with a marled finish with blended multitone yarn appearance,fabric material color finish textile
Fabric + Color + Finish,Material Combination,"yellow linen, satin-sheen finish",yellow linen fabric with natural weave texture and crisp organic slub with a subtle satin-sheen finish with controlled luster,fabric material color finish textile
Fabric + Color + Finish,Material Combination,"olive green linen, matte finish",olive green linen fabric with natural weave texture and crisp organic slub with a matte surface finish with minimal reflectivity,fabric material color finish textile
Fabric + Color + Finish,Material Combination,"olive green linen, glossy finish",olive green linen fabric with natural weave texture and crisp organic slub with a glossy surface finish with stronger reflectivity,fabric material color finish textile
Fabric + Color + Finish,Material Combination,"olive green linen, brushed finish",olive green linen fabric with natural weave texture and crisp organic slub with a brushed surface finish with softened diffused texture,fabric material color finish textile
Fabric + Color + Finish,Material Combination,"olive green linen, washed finish",olive green linen fabric with natural weave texture and crisp organic slub with a washed finish with softened lived-in coloration,fabric material color finish textile
Fabric + Color + Finish,Material Combination,"olive green linen, distressed finish",olive green linen fabric with natural weave texture and crisp organic slub with a distressed finish with visible wear character,fabric material color finish textile
Fabric + Color + Finish,Material Combination,"olive green linen, heathered finish",olive green linen fabric with natural weave texture and crisp organic slub with a heathered finish with mixed tonal fibers,fabric material color finish textile
Fabric + Color + Finish,Material Combination,"olive green linen, marled finish",olive green linen fabric with natural weave texture and crisp organic slub with a marled finish with blended multitone yarn appearance,fabric material color finish textile
Fabric + Color + Finish,Material Combination,"olive green linen, satin-sheen finish",olive green linen fabric with natural weave texture and crisp organic slub with a subtle satin-sheen finish with controlled luster,fabric material color finish textile
Fabric + Color + Finish,Material Combination,"sage green linen, matte finish",sage green linen fabric with natural weave texture and crisp organic slub with a matte surface finish with minimal reflectivity,fabric material color finish textile
Fabric + Color + Finish,Material Combination,"sage green linen, glossy finish",sage green linen fabric with natural weave texture and crisp organic slub with a glossy surface finish with stronger reflectivity,fabric material color finish textile
Fabric + Color + Finish,Material Combination,"sage green linen, brushed finish",sage green linen fabric with natural weave texture and crisp organic slub with a brushed surface finish with softened diffused texture,fabric material color finish textile
Fabric + Color + Finish,Material Combination,"sage green linen, washed finish",sage green linen fabric with natural weave texture and crisp organic slub with a washed finish with softened lived-in coloration,fabric material color finish textile
Fabric + Color + Finish,Material Combination,"sage green linen, distressed finish",sage green linen fabric with natural weave texture and crisp organic slub with a distressed finish with visible wear character,fabric material color finish textile
Fabric + Color + Finish,Material Combination,"sage green linen, heathered finish",sage green linen fabric with natural weave texture and crisp organic slub with a heathered finish with mixed tonal fibers,fabric material color finish textile
Fabric + Color + Finish,Material Combination,"sage green linen, marled finish",sage green linen fabric with natural weave texture and crisp organic slub with a marled finish with blended multitone yarn appearance,fabric material color finish textile
Fabric + Color + Finish,Material Combination,"sage green linen, satin-sheen finish",sage green linen fabric with natural weave texture and crisp organic slub with a subtle satin-sheen finish with controlled luster,fabric material color finish textile
Fabric + Color + Finish,Material Combination,"emerald green linen, matte finish",emerald green linen fabric with natural weave texture and crisp organic slub with a matte surface finish with minimal reflectivity,fabric material color finish textile
Fabric + Color + Finish,Material Combination,"emerald green linen, glossy finish",emerald green linen fabric with natural weave texture and crisp organic slub with a glossy surface finish with stronger reflectivity,fabric material color finish textile
Fabric + Color + Finish,Material Combination,"emerald green linen, brushed finish",emerald green linen fabric with natural weave texture and crisp organic slub with a brushed surface finish with softened diffused texture,fabric material color finish textile
Fabric + Color + Finish,Material Combination,"emerald green linen, washed finish",emerald green linen fabric with natural weave texture and crisp organic slub with a washed finish with softened lived-in coloration,fabric material color finish textile
Fabric + Color + Finish,Material Combination,"emerald green linen, distressed finish",emerald green linen fabric with natural weave texture and crisp organic slub with a distressed finish with visible wear character,fabric material color finish textile
Fabric + Color + Finish,Material Combination,"emerald green linen, heathered finish",emerald green linen fabric with natural weave texture and crisp organic slub with a heathered finish with mixed tonal fibers,fabric material color finish textile
Fabric + Color + Finish,Material Combination,"emerald green linen, marled finish",emerald green linen fabric with natural weave texture and crisp organic slub with a marled finish with blended multitone yarn appearance,fabric material color finish textile
Fabric + Color + Finish,Material Combination,"emerald green linen, satin-sheen finish",emerald green linen fabric with natural weave texture and crisp organic slub with a subtle satin-sheen finish with controlled luster,fabric material color finish textile
Fabric + Color + Finish,Material Combination,"teal linen, matte finish",teal linen fabric with natural weave texture and crisp organic slub with a matte surface finish with minimal reflectivity,fabric material color finish textile
Fabric + Color + Finish,Material Combination,"teal linen, glossy finish",teal linen fabric with natural weave texture and crisp organic slub with a glossy surface finish with stronger reflectivity,fabric material color finish textile
Fabric + Color + Finish,Material Combination,"teal linen, brushed finish",teal linen fabric with natural weave texture and crisp organic slub with a brushed surface finish with softened diffused texture,fabric material color finish textile
Fabric + Color + Finish,Material Combination,"teal linen, washed finish",teal linen fabric with natural weave texture and crisp organic slub with a washed finish with softened lived-in coloration,fabric material color finish textile
Fabric + Color + Finish,Material Combination,"teal linen, distressed finish",teal linen fabric with natural weave texture and crisp organic slub with a distressed finish with visible wear character,fabric material color finish textile
Fabric + Color + Finish,Material Combination,"teal linen, heathered finish",teal linen fabric with natural weave texture and crisp organic slub with a heathered finish with mixed tonal fibers,fabric material color finish textile
Fabric + Color + Finish,Material Combination,"teal linen, marled finish",teal linen fabric with natural weave texture and crisp organic slub with a marled finish with blended multitone yarn appearance,fabric material color finish textile
Fabric + Color + Finish,Material Combination,"teal linen, satin-sheen finish",teal linen fabric with natural weave texture and crisp organic slub with a subtle satin-sheen finish with controlled luster,fabric material color finish textile
Fabric + Color + Finish,Material Combination,"purple linen, matte finish",purple linen fabric with natural weave texture and crisp organic slub with a matte surface finish with minimal reflectivity,fabric material color finish textile
Fabric + Color + Finish,Material Combination,"purple linen, glossy finish",purple linen fabric with natural weave texture and crisp organic slub with a glossy surface finish with stronger reflectivity,fabric material color finish textile
Fabric + Color + Finish,Material Combination,"purple linen, brushed finish",purple linen fabric with natural weave texture and crisp organic slub with a brushed surface finish with softened diffused texture,fabric material color finish textile
Fabric + Color + Finish,Material Combination,"purple linen, washed finish",purple linen fabric with natural weave texture and crisp organic slub with a washed finish with softened lived-in coloration,fabric material color finish textile
Fabric + Color + Finish,Material Combination,"purple linen, distressed finish",purple linen fabric with natural weave texture and crisp organic slub with a distressed finish with visible wear character,fabric material color finish textile
Fabric + Color + Finish,Material Combination,"purple linen, heathered finish",purple linen fabric with natural weave texture and crisp organic slub with a heathered finish with mixed tonal fibers,fabric material color finish textile
Fabric + Color + Finish,Material Combination,"purple linen, marled finish",purple linen fabric with natural weave texture and crisp organic slub with a marled finish with blended multitone yarn appearance,fabric material color finish textile
Fabric + Color + Finish,Material Combination,"purple linen, satin-sheen finish",purple linen fabric with natural weave texture and crisp organic slub with a subtle satin-sheen finish with controlled luster,fabric material color finish textile
Fabric + Color + Finish,Material Combination,"lavender linen, matte finish",lavender linen fabric with natural weave texture and crisp organic slub with a matte surface finish with minimal reflectivity,fabric material color finish textile
Fabric + Color + Finish,Material Combination,"lavender linen, glossy finish",lavender linen fabric with natural weave texture and crisp organic slub with a glossy surface finish with stronger reflectivity,fabric material color finish textile
Fabric + Color + Finish,Material Combination,"lavender linen, brushed finish",lavender linen fabric with natural weave texture and crisp organic slub with a brushed surface finish with softened diffused texture,fabric material color finish textile
Fabric + Color + Finish,Material Combination,"lavender linen, washed finish",lavender linen fabric with natural weave texture and crisp organic slub with a washed finish with softened lived-in coloration,fabric material color finish textile
Fabric + Color + Finish,Material Combination,"lavender linen, distressed finish",lavender linen fabric with natural weave texture and crisp organic slub with a distressed finish with visible wear character,fabric material color finish textile
Fabric + Color + Finish,Material Combination,"lavender linen, heathered finish",lavender linen fabric with natural weave texture and crisp organic slub with a heathered finish with mixed tonal fibers,fabric material color finish textile
Fabric + Color + Finish,Material Combination,"lavender linen, marled finish",lavender linen fabric with natural weave texture and crisp organic slub with a marled finish with blended multitone yarn appearance,fabric material color finish textile
Fabric + Color + Finish,Material Combination,"lavender linen, satin-sheen finish",lavender linen fabric with natural weave texture and crisp organic slub with a subtle satin-sheen finish with controlled luster,fabric material color finish textile
Fabric + Color + Finish,Material Combination,"brown linen, matte finish",brown linen fabric with natural weave texture and crisp organic slub with a matte surface finish with minimal reflectivity,fabric material color finish textile
Fabric + Color + Finish,Material Combination,"brown linen, glossy finish",brown linen fabric with natural weave texture and crisp organic slub with a glossy surface finish with stronger reflectivity,fabric material color finish textile
Fabric + Color + Finish,Material Combination,"brown linen, brushed finish",brown linen fabric with natural weave texture and crisp organic slub with a brushed surface finish with softened diffused texture,fabric material color finish textile
Fabric + Color + Finish,Material Combination,"brown linen, washed finish",brown linen fabric with natural weave texture and crisp organic slub with a washed finish with softened lived-in coloration,fabric material color finish textile
Fabric + Color + Finish,Material Combination,"brown linen, distressed finish",brown linen fabric with natural weave texture and crisp organic slub with a distressed finish with visible wear character,fabric material color finish textile
Fabric + Color + Finish,Material Combination,"brown linen, heathered finish",brown linen fabric with natural weave texture and crisp organic slub with a heathered finish with mixed tonal fibers,fabric material color finish textile
Fabric + Color + Finish,Material Combination,"brown linen, marled finish",brown linen fabric with natural weave texture and crisp organic slub with a marled finish with blended multitone yarn appearance,fabric material color finish textile
Fabric + Color + Finish,Material Combination,"brown linen, satin-sheen finish",brown linen fabric with natural weave texture and crisp organic slub with a subtle satin-sheen finish with controlled luster,fabric material color finish textile
Fabric + Color + Finish,Material Combination,"tan linen, matte finish",tan linen fabric with natural weave texture and crisp organic slub with a matte surface finish with minimal reflectivity,fabric material color finish textile
Fabric + Color + Finish,Material Combination,"tan linen, glossy finish",tan linen fabric with natural weave texture and crisp organic slub with a glossy surface finish with stronger reflectivity,fabric material color finish textile
Fabric + Color + Finish,Material Combination,"tan linen, brushed finish",tan linen fabric with natural weave texture and crisp organic slub with a brushed surface finish with softened diffused texture,fabric material color finish textile
Fabric + Color + Finish,Material Combination,"tan linen, washed finish",tan linen fabric with natural weave texture and crisp organic slub with a washed finish with softened lived-in coloration,fabric material color finish textile
Fabric + Color + Finish,Material Combination,"tan linen, distressed finish",tan linen fabric with natural weave texture and crisp organic slub with a distressed finish with visible wear character,fabric material color finish textile
Fabric + Color + Finish,Material Combination,"tan linen, heathered finish",tan linen fabric with natural weave texture and crisp organic slub with a heathered finish with mixed tonal fibers,fabric material color finish textile
Fabric + Color + Finish,Material Combination,"tan linen, marled finish",tan linen fabric with natural weave texture and crisp organic slub with a marled finish with blended multitone yarn appearance,fabric material color finish textile
Fabric + Color + Finish,Material Combination,"tan linen, satin-sheen finish",tan linen fabric with natural weave texture and crisp organic slub with a subtle satin-sheen finish with controlled luster,fabric material color finish textile
Fabric + Color + Finish,Material Combination,"silver linen, matte finish",silver linen fabric with natural weave texture and crisp organic slub with a matte surface finish with minimal reflectivity,fabric material color finish textile
Fabric + Color + Finish,Material Combination,"silver linen, glossy finish",silver linen fabric with natural weave texture and crisp organic slub with a glossy surface finish with stronger reflectivity,fabric material color finish textile
Fabric + Color + Finish,Material Combination,"silver linen, brushed finish",silver linen fabric with natural weave texture and crisp organic slub with a brushed surface finish with softened diffused texture,fabric material color finish textile
Fabric + Color + Finish,Material Combination,"silver linen, washed finish",silver linen fabric with natural weave texture and crisp organic slub with a washed finish with softened lived-in coloration,fabric material color finish textile
Fabric + Color + Finish,Material Combination,"silver linen, distressed finish",silver linen fabric with natural weave texture and crisp organic slub with a distressed finish with visible wear character,fabric material color finish textile
Fabric + Color + Finish,Material Combination,"silver linen, heathered finish",silver linen fabric with natural weave texture and crisp organic slub with a heathered finish with mixed tonal fibers,fabric material color finish textile
Fabric + Color + Finish,Material Combination,"silver linen, marled finish",silver linen fabric with natural weave texture and crisp organic slub with a marled finish with blended multitone yarn appearance,fabric material color finish textile
Fabric + Color + Finish,Material Combination,"silver linen, satin-sheen finish",silver linen fabric with natural weave texture and crisp organic slub with a subtle satin-sheen finish with controlled luster,fabric material color finish textile
Fabric + Color + Finish,Material Combination,"gold linen, matte finish",gold linen fabric with natural weave texture and crisp organic slub with a matte surface finish with minimal reflectivity,fabric material color finish textile
Fabric + Color + Finish,Material Combination,"gold linen, glossy finish",gold linen fabric with natural weave texture and crisp organic slub with a glossy surface finish with stronger reflectivity,fabric material color finish textile
Fabric + Color + Finish,Material Combination,"gold linen, brushed finish",gold linen fabric with natural weave texture and crisp organic slub with a brushed surface finish with softened diffused texture,fabric material color finish textile
Fabric + Color + Finish,Material Combination,"gold linen, washed finish",gold linen fabric with natural weave texture and crisp organic slub with a washed finish with softened lived-in coloration,fabric material color finish textile
Fabric + Color + Finish,Material Combination,"gold linen, distressed finish",gold linen fabric with natural weave texture and crisp organic slub with a distressed finish with visible wear character,fabric material color finish textile
Fabric + Color + Finish,Material Combination,"gold linen, heathered finish",gold linen fabric with natural weave texture and crisp organic slub with a heathered finish with mixed tonal fibers,fabric material color finish textile
Fabric + Color + Finish,Material Combination,"gold linen, marled finish",gold linen fabric with natural weave texture and crisp organic slub with a marled finish with blended multitone yarn appearance,fabric material color finish textile
Fabric + Color + Finish,Material Combination,"gold linen, satin-sheen finish",gold linen fabric with natural weave texture and crisp organic slub with a subtle satin-sheen finish with controlled luster,fabric material color finish textile
Fabric + Color + Finish,Material Combination,"white leather, matte finish",white leather material with realistic grain and subtle sheen with a matte surface finish with minimal reflectivity,fabric material color finish textile
Fabric + Color + Finish,Material Combination,"white leather, glossy finish",white leather material with realistic grain and subtle sheen with a glossy surface finish with stronger reflectivity,fabric material color finish textile
Fabric + Color + Finish,Material Combination,"white leather, brushed finish",white leather material with realistic grain and subtle sheen with a brushed surface finish with softened diffused texture,fabric material color finish textile
Fabric + Color + Finish,Material Combination,"white leather, washed finish",white leather material with realistic grain and subtle sheen with a washed finish with softened lived-in coloration,fabric material color finish textile
Fabric + Color + Finish,Material Combination,"white leather, distressed finish",white leather material with realistic grain and subtle sheen with a distressed finish with visible wear character,fabric material color finish textile
Fabric + Color + Finish,Material Combination,"white leather, heathered finish",white leather material with realistic grain and subtle sheen with a heathered finish with mixed tonal fibers,fabric material color finish textile
Fabric + Color + Finish,Material Combination,"white leather, marled finish",white leather material with realistic grain and subtle sheen with a marled finish with blended multitone yarn appearance,fabric material color finish textile
Fabric + Color + Finish,Material Combination,"white leather, satin-sheen finish",white leather material with realistic grain and subtle sheen with a subtle satin-sheen finish with controlled luster,fabric material color finish textile
Fabric + Color + Finish,Material Combination,"black leather, matte finish",black leather material with realistic grain and subtle sheen with a matte surface finish with minimal reflectivity,fabric material color finish textile
Fabric + Color + Finish,Material Combination,"black leather, glossy finish",black leather material with realistic grain and subtle sheen with a glossy surface finish with stronger reflectivity,fabric material color finish textile
Fabric + Color + Finish,Material Combination,"black leather, brushed finish",black leather material with realistic grain and subtle sheen with a brushed surface finish with softened diffused texture,fabric material color finish textile
Fabric + Color + Finish,Material Combination,"black leather, washed finish",black leather material with realistic grain and subtle sheen with a washed finish with softened lived-in coloration,fabric material color finish textile
Fabric + Color + Finish,Material Combination,"black leather, distressed finish",black leather material with realistic grain and subtle sheen with a distressed finish with visible wear character,fabric material color finish textile
Fabric + Color + Finish,Material Combination,"black leather, heathered finish",black leather material with realistic grain and subtle sheen with a heathered finish with mixed tonal fibers,fabric material color finish textile
Fabric + Color + Finish,Material Combination,"black leather, marled finish",black leather material with realistic grain and subtle sheen with a marled finish with blended multitone yarn appearance,fabric material color finish textile
Fabric + Color + Finish,Material Combination,"black leather, satin-sheen finish",black leather material with realistic grain and subtle sheen with a subtle satin-sheen finish with controlled luster,fabric material color finish textile
Fabric + Color + Finish,Material Combination,"cream leather, matte finish",cream leather material with realistic grain and subtle sheen with a matte surface finish with minimal reflectivity,fabric material color finish textile
Fabric + Color + Finish,Material Combination,"cream leather, glossy finish",cream leather material with realistic grain and subtle sheen with a glossy surface finish with stronger reflectivity,fabric material color finish textile
Fabric + Color + Finish,Material Combination,"cream leather, brushed finish",cream leather material with realistic grain and subtle sheen with a brushed surface finish with softened diffused texture,fabric material color finish textile
Fabric + Color + Finish,Material Combination,"cream leather, washed finish",cream leather material with realistic grain and subtle sheen with a washed finish with softened lived-in coloration,fabric material color finish textile
Fabric + Color + Finish,Material Combination,"cream leather, distressed finish",cream leather material with realistic grain and subtle sheen with a distressed finish with visible wear character,fabric material color finish textile
Fabric + Color + Finish,Material Combination,"cream leather, heathered finish",cream leather material with realistic grain and subtle sheen with a heathered finish with mixed tonal fibers,fabric material color finish textile
Fabric + Color + Finish,Material Combination,"cream leather, marled finish",cream leather material with realistic grain and subtle sheen with a marled finish with blended multitone yarn appearance,fabric material color finish textile
Fabric + Color + Finish,Material Combination,"cream leather, satin-sheen finish",cream leather material with realistic grain and subtle sheen with a subtle satin-sheen finish with controlled luster,fabric material color finish textile
Fabric + Color + Finish,Material Combination,"beige leather, matte finish",beige leather material with realistic grain and subtle sheen with a matte surface finish with minimal reflectivity,fabric material color finish textile
Fabric + Color + Finish,Material Combination,"beige leather, glossy finish",beige leather material with realistic grain and subtle sheen with a glossy surface finish with stronger reflectivity,fabric material color finish textile
Fabric + Color + Finish,Material Combination,"beige leather, brushed finish",beige leather material with realistic grain and subtle sheen with a brushed surface finish with softened diffused texture,fabric material color finish textile
Fabric + Color + Finish,Material Combination,"beige leather, washed finish",beige leather material with realistic grain and subtle sheen with a washed finish with softened lived-in coloration,fabric material color finish textile
Fabric + Color + Finish,Material Combination,"beige leather, distressed finish",beige leather material with realistic grain and subtle sheen with a distressed finish with visible wear character,fabric material color finish textile
Fabric + Color + Finish,Material Combination,"beige leather, heathered finish",beige leather material with realistic grain and subtle sheen with a heathered finish with mixed tonal fibers,fabric material color finish textile
Fabric + Color + Finish,Material Combination,"beige leather, marled finish",beige leather material with realistic grain and subtle sheen with a marled finish with blended multitone yarn appearance,fabric material color finish textile
Fabric + Color + Finish,Material Combination,"beige leather, satin-sheen finish",beige leather material with realistic grain and subtle sheen with a subtle satin-sheen finish with controlled luster,fabric material color finish textile
Fabric + Color + Finish,Material Combination,"camel leather, matte finish",camel leather material with realistic grain and subtle sheen with a matte surface finish with minimal reflectivity,fabric material color finish textile
Fabric + Color + Finish,Material Combination,"camel leather, glossy finish",camel leather material with realistic grain and subtle sheen with a glossy surface finish with stronger reflectivity,fabric material color finish textile
Fabric + Color + Finish,Material Combination,"camel leather, brushed finish",camel leather material with realistic grain and subtle sheen with a brushed surface finish with softened diffused texture,fabric material color finish textile
Fabric + Color + Finish,Material Combination,"camel leather, washed finish",camel leather material with realistic grain and subtle sheen with a washed finish with softened lived-in coloration,fabric material color finish textile
Fabric + Color + Finish,Material Combination,"camel leather, distressed finish",camel leather material with realistic grain and subtle sheen with a distressed finish with visible wear character,fabric material color finish textile
Fabric + Color + Finish,Material Combination,"camel leather, heathered finish",camel leather material with realistic grain and subtle sheen with a heathered finish with mixed tonal fibers,fabric material color finish textile
Fabric + Color + Finish,Material Combination,"camel leather, marled finish",camel leather material with realistic grain and subtle sheen with a marled finish with blended multitone yarn appearance,fabric material color finish textile
Fabric + Color + Finish,Material Combination,"camel leather, satin-sheen finish",camel leather material with realistic grain and subtle sheen with a subtle satin-sheen finish with controlled luster,fabric material color finish textile
Fabric + Color + Finish,Material Combination,"gray leather, matte finish",gray leather material with realistic grain and subtle sheen with a matte surface finish with minimal reflectivity,fabric material color finish textile
Fabric + Color + Finish,Material Combination,"gray leather, glossy finish",gray leather material with realistic grain and subtle sheen with a glossy surface finish with stronger reflectivity,fabric material color finish textile
Fabric + Color + Finish,Material Combination,"gray leather, brushed finish",gray leather material with realistic grain and subtle sheen with a brushed surface finish with softened diffused texture,fabric material color finish textile
Fabric + Color + Finish,Material Combination,"gray leather, washed finish",gray leather material with realistic grain and subtle sheen with a washed finish with softened lived-in coloration,fabric material color finish textile
Fabric + Color + Finish,Material Combination,"gray leather, distressed finish",gray leather material with realistic grain and subtle sheen with a distressed finish with visible wear character,fabric material color finish textile
Fabric + Color + Finish,Material Combination,"gray leather, heathered finish",gray leather material with realistic grain and subtle sheen with a heathered finish with mixed tonal fibers,fabric material color finish textile
Fabric + Color + Finish,Material Combination,"gray leather, marled finish",gray leather material with realistic grain and subtle sheen with a marled finish with blended multitone yarn appearance,fabric material color finish textile
Fabric + Color + Finish,Material Combination,"gray leather, satin-sheen finish",gray leather material with realistic grain and subtle sheen with a subtle satin-sheen finish with controlled luster,fabric material color finish textile
Fabric + Color + Finish,Material Combination,"charcoal leather, matte finish",charcoal leather material with realistic grain and subtle sheen with a matte surface finish with minimal reflectivity,fabric material color finish textile
Fabric + Color + Finish,Material Combination,"charcoal leather, glossy finish",charcoal leather material with realistic grain and subtle sheen with a glossy surface finish with stronger reflectivity,fabric material color finish textile
Fabric + Color + Finish,Material Combination,"charcoal leather, brushed finish",charcoal leather material with realistic grain and subtle sheen with a brushed surface finish with softened diffused texture,fabric material color finish textile
Fabric + Color + Finish,Material Combination,"charcoal leather, washed finish",charcoal leather material with realistic grain and subtle sheen with a washed finish with softened lived-in coloration,fabric material color finish textile
Fabric + Color + Finish,Material Combination,"charcoal leather, distressed finish",charcoal leather material with realistic grain and subtle sheen with a distressed finish with visible wear character,fabric material color finish textile
Fabric + Color + Finish,Material Combination,"charcoal leather, heathered finish",charcoal leather material with realistic grain and subtle sheen with a heathered finish with mixed tonal fibers,fabric material color finish textile
Fabric + Color + Finish,Material Combination,"charcoal leather, marled finish",charcoal leather material with realistic grain and subtle sheen with a marled finish with blended multitone yarn appearance,fabric material color finish textile
Fabric + Color + Finish,Material Combination,"charcoal leather, satin-sheen finish",charcoal leather material with realistic grain and subtle sheen with a subtle satin-sheen finish with controlled luster,fabric material color finish textile
Fabric + Color + Finish,Material Combination,"navy leather, matte finish",navy leather material with realistic grain and subtle sheen with a matte surface finish with minimal reflectivity,fabric material color finish textile
Fabric + Color + Finish,Material Combination,"navy leather, glossy finish",navy leather material with realistic grain and subtle sheen with a glossy surface finish with stronger reflectivity,fabric material color finish textile
Fabric + Color + Finish,Material Combination,"navy leather, brushed finish",navy leather material with realistic grain and subtle sheen with a brushed surface finish with softened diffused texture,fabric material color finish textile
Fabric + Color + Finish,Material Combination,"navy leather, washed finish",navy leather material with realistic grain and subtle sheen with a washed finish with softened lived-in coloration,fabric material color finish textile
Fabric + Color + Finish,Material Combination,"navy leather, distressed finish",navy leather material with realistic grain and subtle sheen with a distressed finish with visible wear character,fabric material color finish textile
Fabric + Color + Finish,Material Combination,"navy leather, heathered finish",navy leather material with realistic grain and subtle sheen with a heathered finish with mixed tonal fibers,fabric material color finish textile
Fabric + Color + Finish,Material Combination,"navy leather, marled finish",navy leather material with realistic grain and subtle sheen with a marled finish with blended multitone yarn appearance,fabric material color finish textile
Fabric + Color + Finish,Material Combination,"navy leather, satin-sheen finish",navy leather material with realistic grain and subtle sheen with a subtle satin-sheen finish with controlled luster,fabric material color finish textile
Fabric + Color + Finish,Material Combination,"royal blue leather, matte finish",royal blue leather material with realistic grain and subtle sheen with a matte surface finish with minimal reflectivity,fabric material color finish textile
Fabric + Color + Finish,Material Combination,"royal blue leather, glossy finish",royal blue leather material with realistic grain and subtle sheen with a glossy surface finish with stronger reflectivity,fabric material color finish textile
Fabric + Color + Finish,Material Combination,"royal blue leather, brushed finish",royal blue leather material with realistic grain and subtle sheen with a brushed surface finish with softened diffused texture,fabric material color finish textile
Fabric + Color + Finish,Material Combination,"royal blue leather, washed finish",royal blue leather material with realistic grain and subtle sheen with a washed finish with softened lived-in coloration,fabric material color finish textile
Fabric + Color + Finish,Material Combination,"royal blue leather, distressed finish",royal blue leather material with realistic grain and subtle sheen with a distressed finish with visible wear character,fabric material color finish textile
Fabric + Color + Finish,Material Combination,"royal blue leather, heathered finish",royal blue leather material with realistic grain and subtle sheen with a heathered finish with mixed tonal fibers,fabric material color finish textile
Fabric + Color + Finish,Material Combination,"royal blue leather, marled finish",royal blue leather material with realistic grain and subtle sheen with a marled finish with blended multitone yarn appearance,fabric material color finish textile
Fabric + Color + Finish,Material Combination,"royal blue leather, satin-sheen finish",royal blue leather material with realistic grain and subtle sheen with a subtle satin-sheen finish with controlled luster,fabric material color finish textile
Fabric + Color + Finish,Material Combination,"sky blue leather, matte finish",sky blue leather material with realistic grain and subtle sheen with a matte surface finish with minimal reflectivity,fabric material color finish textile
Fabric + Color + Finish,Material Combination,"sky blue leather, glossy finish",sky blue leather material with realistic grain and subtle sheen with a glossy surface finish with stronger reflectivity,fabric material color finish textile
Fabric + Color + Finish,Material Combination,"sky blue leather, brushed finish",sky blue leather material with realistic grain and subtle sheen with a brushed surface finish with softened diffused texture,fabric material color finish textile
Fabric + Color + Finish,Material Combination,"sky blue leather, washed finish",sky blue leather material with realistic grain and subtle sheen with a washed finish with softened lived-in coloration,fabric material color finish textile
Fabric + Color + Finish,Material Combination,"sky blue leather, distressed finish",sky blue leather material with realistic grain and subtle sheen with a distressed finish with visible wear character,fabric material color finish textile
Fabric + Color + Finish,Material Combination,"sky blue leather, heathered finish",sky blue leather material with realistic grain and subtle sheen with a heathered finish with mixed tonal fibers,fabric material color finish textile
Fabric + Color + Finish,Material Combination,"sky blue leather, marled finish",sky blue leather material with realistic grain and subtle sheen with a marled finish with blended multitone yarn appearance,fabric material color finish textile
Fabric + Color + Finish,Material Combination,"sky blue leather, satin-sheen finish",sky blue leather material with realistic grain and subtle sheen with a subtle satin-sheen finish with controlled luster,fabric material color finish textile
Fabric + Color + Finish,Material Combination,"red leather, matte finish",red leather material with realistic grain and subtle sheen with a matte surface finish with minimal reflectivity,fabric material color finish textile
Fabric + Color + Finish,Material Combination,"red leather, glossy finish",red leather material with realistic grain and subtle sheen with a glossy surface finish with stronger reflectivity,fabric material color finish textile
Fabric + Color + Finish,Material Combination,"red leather, brushed finish",red leather material with realistic grain and subtle sheen with a brushed surface finish with softened diffused texture,fabric material color finish textile
Fabric + Color + Finish,Material Combination,"red leather, washed finish",red leather material with realistic grain and subtle sheen with a washed finish with softened lived-in coloration,fabric material color finish textile
Fabric + Color + Finish,Material Combination,"red leather, distressed finish",red leather material with realistic grain and subtle sheen with a distressed finish with visible wear character,fabric material color finish textile
Fabric + Color + Finish,Material Combination,"red leather, heathered finish",red leather material with realistic grain and subtle sheen with a heathered finish with mixed tonal fibers,fabric material color finish textile
Fabric + Color + Finish,Material Combination,"red leather, marled finish",red leather material with realistic grain and subtle sheen with a marled finish with blended multitone yarn appearance,fabric material color finish textile
Fabric + Color + Finish,Material Combination,"red leather, satin-sheen finish",red leather material with realistic grain and subtle sheen with a subtle satin-sheen finish with controlled luster,fabric material color finish textile
Fabric + Color + Finish,Material Combination,"burgundy leather, matte finish",burgundy leather material with realistic grain and subtle sheen with a matte surface finish with minimal reflectivity,fabric material color finish textile
Fabric + Color + Finish,Material Combination,"burgundy leather, glossy finish",burgundy leather material with realistic grain and subtle sheen with a glossy surface finish with stronger reflectivity,fabric material color finish textile
Fabric + Color + Finish,Material Combination,"burgundy leather, brushed finish",burgundy leather material with realistic grain and subtle sheen with a brushed surface finish with softened diffused texture,fabric material color finish textile
Fabric + Color + Finish,Material Combination,"burgundy leather, washed finish",burgundy leather material with realistic grain and subtle sheen with a washed finish with softened lived-in coloration,fabric material color finish textile
Fabric + Color + Finish,Material Combination,"burgundy leather, distressed finish",burgundy leather material with realistic grain and subtle sheen with a distressed finish with visible wear character,fabric material color finish textile
Fabric + Color + Finish,Material Combination,"burgundy leather, heathered finish",burgundy leather material with realistic grain and subtle sheen with a heathered finish with mixed tonal fibers,fabric material color finish textile
Fabric + Color + Finish,Material Combination,"burgundy leather, marled finish",burgundy leather material with realistic grain and subtle sheen with a marled finish with blended multitone yarn appearance,fabric material color finish textile
Fabric + Color + Finish,Material Combination,"burgundy leather, satin-sheen finish",burgundy leather material with realistic grain and subtle sheen with a subtle satin-sheen finish with controlled luster,fabric material color finish textile
Fabric + Color + Finish,Material Combination,"pink leather, matte finish",pink leather material with realistic grain and subtle sheen with a matte surface finish with minimal reflectivity,fabric material color finish textile
Fabric + Color + Finish,Material Combination,"pink leather, glossy finish",pink leather material with realistic grain and subtle sheen with a glossy surface finish with stronger reflectivity,fabric material color finish textile
Fabric + Color + Finish,Material Combination,"pink leather, brushed finish",pink leather material with realistic grain and subtle sheen with a brushed surface finish with softened diffused texture,fabric material color finish textile
Fabric + Color + Finish,Material Combination,"pink leather, washed finish",pink leather material with realistic grain and subtle sheen with a washed finish with softened lived-in coloration,fabric material color finish textile
Fabric + Color + Finish,Material Combination,"pink leather, distressed finish",pink leather material with realistic grain and subtle sheen with a distressed finish with visible wear character,fabric material color finish textile
Fabric + Color + Finish,Material Combination,"pink leather, heathered finish",pink leather material with realistic grain and subtle sheen with a heathered finish with mixed tonal fibers,fabric material color finish textile
Fabric + Color + Finish,Material Combination,"pink leather, marled finish",pink leather material with realistic grain and subtle sheen with a marled finish with blended multitone yarn appearance,fabric material color finish textile
Fabric + Color + Finish,Material Combination,"pink leather, satin-sheen finish",pink leather material with realistic grain and subtle sheen with a subtle satin-sheen finish with controlled luster,fabric material color finish textile
Fabric + Color + Finish,Material Combination,"hot pink leather, matte finish",hot pink leather material with realistic grain and subtle sheen with a matte surface finish with minimal reflectivity,fabric material color finish textile
Fabric + Color + Finish,Material Combination,"hot pink leather, glossy finish",hot pink leather material with realistic grain and subtle sheen with a glossy surface finish with stronger reflectivity,fabric material color finish textile
Fabric + Color + Finish,Material Combination,"hot pink leather, brushed finish",hot pink leather material with realistic grain and subtle sheen with a brushed surface finish with softened diffused texture,fabric material color finish textile
Fabric + Color + Finish,Material Combination,"hot pink leather, washed finish",hot pink leather material with realistic grain and subtle sheen with a washed finish with softened lived-in coloration,fabric material color finish textile
Fabric + Color + Finish,Material Combination,"hot pink leather, distressed finish",hot pink leather material with realistic grain and subtle sheen with a distressed finish with visible wear character,fabric material color finish textile
Fabric + Color + Finish,Material Combination,"hot pink leather, heathered finish",hot pink leather material with realistic grain and subtle sheen with a heathered finish with mixed tonal fibers,fabric material color finish textile
Fabric + Color + Finish,Material Combination,"hot pink leather, marled finish",hot pink leather material with realistic grain and subtle sheen with a marled finish with blended multitone yarn appearance,fabric material color finish textile
Fabric + Color + Finish,Material Combination,"hot pink leather, satin-sheen finish",hot pink leather material with realistic grain and subtle sheen with a subtle satin-sheen finish with controlled luster,fabric material color finish textile
Fabric + Color + Finish,Material Combination,"orange leather, matte finish",orange leather material with realistic grain and subtle sheen with a matte surface finish with minimal reflectivity,fabric material color finish textile
Fabric + Color + Finish,Material Combination,"orange leather, glossy finish",orange leather material with realistic grain and subtle sheen with a glossy surface finish with stronger reflectivity,fabric material color finish textile
Fabric + Color + Finish,Material Combination,"orange leather, brushed finish",orange leather material with realistic grain and subtle sheen with a brushed surface finish with softened diffused texture,fabric material color finish textile
Fabric + Color + Finish,Material Combination,"orange leather, washed finish",orange leather material with realistic grain and subtle sheen with a washed finish with softened lived-in coloration,fabric material color finish textile
Fabric + Color + Finish,Material Combination,"orange leather, distressed finish",orange leather material with realistic grain and subtle sheen with a distressed finish with visible wear character,fabric material color finish textile
Fabric + Color + Finish,Material Combination,"orange leather, heathered finish",orange leather material with realistic grain and subtle sheen with a heathered finish with mixed tonal fibers,fabric material color finish textile
Fabric + Color + Finish,Material Combination,"orange leather, marled finish",orange leather material with realistic grain and subtle sheen with a marled finish with blended multitone yarn appearance,fabric material color finish textile
Fabric + Color + Finish,Material Combination,"orange leather, satin-sheen finish",orange leather material with realistic grain and subtle sheen with a subtle satin-sheen finish with controlled luster,fabric material color finish textile
Fabric + Color + Finish,Material Combination,"yellow leather, matte finish",yellow leather material with realistic grain and subtle sheen with a matte surface finish with minimal reflectivity,fabric material color finish textile
Fabric + Color + Finish,Material Combination,"yellow leather, glossy finish",yellow leather material with realistic grain and subtle sheen with a glossy surface finish with stronger reflectivity,fabric material color finish textile
Fabric + Color + Finish,Material Combination,"yellow leather, brushed finish",yellow leather material with realistic grain and subtle sheen with a brushed surface finish with softened diffused texture,fabric material color finish textile
Fabric + Color + Finish,Material Combination,"yellow leather, washed finish",yellow leather material with realistic grain and subtle sheen with a washed finish with softened lived-in coloration,fabric material color finish textile
Fabric + Color + Finish,Material Combination,"yellow leather, distressed finish",yellow leather material with realistic grain and subtle sheen with a distressed finish with visible wear character,fabric material color finish textile
Fabric + Color + Finish,Material Combination,"yellow leather, heathered finish",yellow leather material with realistic grain and subtle sheen with a heathered finish with mixed tonal fibers,fabric material color finish textile
Fabric + Color + Finish,Material Combination,"yellow leather, marled finish",yellow leather material with realistic grain and subtle sheen with a marled finish with blended multitone yarn appearance,fabric material color finish textile
Fabric + Color + Finish,Material Combination,"yellow leather, satin-sheen finish",yellow leather material with realistic grain and subtle sheen with a subtle satin-sheen finish with controlled luster,fabric material color finish textile
Fabric + Color + Finish,Material Combination,"olive green leather, matte finish",olive green leather material with realistic grain and subtle sheen with a matte surface finish with minimal reflectivity,fabric material color finish textile
Fabric + Color + Finish,Material Combination,"olive green leather, glossy finish",olive green leather material with realistic grain and subtle sheen with a glossy surface finish with stronger reflectivity,fabric material color finish textile
Fabric + Color + Finish,Material Combination,"olive green leather, brushed finish",olive green leather material with realistic grain and subtle sheen with a brushed surface finish with softened diffused texture,fabric material color finish textile
Fabric + Color + Finish,Material Combination,"olive green leather, washed finish",olive green leather material with realistic grain and subtle sheen with a washed finish with softened lived-in coloration,fabric material color finish textile
Fabric + Color + Finish,Material Combination,"olive green leather, distressed finish",olive green leather material with realistic grain and subtle sheen with a distressed finish with visible wear character,fabric material color finish textile
Fabric + Color + Finish,Material Combination,"olive green leather, heathered finish",olive green leather material with realistic grain and subtle sheen with a heathered finish with mixed tonal fibers,fabric material color finish textile
Fabric + Color + Finish,Material Combination,"olive green leather, marled finish",olive green leather material with realistic grain and subtle sheen with a marled finish with blended multitone yarn appearance,fabric material color finish textile
Fabric + Color + Finish,Material Combination,"olive green leather, satin-sheen finish",olive green leather material with realistic grain and subtle sheen with a subtle satin-sheen finish with controlled luster,fabric material color finish textile
Fabric + Color + Finish,Material Combination,"sage green leather, matte finish",sage green leather material with realistic grain and subtle sheen with a matte surface finish with minimal reflectivity,fabric material color finish textile
Fabric + Color + Finish,Material Combination,"sage green leather, glossy finish",sage green leather material with realistic grain and subtle sheen with a glossy surface finish with stronger reflectivity,fabric material color finish textile
Fabric + Color + Finish,Material Combination,"sage green leather, brushed finish",sage green leather material with realistic grain and subtle sheen with a brushed surface finish with softened diffused texture,fabric material color finish textile
Fabric + Color + Finish,Material Combination,"sage green leather, washed finish",sage green leather material with realistic grain and subtle sheen with a washed finish with softened lived-in coloration,fabric material color finish textile
Fabric + Color + Finish,Material Combination,"sage green leather, distressed finish",sage green leather material with realistic grain and subtle sheen with a distressed finish with visible wear character,fabric material color finish textile
Fabric + Color + Finish,Material Combination,"sage green leather, heathered finish",sage green leather material with realistic grain and subtle sheen with a heathered finish with mixed tonal fibers,fabric material color finish textile
Fabric + Color + Finish,Material Combination,"sage green leather, marled finish",sage green leather material with realistic grain and subtle sheen with a marled finish with blended multitone yarn appearance,fabric material color finish textile
Fabric + Color + Finish,Material Combination,"sage green leather, satin-sheen finish",sage green leather material with realistic grain and subtle sheen with a subtle satin-sheen finish with controlled luster,fabric material color finish textile
Fabric + Color + Finish,Material Combination,"emerald green leather, matte finish",emerald green leather material with realistic grain and subtle sheen with a matte surface finish with minimal reflectivity,fabric material color finish textile
Fabric + Color + Finish,Material Combination,"emerald green leather, glossy finish",emerald green leather material with realistic grain and subtle sheen with a glossy surface finish with stronger reflectivity,fabric material color finish textile
Fabric + Color + Finish,Material Combination,"emerald green leather, brushed finish",emerald green leather material with realistic grain and subtle sheen with a brushed surface finish with softened diffused texture,fabric material color finish textile
Fabric + Color + Finish,Material Combination,"emerald green leather, washed finish",emerald green leather material with realistic grain and subtle sheen with a washed finish with softened lived-in coloration,fabric material color finish textile
Fabric + Color + Finish,Material Combination,"emerald green leather, distressed finish",emerald green leather material with realistic grain and subtle sheen with a distressed finish with visible wear character,fabric material color finish textile
Fabric + Color + Finish,Material Combination,"emerald green leather, heathered finish",emerald green leather material with realistic grain and subtle sheen with a heathered finish with mixed tonal fibers,fabric material color finish textile
Fabric + Color + Finish,Material Combination,"emerald green leather, marled finish",emerald green leather material with realistic grain and subtle sheen with a marled finish with blended multitone yarn appearance,fabric material color finish textile
Fabric + Color + Finish,Material Combination,"emerald green leather, satin-sheen finish",emerald green leather material with realistic grain and subtle sheen with a subtle satin-sheen finish with controlled luster,fabric material color finish textile
Fabric + Color + Finish,Material Combination,"teal leather, matte finish",teal leather material with realistic grain and subtle sheen with a matte surface finish with minimal reflectivity,fabric material color finish textile
Fabric + Color + Finish,Material Combination,"teal leather, glossy finish",teal leather material with realistic grain and subtle sheen with a glossy surface finish with stronger reflectivity,fabric material color finish textile
Fabric + Color + Finish,Material Combination,"teal leather, brushed finish",teal leather material with realistic grain and subtle sheen with a brushed surface finish with softened diffused texture,fabric material color finish textile
Fabric + Color + Finish,Material Combination,"teal leather, washed finish",teal leather material with realistic grain and subtle sheen with a washed finish with softened lived-in coloration,fabric material color finish textile
Fabric + Color + Finish,Material Combination,"teal leather, distressed finish",teal leather material with realistic grain and subtle sheen with a distressed finish with visible wear character,fabric material color finish textile
Fabric + Color + Finish,Material Combination,"teal leather, heathered finish",teal leather material with realistic grain and subtle sheen with a heathered finish with mixed tonal fibers,fabric material color finish textile
Fabric + Color + Finish,Material Combination,"teal leather, marled finish",teal leather material with realistic grain and subtle sheen with a marled finish with blended multitone yarn appearance,fabric material color finish textile
Fabric + Color + Finish,Material Combination,"teal leather, satin-sheen finish",teal leather material with realistic grain and subtle sheen with a subtle satin-sheen finish with controlled luster,fabric material color finish textile
Fabric + Color + Finish,Material Combination,"purple leather, matte finish",purple leather material with realistic grain and subtle sheen with a matte surface finish with minimal reflectivity,fabric material color finish textile
Fabric + Color + Finish,Material Combination,"purple leather, glossy finish",purple leather material with realistic grain and subtle sheen with a glossy surface finish with stronger reflectivity,fabric material color finish textile
Fabric + Color + Finish,Material Combination,"purple leather, brushed finish",purple leather material with realistic grain and subtle sheen with a brushed surface finish with softened diffused texture,fabric material color finish textile
Fabric + Color + Finish,Material Combination,"purple leather, washed finish",purple leather material with realistic grain and subtle sheen with a washed finish with softened lived-in coloration,fabric material color finish textile
Fabric + Color + Finish,Material Combination,"purple leather, distressed finish",purple leather material with realistic grain and subtle sheen with a distressed finish with visible wear character,fabric material color finish textile
Fabric + Color + Finish,Material Combination,"purple leather, heathered finish",purple leather material with realistic grain and subtle sheen with a heathered finish with mixed tonal fibers,fabric material color finish textile
Fabric + Color + Finish,Material Combination,"purple leather, marled finish",purple leather material with realistic grain and subtle sheen with a marled finish with blended multitone yarn appearance,fabric material color finish textile
Fabric + Color + Finish,Material Combination,"purple leather, satin-sheen finish",purple leather material with realistic grain and subtle sheen with a subtle satin-sheen finish with controlled luster,fabric material color finish textile
Fabric + Color + Finish,Material Combination,"lavender leather, matte finish",lavender leather material with realistic grain and subtle sheen with a matte surface finish with minimal reflectivity,fabric material color finish textile
Fabric + Color + Finish,Material Combination,"lavender leather, glossy finish",lavender leather material with realistic grain and subtle sheen with a glossy surface finish with stronger reflectivity,fabric material color finish textile
Fabric + Color + Finish,Material Combination,"lavender leather, brushed finish",lavender leather material with realistic grain and subtle sheen with a brushed surface finish with softened diffused texture,fabric material color finish textile
Fabric + Color + Finish,Material Combination,"lavender leather, washed finish",lavender leather material with realistic grain and subtle sheen with a washed finish with softened lived-in coloration,fabric material color finish textile
Fabric + Color + Finish,Material Combination,"lavender leather, distressed finish",lavender leather material with realistic grain and subtle sheen with a distressed finish with visible wear character,fabric material color finish textile
Fabric + Color + Finish,Material Combination,"lavender leather, heathered finish",lavender leather material with realistic grain and subtle sheen with a heathered finish with mixed tonal fibers,fabric material color finish textile
Fabric + Color + Finish,Material Combination,"lavender leather, marled finish",lavender leather material with realistic grain and subtle sheen with a marled finish with blended multitone yarn appearance,fabric material color finish textile
Fabric + Color + Finish,Material Combination,"lavender leather, satin-sheen finish",lavender leather material with realistic grain and subtle sheen with a subtle satin-sheen finish with controlled luster,fabric material color finish textile
Fabric + Color + Finish,Material Combination,"brown leather, matte finish",brown leather material with realistic grain and subtle sheen with a matte surface finish with minimal reflectivity,fabric material color finish textile
Fabric + Color + Finish,Material Combination,"brown leather, glossy finish",brown leather material with realistic grain and subtle sheen with a glossy surface finish with stronger reflectivity,fabric material color finish textile
Fabric + Color + Finish,Material Combination,"brown leather, brushed finish",brown leather material with realistic grain and subtle sheen with a brushed surface finish with softened diffused texture,fabric material color finish textile
Fabric + Color + Finish,Material Combination,"brown leather, washed finish",brown leather material with realistic grain and subtle sheen with a washed finish with softened lived-in coloration,fabric material color finish textile
Fabric + Color + Finish,Material Combination,"brown leather, distressed finish",brown leather material with realistic grain and subtle sheen with a distressed finish with visible wear character,fabric material color finish textile
Fabric + Color + Finish,Material Combination,"brown leather, heathered finish",brown leather material with realistic grain and subtle sheen with a heathered finish with mixed tonal fibers,fabric material color finish textile
Fabric + Color + Finish,Material Combination,"brown leather, marled finish",brown leather material with realistic grain and subtle sheen with a marled finish with blended multitone yarn appearance,fabric material color finish textile
Fabric + Color + Finish,Material Combination,"brown leather, satin-sheen finish",brown leather material with realistic grain and subtle sheen with a subtle satin-sheen finish with controlled luster,fabric material color finish textile
Fabric + Color + Finish,Material Combination,"tan leather, matte finish",tan leather material with realistic grain and subtle sheen with a matte surface finish with minimal reflectivity,fabric material color finish textile
Fabric + Color + Finish,Material Combination,"tan leather, glossy finish",tan leather material with realistic grain and subtle sheen with a glossy surface finish with stronger reflectivity,fabric material color finish textile
Fabric + Color + Finish,Material Combination,"tan leather, brushed finish",tan leather material with realistic grain and subtle sheen with a brushed surface finish with softened diffused texture,fabric material color finish textile
Fabric + Color + Finish,Material Combination,"tan leather, washed finish",tan leather material with realistic grain and subtle sheen with a washed finish with softened lived-in coloration,fabric material color finish textile
Fabric + Color + Finish,Material Combination,"tan leather, distressed finish",tan leather material with realistic grain and subtle sheen with a distressed finish with visible wear character,fabric material color finish textile
Fabric + Color + Finish,Material Combination,"tan leather, heathered finish",tan leather material with realistic grain and subtle sheen with a heathered finish with mixed tonal fibers,fabric material color finish textile
Fabric + Color + Finish,Material Combination,"tan leather, marled finish",tan leather material with realistic grain and subtle sheen with a marled finish with blended multitone yarn appearance,fabric material color finish textile
Fabric + Color + Finish,Material Combination,"tan leather, satin-sheen finish",tan leather material with realistic grain and subtle sheen with a subtle satin-sheen finish with controlled luster,fabric material color finish textile
Fabric + Color + Finish,Material Combination,"silver leather, matte finish",silver leather material with realistic grain and subtle sheen with a matte surface finish with minimal reflectivity,fabric material color finish textile
Fabric + Color + Finish,Material Combination,"silver leather, glossy finish",silver leather material with realistic grain and subtle sheen with a glossy surface finish with stronger reflectivity,fabric material color finish textile
Fabric + Color + Finish,Material Combination,"silver leather, brushed finish",silver leather material with realistic grain and subtle sheen with a brushed surface finish with softened diffused texture,fabric material color finish textile
Fabric + Color + Finish,Material Combination,"silver leather, washed finish",silver leather material with realistic grain and subtle sheen with a washed finish with softened lived-in coloration,fabric material color finish textile
Fabric + Color + Finish,Material Combination,"silver leather, distressed finish",silver leather material with realistic grain and subtle sheen with a distressed finish with visible wear character,fabric material color finish textile
Fabric + Color + Finish,Material Combination,"silver leather, heathered finish",silver leather material with realistic grain and subtle sheen with a heathered finish with mixed tonal fibers,fabric material color finish textile
Fabric + Color + Finish,Material Combination,"silver leather, marled finish",silver leather material with realistic grain and subtle sheen with a marled finish with blended multitone yarn appearance,fabric material color finish textile
Fabric + Color + Finish,Material Combination,"silver leather, satin-sheen finish",silver leather material with realistic grain and subtle sheen with a subtle satin-sheen finish with controlled luster,fabric material color finish textile
Fabric + Color + Finish,Material Combination,"gold leather, matte finish",gold leather material with realistic grain and subtle sheen with a matte surface finish with minimal reflectivity,fabric material color finish textile
Fabric + Color + Finish,Material Combination,"gold leather, glossy finish",gold leather material with realistic grain and subtle sheen with a glossy surface finish with stronger reflectivity,fabric material color finish textile
Fabric + Color + Finish,Material Combination,"gold leather, brushed finish",gold leather material with realistic grain and subtle sheen with a brushed surface finish with softened diffused texture,fabric material color finish textile
Fabric + Color + Finish,Material Combination,"gold leather, washed finish",gold leather material with realistic grain and subtle sheen with a washed finish with softened lived-in coloration,fabric material color finish textile
Fabric + Color + Finish,Material Combination,"gold leather, distressed finish",gold leather material with realistic grain and subtle sheen with a distressed finish with visible wear character,fabric material color finish textile
Fabric + Color + Finish,Material Combination,"gold leather, heathered finish",gold leather material with realistic grain and subtle sheen with a heathered finish with mixed tonal fibers,fabric material color finish textile
Fabric + Color + Finish,Material Combination,"gold leather, marled finish",gold leather material with realistic grain and subtle sheen with a marled finish with blended multitone yarn appearance,fabric material color finish textile
Fabric + Color + Finish,Material Combination,"gold leather, satin-sheen finish",gold leather material with realistic grain and subtle sheen with a subtle satin-sheen finish with controlled luster,fabric material color finish textile
Fabric + Color + Finish,Material Combination,"white faux leather, matte finish",white faux-leather material with synthetic grain and controlled sheen with a matte surface finish with minimal reflectivity,fabric material color finish textile
Fabric + Color + Finish,Material Combination,"white faux leather, glossy finish",white faux-leather material with synthetic grain and controlled sheen with a glossy surface finish with stronger reflectivity,fabric material color finish textile
Fabric + Color + Finish,Material Combination,"white faux leather, brushed finish",white faux-leather material with synthetic grain and controlled sheen with a brushed surface finish with softened diffused texture,fabric material color finish textile
Fabric + Color + Finish,Material Combination,"white faux leather, washed finish",white faux-leather material with synthetic grain and controlled sheen with a washed finish with softened lived-in coloration,fabric material color finish textile
Fabric + Color + Finish,Material Combination,"white faux leather, distressed finish",white faux-leather material with synthetic grain and controlled sheen with a distressed finish with visible wear character,fabric material color finish textile
Fabric + Color + Finish,Material Combination,"white faux leather, heathered finish",white faux-leather material with synthetic grain and controlled sheen with a heathered finish with mixed tonal fibers,fabric material color finish textile
Fabric + Color + Finish,Material Combination,"white faux leather, marled finish",white faux-leather material with synthetic grain and controlled sheen with a marled finish with blended multitone yarn appearance,fabric material color finish textile
Fabric + Color + Finish,Material Combination,"white faux leather, satin-sheen finish",white faux-leather material with synthetic grain and controlled sheen with a subtle satin-sheen finish with controlled luster,fabric material color finish textile
Fabric + Color + Finish,Material Combination,"black faux leather, matte finish",black faux-leather material with synthetic grain and controlled sheen with a matte surface finish with minimal reflectivity,fabric material color finish textile
Fabric + Color + Finish,Material Combination,"black faux leather, glossy finish",black faux-leather material with synthetic grain and controlled sheen with a glossy surface finish with stronger reflectivity,fabric material color finish textile
Fabric + Color + Finish,Material Combination,"black faux leather, brushed finish",black faux-leather material with synthetic grain and controlled sheen with a brushed surface finish with softened diffused texture,fabric material color finish textile
Fabric + Color + Finish,Material Combination,"black faux leather, washed finish",black faux-leather material with synthetic grain and controlled sheen with a washed finish with softened lived-in coloration,fabric material color finish textile
Fabric + Color + Finish,Material Combination,"black faux leather, distressed finish",black faux-leather material with synthetic grain and controlled sheen with a distressed finish with visible wear character,fabric material color finish textile
Fabric + Color + Finish,Material Combination,"black faux leather, heathered finish",black faux-leather material with synthetic grain and controlled sheen with a heathered finish with mixed tonal fibers,fabric material color finish textile
Fabric + Color + Finish,Material Combination,"black faux leather, marled finish",black faux-leather material with synthetic grain and controlled sheen with a marled finish with blended multitone yarn appearance,fabric material color finish textile
Fabric + Color + Finish,Material Combination,"black faux leather, satin-sheen finish",black faux-leather material with synthetic grain and controlled sheen with a subtle satin-sheen finish with controlled luster,fabric material color finish textile
Fabric + Color + Finish,Material Combination,"cream faux leather, matte finish",cream faux-leather material with synthetic grain and controlled sheen with a matte surface finish with minimal reflectivity,fabric material color finish textile
Fabric + Color + Finish,Material Combination,"cream faux leather, glossy finish",cream faux-leather material with synthetic grain and controlled sheen with a glossy surface finish with stronger reflectivity,fabric material color finish textile
Fabric + Color + Finish,Material Combination,"cream faux leather, brushed finish",cream faux-leather material with synthetic grain and controlled sheen with a brushed surface finish with softened diffused texture,fabric material color finish textile
Fabric + Color + Finish,Material Combination,"cream faux leather, washed finish",cream faux-leather material with synthetic grain and controlled sheen with a washed finish with softened lived-in coloration,fabric material color finish textile
Fabric + Color + Finish,Material Combination,"cream faux leather, distressed finish",cream faux-leather material with synthetic grain and controlled sheen with a distressed finish with visible wear character,fabric material color finish textile
Fabric + Color + Finish,Material Combination,"cream faux leather, heathered finish",cream faux-leather material with synthetic grain and controlled sheen with a heathered finish with mixed tonal fibers,fabric material color finish textile
Fabric + Color + Finish,Material Combination,"cream faux leather, marled finish",cream faux-leather material with synthetic grain and controlled sheen with a marled finish with blended multitone yarn appearance,fabric material color finish textile
Fabric + Color + Finish,Material Combination,"cream faux leather, satin-sheen finish",cream faux-leather material with synthetic grain and controlled sheen with a subtle satin-sheen finish with controlled luster,fabric material color finish textile
Fabric + Color + Finish,Material Combination,"beige faux leather, matte finish",beige faux-leather material with synthetic grain and controlled sheen with a matte surface finish with minimal reflectivity,fabric material color finish textile
Fabric + Color + Finish,Material Combination,"beige faux leather, glossy finish",beige faux-leather material with synthetic grain and controlled sheen with a glossy surface finish with stronger reflectivity,fabric material color finish textile
Fabric + Color + Finish,Material Combination,"beige faux leather, brushed finish",beige faux-leather material with synthetic grain and controlled sheen with a brushed surface finish with softened diffused texture,fabric material color finish textile
Fabric + Color + Finish,Material Combination,"beige faux leather, washed finish",beige faux-leather material with synthetic grain and controlled sheen with a washed finish with softened lived-in coloration,fabric material color finish textile
Fabric + Color + Finish,Material Combination,"beige faux leather, distressed finish",beige faux-leather material with synthetic grain and controlled sheen with a distressed finish with visible wear character,fabric material color finish textile
Fabric + Color + Finish,Material Combination,"beige faux leather, heathered finish",beige faux-leather material with synthetic grain and controlled sheen with a heathered finish with mixed tonal fibers,fabric material color finish textile
Fabric + Color + Finish,Material Combination,"beige faux leather, marled finish",beige faux-leather material with synthetic grain and controlled sheen with a marled finish with blended multitone yarn appearance,fabric material color finish textile
Fabric + Color + Finish,Material Combination,"beige faux leather, satin-sheen finish",beige faux-leather material with synthetic grain and controlled sheen with a subtle satin-sheen finish with controlled luster,fabric material color finish textile
Fabric + Color + Finish,Material Combination,"camel faux leather, matte finish",camel faux-leather material with synthetic grain and controlled sheen with a matte surface finish with minimal reflectivity,fabric material color finish textile
Fabric + Color + Finish,Material Combination,"camel faux leather, glossy finish",camel faux-leather material with synthetic grain and controlled sheen with a glossy surface finish with stronger reflectivity,fabric material color finish textile
Fabric + Color + Finish,Material Combination,"camel faux leather, brushed finish",camel faux-leather material with synthetic grain and controlled sheen with a brushed surface finish with softened diffused texture,fabric material color finish textile
Fabric + Color + Finish,Material Combination,"camel faux leather, washed finish",camel faux-leather material with synthetic grain and controlled sheen with a washed finish with softened lived-in coloration,fabric material color finish textile
Fabric + Color + Finish,Material Combination,"camel faux leather, distressed finish",camel faux-leather material with synthetic grain and controlled sheen with a distressed finish with visible wear character,fabric material color finish textile
Fabric + Color + Finish,Material Combination,"camel faux leather, heathered finish",camel faux-leather material with synthetic grain and controlled sheen with a heathered finish with mixed tonal fibers,fabric material color finish textile
Fabric + Color + Finish,Material Combination,"camel faux leather, marled finish",camel faux-leather material with synthetic grain and controlled sheen with a marled finish with blended multitone yarn appearance,fabric material color finish textile
Fabric + Color + Finish,Material Combination,"camel faux leather, satin-sheen finish",camel faux-leather material with synthetic grain and controlled sheen with a subtle satin-sheen finish with controlled luster,fabric material color finish textile
Fabric + Color + Finish,Material Combination,"gray faux leather, matte finish",gray faux-leather material with synthetic grain and controlled sheen with a matte surface finish with minimal reflectivity,fabric material color finish textile
Fabric + Color + Finish,Material Combination,"gray faux leather, glossy finish",gray faux-leather material with synthetic grain and controlled sheen with a glossy surface finish with stronger reflectivity,fabric material color finish textile
Fabric + Color + Finish,Material Combination,"gray faux leather, brushed finish",gray faux-leather material with synthetic grain and controlled sheen with a brushed surface finish with softened diffused texture,fabric material color finish textile
Fabric + Color + Finish,Material Combination,"gray faux leather, washed finish",gray faux-leather material with synthetic grain and controlled sheen with a washed finish with softened lived-in coloration,fabric material color finish textile
Fabric + Color + Finish,Material Combination,"gray faux leather, distressed finish",gray faux-leather material with synthetic grain and controlled sheen with a distressed finish with visible wear character,fabric material color finish textile
Fabric + Color + Finish,Material Combination,"gray faux leather, heathered finish",gray faux-leather material with synthetic grain and controlled sheen with a heathered finish with mixed tonal fibers,fabric material color finish textile
Fabric + Color + Finish,Material Combination,"gray faux leather, marled finish",gray faux-leather material with synthetic grain and controlled sheen with a marled finish with blended multitone yarn appearance,fabric material color finish textile
Fabric + Color + Finish,Material Combination,"gray faux leather, satin-sheen finish",gray faux-leather material with synthetic grain and controlled sheen with a subtle satin-sheen finish with controlled luster,fabric material color finish textile
Fabric + Color + Finish,Material Combination,"charcoal faux leather, matte finish",charcoal faux-leather material with synthetic grain and controlled sheen with a matte surface finish with minimal reflectivity,fabric material color finish textile
Fabric + Color + Finish,Material Combination,"charcoal faux leather, glossy finish",charcoal faux-leather material with synthetic grain and controlled sheen with a glossy surface finish with stronger reflectivity,fabric material color finish textile
Fabric + Color + Finish,Material Combination,"charcoal faux leather, brushed finish",charcoal faux-leather material with synthetic grain and controlled sheen with a brushed surface finish with softened diffused texture,fabric material color finish textile
Fabric + Color + Finish,Material Combination,"charcoal faux leather, washed finish",charcoal faux-leather material with synthetic grain and controlled sheen with a washed finish with softened lived-in coloration,fabric material color finish textile
Fabric + Color + Finish,Material Combination,"charcoal faux leather, distressed finish",charcoal faux-leather material with synthetic grain and controlled sheen with a distressed finish with visible wear character,fabric material color finish textile
Fabric + Color + Finish,Material Combination,"charcoal faux leather, heathered finish",charcoal faux-leather material with synthetic grain and controlled sheen with a heathered finish with mixed tonal fibers,fabric material color finish textile
Fabric + Color + Finish,Material Combination,"charcoal faux leather, marled finish",charcoal faux-leather material with synthetic grain and controlled sheen with a marled finish with blended multitone yarn appearance,fabric material color finish textile
Fabric + Color + Finish,Material Combination,"charcoal faux leather, satin-sheen finish",charcoal faux-leather material with synthetic grain and controlled sheen with a subtle satin-sheen finish with controlled luster,fabric material color finish textile
Fabric + Color + Finish,Material Combination,"navy faux leather, matte finish",navy faux-leather material with synthetic grain and controlled sheen with a matte surface finish with minimal reflectivity,fabric material color finish textile
Fabric + Color + Finish,Material Combination,"navy faux leather, glossy finish",navy faux-leather material with synthetic grain and controlled sheen with a glossy surface finish with stronger reflectivity,fabric material color finish textile
Fabric + Color + Finish,Material Combination,"navy faux leather, brushed finish",navy faux-leather material with synthetic grain and controlled sheen with a brushed surface finish with softened diffused texture,fabric material color finish textile
Fabric + Color + Finish,Material Combination,"navy faux leather, washed finish",navy faux-leather material with synthetic grain and controlled sheen with a washed finish with softened lived-in coloration,fabric material color finish textile
Fabric + Color + Finish,Material Combination,"navy faux leather, distressed finish",navy faux-leather material with synthetic grain and controlled sheen with a distressed finish with visible wear character,fabric material color finish textile
Fabric + Color + Finish,Material Combination,"navy faux leather, heathered finish",navy faux-leather material with synthetic grain and controlled sheen with a heathered finish with mixed tonal fibers,fabric material color finish textile
Fabric + Color + Finish,Material Combination,"navy faux leather, marled finish",navy faux-leather material with synthetic grain and controlled sheen with a marled finish with blended multitone yarn appearance,fabric material color finish textile
Fabric + Color + Finish,Material Combination,"navy faux leather, satin-sheen finish",navy faux-leather material with synthetic grain and controlled sheen with a subtle satin-sheen finish with controlled luster,fabric material color finish textile
Fabric + Color + Finish,Material Combination,"royal blue faux leather, matte finish",royal blue faux-leather material with synthetic grain and controlled sheen with a matte surface finish with minimal reflectivity,fabric material color finish textile
Fabric + Color + Finish,Material Combination,"royal blue faux leather, glossy finish",royal blue faux-leather material with synthetic grain and controlled sheen with a glossy surface finish with stronger reflectivity,fabric material color finish textile
Fabric + Color + Finish,Material Combination,"royal blue faux leather, brushed finish",royal blue faux-leather material with synthetic grain and controlled sheen with a brushed surface finish with softened diffused texture,fabric material color finish textile
Fabric + Color + Finish,Material Combination,"royal blue faux leather, washed finish",royal blue faux-leather material with synthetic grain and controlled sheen with a washed finish with softened lived-in coloration,fabric material color finish textile
Fabric + Color + Finish,Material Combination,"royal blue faux leather, distressed finish",royal blue faux-leather material with synthetic grain and controlled sheen with a distressed finish with visible wear character,fabric material color finish textile
Fabric + Color + Finish,Material Combination,"royal blue faux leather, heathered finish",royal blue faux-leather material with synthetic grain and controlled sheen with a heathered finish with mixed tonal fibers,fabric material color finish textile
Fabric + Color + Finish,Material Combination,"royal blue faux leather, marled finish",royal blue faux-leather material with synthetic grain and controlled sheen with a marled finish with blended multitone yarn appearance,fabric material color finish textile
Fabric + Color + Finish,Material Combination,"royal blue faux leather, satin-sheen finish",royal blue faux-leather material with synthetic grain and controlled sheen with a subtle satin-sheen finish with controlled luster,fabric material color finish textile
Fabric + Color + Finish,Material Combination,"sky blue faux leather, matte finish",sky blue faux-leather material with synthetic grain and controlled sheen with a matte surface finish with minimal reflectivity,fabric material color finish textile
Fabric + Color + Finish,Material Combination,"sky blue faux leather, glossy finish",sky blue faux-leather material with synthetic grain and controlled sheen with a glossy surface finish with stronger reflectivity,fabric material color finish textile
Fabric + Color + Finish,Material Combination,"sky blue faux leather, brushed finish",sky blue faux-leather material with synthetic grain and controlled sheen with a brushed surface finish with softened diffused texture,fabric material color finish textile
Fabric + Color + Finish,Material Combination,"sky blue faux leather, washed finish",sky blue faux-leather material with synthetic grain and controlled sheen with a washed finish with softened lived-in coloration,fabric material color finish textile
Fabric + Color + Finish,Material Combination,"sky blue faux leather, distressed finish",sky blue faux-leather material with synthetic grain and controlled sheen with a distressed finish with visible wear character,fabric material color finish textile
Fabric + Color + Finish,Material Combination,"sky blue faux leather, heathered finish",sky blue faux-leather material with synthetic grain and controlled sheen with a heathered finish with mixed tonal fibers,fabric material color finish textile
Fabric + Color + Finish,Material Combination,"sky blue faux leather, marled finish",sky blue faux-leather material with synthetic grain and controlled sheen with a marled finish with blended multitone yarn appearance,fabric material color finish textile
Fabric + Color + Finish,Material Combination,"sky blue faux leather, satin-sheen finish",sky blue faux-leather material with synthetic grain and controlled sheen with a subtle satin-sheen finish with controlled luster,fabric material color finish textile
Fabric + Color + Finish,Material Combination,"red faux leather, matte finish",red faux-leather material with synthetic grain and controlled sheen with a matte surface finish with minimal reflectivity,fabric material color finish textile
Fabric + Color + Finish,Material Combination,"red faux leather, glossy finish",red faux-leather material with synthetic grain and controlled sheen with a glossy surface finish with stronger reflectivity,fabric material color finish textile
Fabric + Color + Finish,Material Combination,"red faux leather, brushed finish",red faux-leather material with synthetic grain and controlled sheen with a brushed surface finish with softened diffused texture,fabric material color finish textile
Fabric + Color + Finish,Material Combination,"red faux leather, washed finish",red faux-leather material with synthetic grain and controlled sheen with a washed finish with softened lived-in coloration,fabric material color finish textile
Fabric + Color + Finish,Material Combination,"red faux leather, distressed finish",red faux-leather material with synthetic grain and controlled sheen with a distressed finish with visible wear character,fabric material color finish textile
Fabric + Color + Finish,Material Combination,"red faux leather, heathered finish",red faux-leather material with synthetic grain and controlled sheen with a heathered finish with mixed tonal fibers,fabric material color finish textile
Fabric + Color + Finish,Material Combination,"red faux leather, marled finish",red faux-leather material with synthetic grain and controlled sheen with a marled finish with blended multitone yarn appearance,fabric material color finish textile
Fabric + Color + Finish,Material Combination,"red faux leather, satin-sheen finish",red faux-leather material with synthetic grain and controlled sheen with a subtle satin-sheen finish with controlled luster,fabric material color finish textile
Fabric + Color + Finish,Material Combination,"burgundy faux leather, matte finish",burgundy faux-leather material with synthetic grain and controlled sheen with a matte surface finish with minimal reflectivity,fabric material color finish textile
Fabric + Color + Finish,Material Combination,"burgundy faux leather, glossy finish",burgundy faux-leather material with synthetic grain and controlled sheen with a glossy surface finish with stronger reflectivity,fabric material color finish textile
Fabric + Color + Finish,Material Combination,"burgundy faux leather, brushed finish",burgundy faux-leather material with synthetic grain and controlled sheen with a brushed surface finish with softened diffused texture,fabric material color finish textile
Fabric + Color + Finish,Material Combination,"burgundy faux leather, washed finish",burgundy faux-leather material with synthetic grain and controlled sheen with a washed finish with softened lived-in coloration,fabric material color finish textile
Fabric + Color + Finish,Material Combination,"burgundy faux leather, distressed finish",burgundy faux-leather material with synthetic grain and controlled sheen with a distressed finish with visible wear character,fabric material color finish textile
Fabric + Color + Finish,Material Combination,"burgundy faux leather, heathered finish",burgundy faux-leather material with synthetic grain and controlled sheen with a heathered finish with mixed tonal fibers,fabric material color finish textile
Fabric + Color + Finish,Material Combination,"burgundy faux leather, marled finish",burgundy faux-leather material with synthetic grain and controlled sheen with a marled finish with blended multitone yarn appearance,fabric material color finish textile
Fabric + Color + Finish,Material Combination,"burgundy faux leather, satin-sheen finish",burgundy faux-leather material with synthetic grain and controlled sheen with a subtle satin-sheen finish with controlled luster,fabric material color finish textile
Fabric + Color + Finish,Material Combination,"pink faux leather, matte finish",pink faux-leather material with synthetic grain and controlled sheen with a matte surface finish with minimal reflectivity,fabric material color finish textile
Fabric + Color + Finish,Material Combination,"pink faux leather, glossy finish",pink faux-leather material with synthetic grain and controlled sheen with a glossy surface finish with stronger reflectivity,fabric material color finish textile
Fabric + Color + Finish,Material Combination,"pink faux leather, brushed finish",pink faux-leather material with synthetic grain and controlled sheen with a brushed surface finish with softened diffused texture,fabric material color finish textile
Fabric + Color + Finish,Material Combination,"pink faux leather, washed finish",pink faux-leather material with synthetic grain and controlled sheen with a washed finish with softened lived-in coloration,fabric material color finish textile
Fabric + Color + Finish,Material Combination,"pink faux leather, distressed finish",pink faux-leather material with synthetic grain and controlled sheen with a distressed finish with visible wear character,fabric material color finish textile
Fabric + Color + Finish,Material Combination,"pink faux leather, heathered finish",pink faux-leather material with synthetic grain and controlled sheen with a heathered finish with mixed tonal fibers,fabric material color finish textile
Fabric + Color + Finish,Material Combination,"pink faux leather, marled finish",pink faux-leather material with synthetic grain and controlled sheen with a marled finish with blended multitone yarn appearance,fabric material color finish textile
Fabric + Color + Finish,Material Combination,"pink faux leather, satin-sheen finish",pink faux-leather material with synthetic grain and controlled sheen with a subtle satin-sheen finish with controlled luster,fabric material color finish textile
Fabric + Color + Finish,Material Combination,"hot pink faux leather, matte finish",hot pink faux-leather material with synthetic grain and controlled sheen with a matte surface finish with minimal reflectivity,fabric material color finish textile
Fabric + Color + Finish,Material Combination,"hot pink faux leather, glossy finish",hot pink faux-leather material with synthetic grain and controlled sheen with a glossy surface finish with stronger reflectivity,fabric material color finish textile
Fabric + Color + Finish,Material Combination,"hot pink faux leather, brushed finish",hot pink faux-leather material with synthetic grain and controlled sheen with a brushed surface finish with softened diffused texture,fabric material color finish textile
Fabric + Color + Finish,Material Combination,"hot pink faux leather, washed finish",hot pink faux-leather material with synthetic grain and controlled sheen with a washed finish with softened lived-in coloration,fabric material color finish textile
Fabric + Color + Finish,Material Combination,"hot pink faux leather, distressed finish",hot pink faux-leather material with synthetic grain and controlled sheen with a distressed finish with visible wear character,fabric material color finish textile
Fabric + Color + Finish,Material Combination,"hot pink faux leather, heathered finish",hot pink faux-leather material with synthetic grain and controlled sheen with a heathered finish with mixed tonal fibers,fabric material color finish textile
Fabric + Color + Finish,Material Combination,"hot pink faux leather, marled finish",hot pink faux-leather material with synthetic grain and controlled sheen with a marled finish with blended multitone yarn appearance,fabric material color finish textile
Fabric + Color + Finish,Material Combination,"hot pink faux leather, satin-sheen finish",hot pink faux-leather material with synthetic grain and controlled sheen with a subtle satin-sheen finish with controlled luster,fabric material color finish textile
Fabric + Color + Finish,Material Combination,"orange faux leather, matte finish",orange faux-leather material with synthetic grain and controlled sheen with a matte surface finish with minimal reflectivity,fabric material color finish textile
Fabric + Color + Finish,Material Combination,"orange faux leather, glossy finish",orange faux-leather material with synthetic grain and controlled sheen with a glossy surface finish with stronger reflectivity,fabric material color finish textile
Fabric + Color + Finish,Material Combination,"orange faux leather, brushed finish",orange faux-leather material with synthetic grain and controlled sheen with a brushed surface finish with softened diffused texture,fabric material color finish textile
Fabric + Color + Finish,Material Combination,"orange faux leather, washed finish",orange faux-leather material with synthetic grain and controlled sheen with a washed finish with softened lived-in coloration,fabric material color finish textile
Fabric + Color + Finish,Material Combination,"orange faux leather, distressed finish",orange faux-leather material with synthetic grain and controlled sheen with a distressed finish with visible wear character,fabric material color finish textile
Fabric + Color + Finish,Material Combination,"orange faux leather, heathered finish",orange faux-leather material with synthetic grain and controlled sheen with a heathered finish with mixed tonal fibers,fabric material color finish textile
Fabric + Color + Finish,Material Combination,"orange faux leather, marled finish",orange faux-leather material with synthetic grain and controlled sheen with a marled finish with blended multitone yarn appearance,fabric material color finish textile
Fabric + Color + Finish,Material Combination,"orange faux leather, satin-sheen finish",orange faux-leather material with synthetic grain and controlled sheen with a subtle satin-sheen finish with controlled luster,fabric material color finish textile
Fabric + Color + Finish,Material Combination,"yellow faux leather, matte finish",yellow faux-leather material with synthetic grain and controlled sheen with a matte surface finish with minimal reflectivity,fabric material color finish textile
Fabric + Color + Finish,Material Combination,"yellow faux leather, glossy finish",yellow faux-leather material with synthetic grain and controlled sheen with a glossy surface finish with stronger reflectivity,fabric material color finish textile
Fabric + Color + Finish,Material Combination,"yellow faux leather, brushed finish",yellow faux-leather material with synthetic grain and controlled sheen with a brushed surface finish with softened diffused texture,fabric material color finish textile
Fabric + Color + Finish,Material Combination,"yellow faux leather, washed finish",yellow faux-leather material with synthetic grain and controlled sheen with a washed finish with softened lived-in coloration,fabric material color finish textile
Fabric + Color + Finish,Material Combination,"yellow faux leather, distressed finish",yellow faux-leather material with synthetic grain and controlled sheen with a distressed finish with visible wear character,fabric material color finish textile
Fabric + Color + Finish,Material Combination,"yellow faux leather, heathered finish",yellow faux-leather material with synthetic grain and controlled sheen with a heathered finish with mixed tonal fibers,fabric material color finish textile
Fabric + Color + Finish,Material Combination,"yellow faux leather, marled finish",yellow faux-leather material with synthetic grain and controlled sheen with a marled finish with blended multitone yarn appearance,fabric material color finish textile
Fabric + Color + Finish,Material Combination,"yellow faux leather, satin-sheen finish",yellow faux-leather material with synthetic grain and controlled sheen with a subtle satin-sheen finish with controlled luster,fabric material color finish textile
Fabric + Color + Finish,Material Combination,"olive green faux leather, matte finish",olive green faux-leather material with synthetic grain and controlled sheen with a matte surface finish with minimal reflectivity,fabric material color finish textile
Fabric + Color + Finish,Material Combination,"olive green faux leather, glossy finish",olive green faux-leather material with synthetic grain and controlled sheen with a glossy surface finish with stronger reflectivity,fabric material color finish textile
Fabric + Color + Finish,Material Combination,"olive green faux leather, brushed finish",olive green faux-leather material with synthetic grain and controlled sheen with a brushed surface finish with softened diffused texture,fabric material color finish textile
Fabric + Color + Finish,Material Combination,"olive green faux leather, washed finish",olive green faux-leather material with synthetic grain and controlled sheen with a washed finish with softened lived-in coloration,fabric material color finish textile
Fabric + Color + Finish,Material Combination,"olive green faux leather, distressed finish",olive green faux-leather material with synthetic grain and controlled sheen with a distressed finish with visible wear character,fabric material color finish textile
Fabric + Color + Finish,Material Combination,"olive green faux leather, heathered finish",olive green faux-leather material with synthetic grain and controlled sheen with a heathered finish with mixed tonal fibers,fabric material color finish textile
Fabric + Color + Finish,Material Combination,"olive green faux leather, marled finish",olive green faux-leather material with synthetic grain and controlled sheen with a marled finish with blended multitone yarn appearance,fabric material color finish textile
Fabric + Color + Finish,Material Combination,"olive green faux leather, satin-sheen finish",olive green faux-leather material with synthetic grain and controlled sheen with a subtle satin-sheen finish with controlled luster,fabric material color finish textile
Fabric + Color + Finish,Material Combination,"sage green faux leather, matte finish",sage green faux-leather material with synthetic grain and controlled sheen with a matte surface finish with minimal reflectivity,fabric material color finish textile
Fabric + Color + Finish,Material Combination,"sage green faux leather, glossy finish",sage green faux-leather material with synthetic grain and controlled sheen with a glossy surface finish with stronger reflectivity,fabric material color finish textile
Fabric + Color + Finish,Material Combination,"sage green faux leather, brushed finish",sage green faux-leather material with synthetic grain and controlled sheen with a brushed surface finish with softened diffused texture,fabric material color finish textile
Fabric + Color + Finish,Material Combination,"sage green faux leather, washed finish",sage green faux-leather material with synthetic grain and controlled sheen with a washed finish with softened lived-in coloration,fabric material color finish textile
Fabric + Color + Finish,Material Combination,"sage green faux leather, distressed finish",sage green faux-leather material with synthetic grain and controlled sheen with a distressed finish with visible wear character,fabric material color finish textile
Fabric + Color + Finish,Material Combination,"sage green faux leather, heathered finish",sage green faux-leather material with synthetic grain and controlled sheen with a heathered finish with mixed tonal fibers,fabric material color finish textile
Fabric + Color + Finish,Material Combination,"sage green faux leather, marled finish",sage green faux-leather material with synthetic grain and controlled sheen with a marled finish with blended multitone yarn appearance,fabric material color finish textile
Fabric + Color + Finish,Material Combination,"sage green faux leather, satin-sheen finish",sage green faux-leather material with synthetic grain and controlled sheen with a subtle satin-sheen finish with controlled luster,fabric material color finish textile
Fabric + Color + Finish,Material Combination,"emerald green faux leather, matte finish",emerald green faux-leather material with synthetic grain and controlled sheen with a matte surface finish with minimal reflectivity,fabric material color finish textile
Fabric + Color + Finish,Material Combination,"emerald green faux leather, glossy finish",emerald green faux-leather material with synthetic grain and controlled sheen with a glossy surface finish with stronger reflectivity,fabric material color finish textile
Fabric + Color + Finish,Material Combination,"emerald green faux leather, brushed finish",emerald green faux-leather material with synthetic grain and controlled sheen with a brushed surface finish with softened diffused texture,fabric material color finish textile
Fabric + Color + Finish,Material Combination,"emerald green faux leather, washed finish",emerald green faux-leather material with synthetic grain and controlled sheen with a washed finish with softened lived-in coloration,fabric material color finish textile
Fabric + Color + Finish,Material Combination,"emerald green faux leather, distressed finish",emerald green faux-leather material with synthetic grain and controlled sheen with a distressed finish with visible wear character,fabric material color finish textile
Fabric + Color + Finish,Material Combination,"emerald green faux leather, heathered finish",emerald green faux-leather material with synthetic grain and controlled sheen with a heathered finish with mixed tonal fibers,fabric material color finish textile
Fabric + Color + Finish,Material Combination,"emerald green faux leather, marled finish",emerald green faux-leather material with synthetic grain and controlled sheen with a marled finish with blended multitone yarn appearance,fabric material color finish textile
Fabric + Color + Finish,Material Combination,"emerald green faux leather, satin-sheen finish",emerald green faux-leather material with synthetic grain and controlled sheen with a subtle satin-sheen finish with controlled luster,fabric material color finish textile
Fabric + Color + Finish,Material Combination,"teal faux leather, matte finish",teal faux-leather material with synthetic grain and controlled sheen with a matte surface finish with minimal reflectivity,fabric material color finish textile
Fabric + Color + Finish,Material Combination,"teal faux leather, glossy finish",teal faux-leather material with synthetic grain and controlled sheen with a glossy surface finish with stronger reflectivity,fabric material color finish textile
Fabric + Color + Finish,Material Combination,"teal faux leather, brushed finish",teal faux-leather material with synthetic grain and controlled sheen with a brushed surface finish with softened diffused texture,fabric material color finish textile
Fabric + Color + Finish,Material Combination,"teal faux leather, washed finish",teal faux-leather material with synthetic grain and controlled sheen with a washed finish with softened lived-in coloration,fabric material color finish textile
Fabric + Color + Finish,Material Combination,"teal faux leather, distressed finish",teal faux-leather material with synthetic grain and controlled sheen with a distressed finish with visible wear character,fabric material color finish textile
Fabric + Color + Finish,Material Combination,"teal faux leather, heathered finish",teal faux-leather material with synthetic grain and controlled sheen with a heathered finish with mixed tonal fibers,fabric material color finish textile
Fabric + Color + Finish,Material Combination,"teal faux leather, marled finish",teal faux-leather material with synthetic grain and controlled sheen with a marled finish with blended multitone yarn appearance,fabric material color finish textile
Fabric + Color + Finish,Material Combination,"teal faux leather, satin-sheen finish",teal faux-leather material with synthetic grain and controlled sheen with a subtle satin-sheen finish with controlled luster,fabric material color finish textile
Fabric + Color + Finish,Material Combination,"purple faux leather, matte finish",purple faux-leather material with synthetic grain and controlled sheen with a matte surface finish with minimal reflectivity,fabric material color finish textile
Fabric + Color + Finish,Material Combination,"purple faux leather, glossy finish",purple faux-leather material with synthetic grain and controlled sheen with a glossy surface finish with stronger reflectivity,fabric material color finish textile
Fabric + Color + Finish,Material Combination,"purple faux leather, brushed finish",purple faux-leather material with synthetic grain and controlled sheen with a brushed surface finish with softened diffused texture,fabric material color finish textile
Fabric + Color + Finish,Material Combination,"purple faux leather, washed finish",purple faux-leather material with synthetic grain and controlled sheen with a washed finish with softened lived-in coloration,fabric material color finish textile
Fabric + Color + Finish,Material Combination,"purple faux leather, distressed finish",purple faux-leather material with synthetic grain and controlled sheen with a distressed finish with visible wear character,fabric material color finish textile
Fabric + Color + Finish,Material Combination,"purple faux leather, heathered finish",purple faux-leather material with synthetic grain and controlled sheen with a heathered finish with mixed tonal fibers,fabric material color finish textile
Fabric + Color + Finish,Material Combination,"purple faux leather, marled finish",purple faux-leather material with synthetic grain and controlled sheen with a marled finish with blended multitone yarn appearance,fabric material color finish textile
Fabric + Color + Finish,Material Combination,"purple faux leather, satin-sheen finish",purple faux-leather material with synthetic grain and controlled sheen with a subtle satin-sheen finish with controlled luster,fabric material color finish textile
Fabric + Color + Finish,Material Combination,"lavender faux leather, matte finish",lavender faux-leather material with synthetic grain and controlled sheen with a matte surface finish with minimal reflectivity,fabric material color finish textile
Fabric + Color + Finish,Material Combination,"lavender faux leather, glossy finish",lavender faux-leather material with synthetic grain and controlled sheen with a glossy surface finish with stronger reflectivity,fabric material color finish textile
Fabric + Color + Finish,Material Combination,"lavender faux leather, brushed finish",lavender faux-leather material with synthetic grain and controlled sheen with a brushed surface finish with softened diffused texture,fabric material color finish textile
Fabric + Color + Finish,Material Combination,"lavender faux leather, washed finish",lavender faux-leather material with synthetic grain and controlled sheen with a washed finish with softened lived-in coloration,fabric material color finish textile
Fabric + Color + Finish,Material Combination,"lavender faux leather, distressed finish",lavender faux-leather material with synthetic grain and controlled sheen with a distressed finish with visible wear character,fabric material color finish textile
Fabric + Color + Finish,Material Combination,"lavender faux leather, heathered finish",lavender faux-leather material with synthetic grain and controlled sheen with a heathered finish with mixed tonal fibers,fabric material color finish textile
Fabric + Color + Finish,Material Combination,"lavender faux leather, marled finish",lavender faux-leather material with synthetic grain and controlled sheen with a marled finish with blended multitone yarn appearance,fabric material color finish textile
Fabric + Color + Finish,Material Combination,"lavender faux leather, satin-sheen finish",lavender faux-leather material with synthetic grain and controlled sheen with a subtle satin-sheen finish with controlled luster,fabric material color finish textile
Fabric + Color + Finish,Material Combination,"brown faux leather, matte finish",brown faux-leather material with synthetic grain and controlled sheen with a matte surface finish with minimal reflectivity,fabric material color finish textile
Fabric + Color + Finish,Material Combination,"brown faux leather, glossy finish",brown faux-leather material with synthetic grain and controlled sheen with a glossy surface finish with stronger reflectivity,fabric material color finish textile
Fabric + Color + Finish,Material Combination,"brown faux leather, brushed finish",brown faux-leather material with synthetic grain and controlled sheen with a brushed surface finish with softened diffused texture,fabric material color finish textile
Fabric + Color + Finish,Material Combination,"brown faux leather, washed finish",brown faux-leather material with synthetic grain and controlled sheen with a washed finish with softened lived-in coloration,fabric material color finish textile
Fabric + Color + Finish,Material Combination,"brown faux leather, distressed finish",brown faux-leather material with synthetic grain and controlled sheen with a distressed finish with visible wear character,fabric material color finish textile
Fabric + Color + Finish,Material Combination,"brown faux leather, heathered finish",brown faux-leather material with synthetic grain and controlled sheen with a heathered finish with mixed tonal fibers,fabric material color finish textile
Fabric + Color + Finish,Material Combination,"brown faux leather, marled finish",brown faux-leather material with synthetic grain and controlled sheen with a marled finish with blended multitone yarn appearance,fabric material color finish textile
Fabric + Color + Finish,Material Combination,"brown faux leather, satin-sheen finish",brown faux-leather material with synthetic grain and controlled sheen with a subtle satin-sheen finish with controlled luster,fabric material color finish textile
Fabric + Color + Finish,Material Combination,"tan faux leather, matte finish",tan faux-leather material with synthetic grain and controlled sheen with a matte surface finish with minimal reflectivity,fabric material color finish textile
Fabric + Color + Finish,Material Combination,"tan faux leather, glossy finish",tan faux-leather material with synthetic grain and controlled sheen with a glossy surface finish with stronger reflectivity,fabric material color finish textile
Fabric + Color + Finish,Material Combination,"tan faux leather, brushed finish",tan faux-leather material with synthetic grain and controlled sheen with a brushed surface finish with softened diffused texture,fabric material color finish textile
Fabric + Color + Finish,Material Combination,"tan faux leather, washed finish",tan faux-leather material with synthetic grain and controlled sheen with a washed finish with softened lived-in coloration,fabric material color finish textile
Fabric + Color + Finish,Material Combination,"tan faux leather, distressed finish",tan faux-leather material with synthetic grain and controlled sheen with a distressed finish with visible wear character,fabric material color finish textile
Fabric + Color + Finish,Material Combination,"tan faux leather, heathered finish",tan faux-leather material with synthetic grain and controlled sheen with a heathered finish with mixed tonal fibers,fabric material color finish textile
Fabric + Color + Finish,Material Combination,"tan faux leather, marled finish",tan faux-leather material with synthetic grain and controlled sheen with a marled finish with blended multitone yarn appearance,fabric material color finish textile
Fabric + Color + Finish,Material Combination,"tan faux leather, satin-sheen finish",tan faux-leather material with synthetic grain and controlled sheen with a subtle satin-sheen finish with controlled luster,fabric material color finish textile
Fabric + Color + Finish,Material Combination,"silver faux leather, matte finish",silver faux-leather material with synthetic grain and controlled sheen with a matte surface finish with minimal reflectivity,fabric material color finish textile
Fabric + Color + Finish,Material Combination,"silver faux leather, glossy finish",silver faux-leather material with synthetic grain and controlled sheen with a glossy surface finish with stronger reflectivity,fabric material color finish textile
Fabric + Color + Finish,Material Combination,"silver faux leather, brushed finish",silver faux-leather material with synthetic grain and controlled sheen with a brushed surface finish with softened diffused texture,fabric material color finish textile
Fabric + Color + Finish,Material Combination,"silver faux leather, washed finish",silver faux-leather material with synthetic grain and controlled sheen with a washed finish with softened lived-in coloration,fabric material color finish textile
Fabric + Color + Finish,Material Combination,"silver faux leather, distressed finish",silver faux-leather material with synthetic grain and controlled sheen with a distressed finish with visible wear character,fabric material color finish textile
Fabric + Color + Finish,Material Combination,"silver faux leather, heathered finish",silver faux-leather material with synthetic grain and controlled sheen with a heathered finish with mixed tonal fibers,fabric material color finish textile
Fabric + Color + Finish,Material Combination,"silver faux leather, marled finish",silver faux-leather material with synthetic grain and controlled sheen with a marled finish with blended multitone yarn appearance,fabric material color finish textile
Fabric + Color + Finish,Material Combination,"silver faux leather, satin-sheen finish",silver faux-leather material with synthetic grain and controlled sheen with a subtle satin-sheen finish with controlled luster,fabric material color finish textile
Fabric + Color + Finish,Material Combination,"gold faux leather, matte finish",gold faux-leather material with synthetic grain and controlled sheen with a matte surface finish with minimal reflectivity,fabric material color finish textile
Fabric + Color + Finish,Material Combination,"gold faux leather, glossy finish",gold faux-leather material with synthetic grain and controlled sheen with a glossy surface finish with stronger reflectivity,fabric material color finish textile
Fabric + Color + Finish,Material Combination,"gold faux leather, brushed finish",gold faux-leather material with synthetic grain and controlled sheen with a brushed surface finish with softened diffused texture,fabric material color finish textile
Fabric + Color + Finish,Material Combination,"gold faux leather, washed finish",gold faux-leather material with synthetic grain and controlled sheen with a washed finish with softened lived-in coloration,fabric material color finish textile
Fabric + Color + Finish,Material Combination,"gold faux leather, distressed finish",gold faux-leather material with synthetic grain and controlled sheen with a distressed finish with visible wear character,fabric material color finish textile
Fabric + Color + Finish,Material Combination,"gold faux leather, heathered finish",gold faux-leather material with synthetic grain and controlled sheen with a heathered finish with mixed tonal fibers,fabric material color finish textile
Fabric + Color + Finish,Material Combination,"gold faux leather, marled finish",gold faux-leather material with synthetic grain and controlled sheen with a marled finish with blended multitone yarn appearance,fabric material color finish textile
Fabric + Color + Finish,Material Combination,"gold faux leather, satin-sheen finish",gold faux-leather material with synthetic grain and controlled sheen with a subtle satin-sheen finish with controlled luster,fabric material color finish textile
Fabric + Color + Finish,Material Combination,"white chiffon, matte finish",white chiffon fabric with sheer airy drape with a matte surface finish with minimal reflectivity,fabric material color finish textile
Fabric + Color + Finish,Material Combination,"white chiffon, glossy finish",white chiffon fabric with sheer airy drape with a glossy surface finish with stronger reflectivity,fabric material color finish textile
Fabric + Color + Finish,Material Combination,"white chiffon, brushed finish",white chiffon fabric with sheer airy drape with a brushed surface finish with softened diffused texture,fabric material color finish textile
Fabric + Color + Finish,Material Combination,"white chiffon, washed finish",white chiffon fabric with sheer airy drape with a washed finish with softened lived-in coloration,fabric material color finish textile
Fabric + Color + Finish,Material Combination,"white chiffon, distressed finish",white chiffon fabric with sheer airy drape with a distressed finish with visible wear character,fabric material color finish textile
Fabric + Color + Finish,Material Combination,"white chiffon, heathered finish",white chiffon fabric with sheer airy drape with a heathered finish with mixed tonal fibers,fabric material color finish textile
Fabric + Color + Finish,Material Combination,"white chiffon, marled finish",white chiffon fabric with sheer airy drape with a marled finish with blended multitone yarn appearance,fabric material color finish textile
Fabric + Color + Finish,Material Combination,"white chiffon, satin-sheen finish",white chiffon fabric with sheer airy drape with a subtle satin-sheen finish with controlled luster,fabric material color finish textile
Fabric + Color + Finish,Material Combination,"black chiffon, matte finish",black chiffon fabric with sheer airy drape with a matte surface finish with minimal reflectivity,fabric material color finish textile
Fabric + Color + Finish,Material Combination,"black chiffon, glossy finish",black chiffon fabric with sheer airy drape with a glossy surface finish with stronger reflectivity,fabric material color finish textile
Fabric + Color + Finish,Material Combination,"black chiffon, brushed finish",black chiffon fabric with sheer airy drape with a brushed surface finish with softened diffused texture,fabric material color finish textile
Fabric + Color + Finish,Material Combination,"black chiffon, washed finish",black chiffon fabric with sheer airy drape with a washed finish with softened lived-in coloration,fabric material color finish textile
Fabric + Color + Finish,Material Combination,"black chiffon, distressed finish",black chiffon fabric with sheer airy drape with a distressed finish with visible wear character,fabric material color finish textile
Fabric + Color + Finish,Material Combination,"black chiffon, heathered finish",black chiffon fabric with sheer airy drape with a heathered finish with mixed tonal fibers,fabric material color finish textile
Fabric + Color + Finish,Material Combination,"black chiffon, marled finish",black chiffon fabric with sheer airy drape with a marled finish with blended multitone yarn appearance,fabric material color finish textile
Fabric + Color + Finish,Material Combination,"black chiffon, satin-sheen finish",black chiffon fabric with sheer airy drape with a subtle satin-sheen finish with controlled luster,fabric material color finish textile
Fabric + Color + Finish,Material Combination,"cream chiffon, matte finish",cream chiffon fabric with sheer airy drape with a matte surface finish with minimal reflectivity,fabric material color finish textile
Fabric + Color + Finish,Material Combination,"cream chiffon, glossy finish",cream chiffon fabric with sheer airy drape with a glossy surface finish with stronger reflectivity,fabric material color finish textile
Fabric + Color + Finish,Material Combination,"cream chiffon, brushed finish",cream chiffon fabric with sheer airy drape with a brushed surface finish with softened diffused texture,fabric material color finish textile
Fabric + Color + Finish,Material Combination,"cream chiffon, washed finish",cream chiffon fabric with sheer airy drape with a washed finish with softened lived-in coloration,fabric material color finish textile
Fabric + Color + Finish,Material Combination,"cream chiffon, distressed finish",cream chiffon fabric with sheer airy drape with a distressed finish with visible wear character,fabric material color finish textile
Fabric + Color + Finish,Material Combination,"cream chiffon, heathered finish",cream chiffon fabric with sheer airy drape with a heathered finish with mixed tonal fibers,fabric material color finish textile
Fabric + Color + Finish,Material Combination,"cream chiffon, marled finish",cream chiffon fabric with sheer airy drape with a marled finish with blended multitone yarn appearance,fabric material color finish textile
Fabric + Color + Finish,Material Combination,"cream chiffon, satin-sheen finish",cream chiffon fabric with sheer airy drape with a subtle satin-sheen finish with controlled luster,fabric material color finish textile
Fabric + Color + Finish,Material Combination,"beige chiffon, matte finish",beige chiffon fabric with sheer airy drape with a matte surface finish with minimal reflectivity,fabric material color finish textile
Fabric + Color + Finish,Material Combination,"beige chiffon, glossy finish",beige chiffon fabric with sheer airy drape with a glossy surface finish with stronger reflectivity,fabric material color finish textile
Fabric + Color + Finish,Material Combination,"beige chiffon, brushed finish",beige chiffon fabric with sheer airy drape with a brushed surface finish with softened diffused texture,fabric material color finish textile
Fabric + Color + Finish,Material Combination,"beige chiffon, washed finish",beige chiffon fabric with sheer airy drape with a washed finish with softened lived-in coloration,fabric material color finish textile
Fabric + Color + Finish,Material Combination,"beige chiffon, distressed finish",beige chiffon fabric with sheer airy drape with a distressed finish with visible wear character,fabric material color finish textile
Fabric + Color + Finish,Material Combination,"beige chiffon, heathered finish",beige chiffon fabric with sheer airy drape with a heathered finish with mixed tonal fibers,fabric material color finish textile
Fabric + Color + Finish,Material Combination,"beige chiffon, marled finish",beige chiffon fabric with sheer airy drape with a marled finish with blended multitone yarn appearance,fabric material color finish textile
Fabric + Color + Finish,Material Combination,"beige chiffon, satin-sheen finish",beige chiffon fabric with sheer airy drape with a subtle satin-sheen finish with controlled luster,fabric material color finish textile
Fabric + Color + Finish,Material Combination,"camel chiffon, matte finish",camel chiffon fabric with sheer airy drape with a matte surface finish with minimal reflectivity,fabric material color finish textile
Fabric + Color + Finish,Material Combination,"camel chiffon, glossy finish",camel chiffon fabric with sheer airy drape with a glossy surface finish with stronger reflectivity,fabric material color finish textile
Fabric + Color + Finish,Material Combination,"camel chiffon, brushed finish",camel chiffon fabric with sheer airy drape with a brushed surface finish with softened diffused texture,fabric material color finish textile
Fabric + Color + Finish,Material Combination,"camel chiffon, washed finish",camel chiffon fabric with sheer airy drape with a washed finish with softened lived-in coloration,fabric material color finish textile
Fabric + Color + Finish,Material Combination,"camel chiffon, distressed finish",camel chiffon fabric with sheer airy drape with a distressed finish with visible wear character,fabric material color finish textile
Fabric + Color + Finish,Material Combination,"camel chiffon, heathered finish",camel chiffon fabric with sheer airy drape with a heathered finish with mixed tonal fibers,fabric material color finish textile
Fabric + Color + Finish,Material Combination,"camel chiffon, marled finish",camel chiffon fabric with sheer airy drape with a marled finish with blended multitone yarn appearance,fabric material color finish textile
Fabric + Color + Finish,Material Combination,"camel chiffon, satin-sheen finish",camel chiffon fabric with sheer airy drape with a subtle satin-sheen finish with controlled luster,fabric material color finish textile
Fabric + Color + Finish,Material Combination,"gray chiffon, matte finish",gray chiffon fabric with sheer airy drape with a matte surface finish with minimal reflectivity,fabric material color finish textile
Fabric + Color + Finish,Material Combination,"gray chiffon, glossy finish",gray chiffon fabric with sheer airy drape with a glossy surface finish with stronger reflectivity,fabric material color finish textile
Fabric + Color + Finish,Material Combination,"gray chiffon, brushed finish",gray chiffon fabric with sheer airy drape with a brushed surface finish with softened diffused texture,fabric material color finish textile
Fabric + Color + Finish,Material Combination,"gray chiffon, washed finish",gray chiffon fabric with sheer airy drape with a washed finish with softened lived-in coloration,fabric material color finish textile
Fabric + Color + Finish,Material Combination,"gray chiffon, distressed finish",gray chiffon fabric with sheer airy drape with a distressed finish with visible wear character,fabric material color finish textile
Fabric + Color + Finish,Material Combination,"gray chiffon, heathered finish",gray chiffon fabric with sheer airy drape with a heathered finish with mixed tonal fibers,fabric material color finish textile
Fabric + Color + Finish,Material Combination,"gray chiffon, marled finish",gray chiffon fabric with sheer airy drape with a marled finish with blended multitone yarn appearance,fabric material color finish textile
Fabric + Color + Finish,Material Combination,"gray chiffon, satin-sheen finish",gray chiffon fabric with sheer airy drape with a subtle satin-sheen finish with controlled luster,fabric material color finish textile
Fabric + Color + Finish,Material Combination,"charcoal chiffon, matte finish",charcoal chiffon fabric with sheer airy drape with a matte surface finish with minimal reflectivity,fabric material color finish textile
Fabric + Color + Finish,Material Combination,"charcoal chiffon, glossy finish",charcoal chiffon fabric with sheer airy drape with a glossy surface finish with stronger reflectivity,fabric material color finish textile
Fabric + Color + Finish,Material Combination,"charcoal chiffon, brushed finish",charcoal chiffon fabric with sheer airy drape with a brushed surface finish with softened diffused texture,fabric material color finish textile
Fabric + Color + Finish,Material Combination,"charcoal chiffon, washed finish",charcoal chiffon fabric with sheer airy drape with a washed finish with softened lived-in coloration,fabric material color finish textile
Fabric + Color + Finish,Material Combination,"charcoal chiffon, distressed finish",charcoal chiffon fabric with sheer airy drape with a distressed finish with visible wear character,fabric material color finish textile
Fabric + Color + Finish,Material Combination,"charcoal chiffon, heathered finish",charcoal chiffon fabric with sheer airy drape with a heathered finish with mixed tonal fibers,fabric material color finish textile
Fabric + Color + Finish,Material Combination,"charcoal chiffon, marled finish",charcoal chiffon fabric with sheer airy drape with a marled finish with blended multitone yarn appearance,fabric material color finish textile
Fabric + Color + Finish,Material Combination,"charcoal chiffon, satin-sheen finish",charcoal chiffon fabric with sheer airy drape with a subtle satin-sheen finish with controlled luster,fabric material color finish textile
Fabric + Color + Finish,Material Combination,"navy chiffon, matte finish",navy chiffon fabric with sheer airy drape with a matte surface finish with minimal reflectivity,fabric material color finish textile
Fabric + Color + Finish,Material Combination,"navy chiffon, glossy finish",navy chiffon fabric with sheer airy drape with a glossy surface finish with stronger reflectivity,fabric material color finish textile
Fabric + Color + Finish,Material Combination,"navy chiffon, brushed finish",navy chiffon fabric with sheer airy drape with a brushed surface finish with softened diffused texture,fabric material color finish textile
Fabric + Color + Finish,Material Combination,"navy chiffon, washed finish",navy chiffon fabric with sheer airy drape with a washed finish with softened lived-in coloration,fabric material color finish textile
Fabric + Color + Finish,Material Combination,"navy chiffon, distressed finish",navy chiffon fabric with sheer airy drape with a distressed finish with visible wear character,fabric material color finish textile
Fabric + Color + Finish,Material Combination,"navy chiffon, heathered finish",navy chiffon fabric with sheer airy drape with a heathered finish with mixed tonal fibers,fabric material color finish textile
Fabric + Color + Finish,Material Combination,"navy chiffon, marled finish",navy chiffon fabric with sheer airy drape with a marled finish with blended multitone yarn appearance,fabric material color finish textile
Fabric + Color + Finish,Material Combination,"navy chiffon, satin-sheen finish",navy chiffon fabric with sheer airy drape with a subtle satin-sheen finish with controlled luster,fabric material color finish textile
Fabric + Color + Finish,Material Combination,"royal blue chiffon, matte finish",royal blue chiffon fabric with sheer airy drape with a matte surface finish with minimal reflectivity,fabric material color finish textile
Fabric + Color + Finish,Material Combination,"royal blue chiffon, glossy finish",royal blue chiffon fabric with sheer airy drape with a glossy surface finish with stronger reflectivity,fabric material color finish textile
Fabric + Color + Finish,Material Combination,"royal blue chiffon, brushed finish",royal blue chiffon fabric with sheer airy drape with a brushed surface finish with softened diffused texture,fabric material color finish textile
Fabric + Color + Finish,Material Combination,"royal blue chiffon, washed finish",royal blue chiffon fabric with sheer airy drape with a washed finish with softened lived-in coloration,fabric material color finish textile
Fabric + Color + Finish,Material Combination,"royal blue chiffon, distressed finish",royal blue chiffon fabric with sheer airy drape with a distressed finish with visible wear character,fabric material color finish textile
Fabric + Color + Finish,Material Combination,"royal blue chiffon, heathered finish",royal blue chiffon fabric with sheer airy drape with a heathered finish with mixed tonal fibers,fabric material color finish textile
Fabric + Color + Finish,Material Combination,"royal blue chiffon, marled finish",royal blue chiffon fabric with sheer airy drape with a marled finish with blended multitone yarn appearance,fabric material color finish textile
Fabric + Color + Finish,Material Combination,"royal blue chiffon, satin-sheen finish",royal blue chiffon fabric with sheer airy drape with a subtle satin-sheen finish with controlled luster,fabric material color finish textile
Fabric + Color + Finish,Material Combination,"sky blue chiffon, matte finish",sky blue chiffon fabric with sheer airy drape with a matte surface finish with minimal reflectivity,fabric material color finish textile
Fabric + Color + Finish,Material Combination,"sky blue chiffon, glossy finish",sky blue chiffon fabric with sheer airy drape with a glossy surface finish with stronger reflectivity,fabric material color finish textile
Fabric + Color + Finish,Material Combination,"sky blue chiffon, brushed finish",sky blue chiffon fabric with sheer airy drape with a brushed surface finish with softened diffused texture,fabric material color finish textile
Fabric + Color + Finish,Material Combination,"sky blue chiffon, washed finish",sky blue chiffon fabric with sheer airy drape with a washed finish with softened lived-in coloration,fabric material color finish textile
Fabric + Color + Finish,Material Combination,"sky blue chiffon, distressed finish",sky blue chiffon fabric with sheer airy drape with a distressed finish with visible wear character,fabric material color finish textile
Fabric + Color + Finish,Material Combination,"sky blue chiffon, heathered finish",sky blue chiffon fabric with sheer airy drape with a heathered finish with mixed tonal fibers,fabric material color finish textile
Fabric + Color + Finish,Material Combination,"sky blue chiffon, marled finish",sky blue chiffon fabric with sheer airy drape with a marled finish with blended multitone yarn appearance,fabric material color finish textile
Fabric + Color + Finish,Material Combination,"sky blue chiffon, satin-sheen finish",sky blue chiffon fabric with sheer airy drape with a subtle satin-sheen finish with controlled luster,fabric material color finish textile
Fabric + Color + Finish,Material Combination,"red chiffon, matte finish",red chiffon fabric with sheer airy drape with a matte surface finish with minimal reflectivity,fabric material color finish textile
Fabric + Color + Finish,Material Combination,"red chiffon, glossy finish",red chiffon fabric with sheer airy drape with a glossy surface finish with stronger reflectivity,fabric material color finish textile
Fabric + Color + Finish,Material Combination,"red chiffon, brushed finish",red chiffon fabric with sheer airy drape with a brushed surface finish with softened diffused texture,fabric material color finish textile
Fabric + Color + Finish,Material Combination,"red chiffon, washed finish",red chiffon fabric with sheer airy drape with a washed finish with softened lived-in coloration,fabric material color finish textile
Fabric + Color + Finish,Material Combination,"red chiffon, distressed finish",red chiffon fabric with sheer airy drape with a distressed finish with visible wear character,fabric material color finish textile
Fabric + Color + Finish,Material Combination,"red chiffon, heathered finish",red chiffon fabric with sheer airy drape with a heathered finish with mixed tonal fibers,fabric material color finish textile
Fabric + Color + Finish,Material Combination,"red chiffon, marled finish",red chiffon fabric with sheer airy drape with a marled finish with blended multitone yarn appearance,fabric material color finish textile
Fabric + Color + Finish,Material Combination,"red chiffon, satin-sheen finish",red chiffon fabric with sheer airy drape with a subtle satin-sheen finish with controlled luster,fabric material color finish textile
Fabric + Color + Finish,Material Combination,"burgundy chiffon, matte finish",burgundy chiffon fabric with sheer airy drape with a matte surface finish with minimal reflectivity,fabric material color finish textile
Fabric + Color + Finish,Material Combination,"burgundy chiffon, glossy finish",burgundy chiffon fabric with sheer airy drape with a glossy surface finish with stronger reflectivity,fabric material color finish textile
Fabric + Color + Finish,Material Combination,"burgundy chiffon, brushed finish",burgundy chiffon fabric with sheer airy drape with a brushed surface finish with softened diffused texture,fabric material color finish textile
Fabric + Color + Finish,Material Combination,"burgundy chiffon, washed finish",burgundy chiffon fabric with sheer airy drape with a washed finish with softened lived-in coloration,fabric material color finish textile
Fabric + Color + Finish,Material Combination,"burgundy chiffon, distressed finish",burgundy chiffon fabric with sheer airy drape with a distressed finish with visible wear character,fabric material color finish textile
Fabric + Color + Finish,Material Combination,"burgundy chiffon, heathered finish",burgundy chiffon fabric with sheer airy drape with a heathered finish with mixed tonal fibers,fabric material color finish textile
Fabric + Color + Finish,Material Combination,"burgundy chiffon, marled finish",burgundy chiffon fabric with sheer airy drape with a marled finish with blended multitone yarn appearance,fabric material color finish textile
Fabric + Color + Finish,Material Combination,"burgundy chiffon, satin-sheen finish",burgundy chiffon fabric with sheer airy drape with a subtle satin-sheen finish with controlled luster,fabric material color finish textile
Fabric + Color + Finish,Material Combination,"pink chiffon, matte finish",pink chiffon fabric with sheer airy drape with a matte surface finish with minimal reflectivity,fabric material color finish textile
Fabric + Color + Finish,Material Combination,"pink chiffon, glossy finish",pink chiffon fabric with sheer airy drape with a glossy surface finish with stronger reflectivity,fabric material color finish textile
Fabric + Color + Finish,Material Combination,"pink chiffon, brushed finish",pink chiffon fabric with sheer airy drape with a brushed surface finish with softened diffused texture,fabric material color finish textile
Fabric + Color + Finish,Material Combination,"pink chiffon, washed finish",pink chiffon fabric with sheer airy drape with a washed finish with softened lived-in coloration,fabric material color finish textile
Fabric + Color + Finish,Material Combination,"pink chiffon, distressed finish",pink chiffon fabric with sheer airy drape with a distressed finish with visible wear character,fabric material color finish textile
Fabric + Color + Finish,Material Combination,"pink chiffon, heathered finish",pink chiffon fabric with sheer airy drape with a heathered finish with mixed tonal fibers,fabric material color finish textile
Fabric + Color + Finish,Material Combination,"pink chiffon, marled finish",pink chiffon fabric with sheer airy drape with a marled finish with blended multitone yarn appearance,fabric material color finish textile
Fabric + Color + Finish,Material Combination,"pink chiffon, satin-sheen finish",pink chiffon fabric with sheer airy drape with a subtle satin-sheen finish with controlled luster,fabric material color finish textile
Fabric + Color + Finish,Material Combination,"hot pink chiffon, matte finish",hot pink chiffon fabric with sheer airy drape with a matte surface finish with minimal reflectivity,fabric material color finish textile
Fabric + Color + Finish,Material Combination,"hot pink chiffon, glossy finish",hot pink chiffon fabric with sheer airy drape with a glossy surface finish with stronger reflectivity,fabric material color finish textile
Fabric + Color + Finish,Material Combination,"hot pink chiffon, brushed finish",hot pink chiffon fabric with sheer airy drape with a brushed surface finish with softened diffused texture,fabric material color finish textile
Fabric + Color + Finish,Material Combination,"hot pink chiffon, washed finish",hot pink chiffon fabric with sheer airy drape with a washed finish with softened lived-in coloration,fabric material color finish textile
Fabric + Color + Finish,Material Combination,"hot pink chiffon, distressed finish",hot pink chiffon fabric with sheer airy drape with a distressed finish with visible wear character,fabric material color finish textile
Fabric + Color + Finish,Material Combination,"hot pink chiffon, heathered finish",hot pink chiffon fabric with sheer airy drape with a heathered finish with mixed tonal fibers,fabric material color finish textile
Fabric + Color + Finish,Material Combination,"hot pink chiffon, marled finish",hot pink chiffon fabric with sheer airy drape with a marled finish with blended multitone yarn appearance,fabric material color finish textile
Fabric + Color + Finish,Material Combination,"hot pink chiffon, satin-sheen finish",hot pink chiffon fabric with sheer airy drape with a subtle satin-sheen finish with controlled luster,fabric material color finish textile
Fabric + Color + Finish,Material Combination,"orange chiffon, matte finish",orange chiffon fabric with sheer airy drape with a matte surface finish with minimal reflectivity,fabric material color finish textile
Fabric + Color + Finish,Material Combination,"orange chiffon, glossy finish",orange chiffon fabric with sheer airy drape with a glossy surface finish with stronger reflectivity,fabric material color finish textile
Fabric + Color + Finish,Material Combination,"orange chiffon, brushed finish",orange chiffon fabric with sheer airy drape with a brushed surface finish with softened diffused texture,fabric material color finish textile
Fabric + Color + Finish,Material Combination,"orange chiffon, washed finish",orange chiffon fabric with sheer airy drape with a washed finish with softened lived-in coloration,fabric material color finish textile
Fabric + Color + Finish,Material Combination,"orange chiffon, distressed finish",orange chiffon fabric with sheer airy drape with a distressed finish with visible wear character,fabric material color finish textile
Fabric + Color + Finish,Material Combination,"orange chiffon, heathered finish",orange chiffon fabric with sheer airy drape with a heathered finish with mixed tonal fibers,fabric material color finish textile
Fabric + Color + Finish,Material Combination,"orange chiffon, marled finish",orange chiffon fabric with sheer airy drape with a marled finish with blended multitone yarn appearance,fabric material color finish textile
Fabric + Color + Finish,Material Combination,"orange chiffon, satin-sheen finish",orange chiffon fabric with sheer airy drape with a subtle satin-sheen finish with controlled luster,fabric material color finish textile
Fabric + Color + Finish,Material Combination,"yellow chiffon, matte finish",yellow chiffon fabric with sheer airy drape with a matte surface finish with minimal reflectivity,fabric material color finish textile
Fabric + Color + Finish,Material Combination,"yellow chiffon, glossy finish",yellow chiffon fabric with sheer airy drape with a glossy surface finish with stronger reflectivity,fabric material color finish textile
Fabric + Color + Finish,Material Combination,"yellow chiffon, brushed finish",yellow chiffon fabric with sheer airy drape with a brushed surface finish with softened diffused texture,fabric material color finish textile
Fabric + Color + Finish,Material Combination,"yellow chiffon, washed finish",yellow chiffon fabric with sheer airy drape with a washed finish with softened lived-in coloration,fabric material color finish textile
Fabric + Color + Finish,Material Combination,"yellow chiffon, distressed finish",yellow chiffon fabric with sheer airy drape with a distressed finish with visible wear character,fabric material color finish textile
Fabric + Color + Finish,Material Combination,"yellow chiffon, heathered finish",yellow chiffon fabric with sheer airy drape with a heathered finish with mixed tonal fibers,fabric material color finish textile
Fabric + Color + Finish,Material Combination,"yellow chiffon, marled finish",yellow chiffon fabric with sheer airy drape with a marled finish with blended multitone yarn appearance,fabric material color finish textile
Fabric + Color + Finish,Material Combination,"yellow chiffon, satin-sheen finish",yellow chiffon fabric with sheer airy drape with a subtle satin-sheen finish with controlled luster,fabric material color finish textile
Fabric + Color + Finish,Material Combination,"olive green chiffon, matte finish",olive green chiffon fabric with sheer airy drape with a matte surface finish with minimal reflectivity,fabric material color finish textile
Fabric + Color + Finish,Material Combination,"olive green chiffon, glossy finish",olive green chiffon fabric with sheer airy drape with a glossy surface finish with stronger reflectivity,fabric material color finish textile
Fabric + Color + Finish,Material Combination,"olive green chiffon, brushed finish",olive green chiffon fabric with sheer airy drape with a brushed surface finish with softened diffused texture,fabric material color finish textile
Fabric + Color + Finish,Material Combination,"olive green chiffon, washed finish",olive green chiffon fabric with sheer airy drape with a washed finish with softened lived-in coloration,fabric material color finish textile
Fabric + Color + Finish,Material Combination,"olive green chiffon, distressed finish",olive green chiffon fabric with sheer airy drape with a distressed finish with visible wear character,fabric material color finish textile
Fabric + Color + Finish,Material Combination,"olive green chiffon, heathered finish",olive green chiffon fabric with sheer airy drape with a heathered finish with mixed tonal fibers,fabric material color finish textile
Fabric + Color + Finish,Material Combination,"olive green chiffon, marled finish",olive green chiffon fabric with sheer airy drape with a marled finish with blended multitone yarn appearance,fabric material color finish textile
Fabric + Color + Finish,Material Combination,"olive green chiffon, satin-sheen finish",olive green chiffon fabric with sheer airy drape with a subtle satin-sheen finish with controlled luster,fabric material color finish textile
Fabric + Color + Finish,Material Combination,"sage green chiffon, matte finish",sage green chiffon fabric with sheer airy drape with a matte surface finish with minimal reflectivity,fabric material color finish textile
Fabric + Color + Finish,Material Combination,"sage green chiffon, glossy finish",sage green chiffon fabric with sheer airy drape with a glossy surface finish with stronger reflectivity,fabric material color finish textile
Fabric + Color + Finish,Material Combination,"sage green chiffon, brushed finish",sage green chiffon fabric with sheer airy drape with a brushed surface finish with softened diffused texture,fabric material color finish textile
Fabric + Color + Finish,Material Combination,"sage green chiffon, washed finish",sage green chiffon fabric with sheer airy drape with a washed finish with softened lived-in coloration,fabric material color finish textile
Fabric + Color + Finish,Material Combination,"sage green chiffon, distressed finish",sage green chiffon fabric with sheer airy drape with a distressed finish with visible wear character,fabric material color finish textile
Fabric + Color + Finish,Material Combination,"sage green chiffon, heathered finish",sage green chiffon fabric with sheer airy drape with a heathered finish with mixed tonal fibers,fabric material color finish textile
Fabric + Color + Finish,Material Combination,"sage green chiffon, marled finish",sage green chiffon fabric with sheer airy drape with a marled finish with blended multitone yarn appearance,fabric material color finish textile
Fabric + Color + Finish,Material Combination,"sage green chiffon, satin-sheen finish",sage green chiffon fabric with sheer airy drape with a subtle satin-sheen finish with controlled luster,fabric material color finish textile
Fabric + Color + Finish,Material Combination,"emerald green chiffon, matte finish",emerald green chiffon fabric with sheer airy drape with a matte surface finish with minimal reflectivity,fabric material color finish textile
Fabric + Color + Finish,Material Combination,"emerald green chiffon, glossy finish",emerald green chiffon fabric with sheer airy drape with a glossy surface finish with stronger reflectivity,fabric material color finish textile
Fabric + Color + Finish,Material Combination,"emerald green chiffon, brushed finish",emerald green chiffon fabric with sheer airy drape with a brushed surface finish with softened diffused texture,fabric material color finish textile
Fabric + Color + Finish,Material Combination,"emerald green chiffon, washed finish",emerald green chiffon fabric with sheer airy drape with a washed finish with softened lived-in coloration,fabric material color finish textile
Fabric + Color + Finish,Material Combination,"emerald green chiffon, distressed finish",emerald green chiffon fabric with sheer airy drape with a distressed finish with visible wear character,fabric material color finish textile
Fabric + Color + Finish,Material Combination,"emerald green chiffon, heathered finish",emerald green chiffon fabric with sheer airy drape with a heathered finish with mixed tonal fibers,fabric material color finish textile
Fabric + Color + Finish,Material Combination,"emerald green chiffon, marled finish",emerald green chiffon fabric with sheer airy drape with a marled finish with blended multitone yarn appearance,fabric material color finish textile
Fabric + Color + Finish,Material Combination,"emerald green chiffon, satin-sheen finish",emerald green chiffon fabric with sheer airy drape with a subtle satin-sheen finish with controlled luster,fabric material color finish textile
Fabric + Color + Finish,Material Combination,"teal chiffon, matte finish",teal chiffon fabric with sheer airy drape with a matte surface finish with minimal reflectivity,fabric material color finish textile
Fabric + Color + Finish,Material Combination,"teal chiffon, glossy finish",teal chiffon fabric with sheer airy drape with a glossy surface finish with stronger reflectivity,fabric material color finish textile
Fabric + Color + Finish,Material Combination,"teal chiffon, brushed finish",teal chiffon fabric with sheer airy drape with a brushed surface finish with softened diffused texture,fabric material color finish textile
Fabric + Color + Finish,Material Combination,"teal chiffon, washed finish",teal chiffon fabric with sheer airy drape with a washed finish with softened lived-in coloration,fabric material color finish textile
Fabric + Color + Finish,Material Combination,"teal chiffon, distressed finish",teal chiffon fabric with sheer airy drape with a distressed finish with visible wear character,fabric material color finish textile
Fabric + Color + Finish,Material Combination,"teal chiffon, heathered finish",teal chiffon fabric with sheer airy drape with a heathered finish with mixed tonal fibers,fabric material color finish textile
Fabric + Color + Finish,Material Combination,"teal chiffon, marled finish",teal chiffon fabric with sheer airy drape with a marled finish with blended multitone yarn appearance,fabric material color finish textile
Fabric + Color + Finish,Material Combination,"teal chiffon, satin-sheen finish",teal chiffon fabric with sheer airy drape with a subtle satin-sheen finish with controlled luster,fabric material color finish textile
Fabric + Color + Finish,Material Combination,"purple chiffon, matte finish",purple chiffon fabric with sheer airy drape with a matte surface finish with minimal reflectivity,fabric material color finish textile
Fabric + Color + Finish,Material Combination,"purple chiffon, glossy finish",purple chiffon fabric with sheer airy drape with a glossy surface finish with stronger reflectivity,fabric material color finish textile
Fabric + Color + Finish,Material Combination,"purple chiffon, brushed finish",purple chiffon fabric with sheer airy drape with a brushed surface finish with softened diffused texture,fabric material color finish textile
Fabric + Color + Finish,Material Combination,"purple chiffon, washed finish",purple chiffon fabric with sheer airy drape with a washed finish with softened lived-in coloration,fabric material color finish textile
Fabric + Color + Finish,Material Combination,"purple chiffon, distressed finish",purple chiffon fabric with sheer airy drape with a distressed finish with visible wear character,fabric material color finish textile
Fabric + Color + Finish,Material Combination,"purple chiffon, heathered finish",purple chiffon fabric with sheer airy drape with a heathered finish with mixed tonal fibers,fabric material color finish textile
Fabric + Color + Finish,Material Combination,"purple chiffon, marled finish",purple chiffon fabric with sheer airy drape with a marled finish with blended multitone yarn appearance,fabric material color finish textile
Fabric + Color + Finish,Material Combination,"purple chiffon, satin-sheen finish",purple chiffon fabric with sheer airy drape with a subtle satin-sheen finish with controlled luster,fabric material color finish textile
Fabric + Color + Finish,Material Combination,"lavender chiffon, matte finish",lavender chiffon fabric with sheer airy drape with a matte surface finish with minimal reflectivity,fabric material color finish textile
Fabric + Color + Finish,Material Combination,"lavender chiffon, glossy finish",lavender chiffon fabric with sheer airy drape with a glossy surface finish with stronger reflectivity,fabric material color finish textile
Fabric + Color + Finish,Material Combination,"lavender chiffon, brushed finish",lavender chiffon fabric with sheer airy drape with a brushed surface finish with softened diffused texture,fabric material color finish textile
Fabric + Color + Finish,Material Combination,"lavender chiffon, washed finish",lavender chiffon fabric with sheer airy drape with a washed finish with softened lived-in coloration,fabric material color finish textile
Fabric + Color + Finish,Material Combination,"lavender chiffon, distressed finish",lavender chiffon fabric with sheer airy drape with a distressed finish with visible wear character,fabric material color finish textile
Fabric + Color + Finish,Material Combination,"lavender chiffon, heathered finish",lavender chiffon fabric with sheer airy drape with a heathered finish with mixed tonal fibers,fabric material color finish textile
Fabric + Color + Finish,Material Combination,"lavender chiffon, marled finish",lavender chiffon fabric with sheer airy drape with a marled finish with blended multitone yarn appearance,fabric material color finish textile
Fabric + Color + Finish,Material Combination,"lavender chiffon, satin-sheen finish",lavender chiffon fabric with sheer airy drape with a subtle satin-sheen finish with controlled luster,fabric material color finish textile
Fabric + Color + Finish,Material Combination,"brown chiffon, matte finish",brown chiffon fabric with sheer airy drape with a matte surface finish with minimal reflectivity,fabric material color finish textile
Fabric + Color + Finish,Material Combination,"brown chiffon, glossy finish",brown chiffon fabric with sheer airy drape with a glossy surface finish with stronger reflectivity,fabric material color finish textile
Fabric + Color + Finish,Material Combination,"brown chiffon, brushed finish",brown chiffon fabric with sheer airy drape with a brushed surface finish with softened diffused texture,fabric material color finish textile
Fabric + Color + Finish,Material Combination,"brown chiffon, washed finish",brown chiffon fabric with sheer airy drape with a washed finish with softened lived-in coloration,fabric material color finish textile
Fabric + Color + Finish,Material Combination,"brown chiffon, distressed finish",brown chiffon fabric with sheer airy drape with a distressed finish with visible wear character,fabric material color finish textile
Fabric + Color + Finish,Material Combination,"brown chiffon, heathered finish",brown chiffon fabric with sheer airy drape with a heathered finish with mixed tonal fibers,fabric material color finish textile
Fabric + Color + Finish,Material Combination,"brown chiffon, marled finish",brown chiffon fabric with sheer airy drape with a marled finish with blended multitone yarn appearance,fabric material color finish textile
Fabric + Color + Finish,Material Combination,"brown chiffon, satin-sheen finish",brown chiffon fabric with sheer airy drape with a subtle satin-sheen finish with controlled luster,fabric material color finish textile
Fabric + Color + Finish,Material Combination,"tan chiffon, matte finish",tan chiffon fabric with sheer airy drape with a matte surface finish with minimal reflectivity,fabric material color finish textile
Fabric + Color + Finish,Material Combination,"tan chiffon, glossy finish",tan chiffon fabric with sheer airy drape with a glossy surface finish with stronger reflectivity,fabric material color finish textile
Fabric + Color + Finish,Material Combination,"tan chiffon, brushed finish",tan chiffon fabric with sheer airy drape with a brushed surface finish with softened diffused texture,fabric material color finish textile
Fabric + Color + Finish,Material Combination,"tan chiffon, washed finish",tan chiffon fabric with sheer airy drape with a washed finish with softened lived-in coloration,fabric material color finish textile
Fabric + Color + Finish,Material Combination,"tan chiffon, distressed finish",tan chiffon fabric with sheer airy drape with a distressed finish with visible wear character,fabric material color finish textile
Fabric + Color + Finish,Material Combination,"tan chiffon, heathered finish",tan chiffon fabric with sheer airy drape with a heathered finish with mixed tonal fibers,fabric material color finish textile
Fabric + Color + Finish,Material Combination,"tan chiffon, marled finish",tan chiffon fabric with sheer airy drape with a marled finish with blended multitone yarn appearance,fabric material color finish textile
Fabric + Color + Finish,Material Combination,"tan chiffon, satin-sheen finish",tan chiffon fabric with sheer airy drape with a subtle satin-sheen finish with controlled luster,fabric material color finish textile
Fabric + Color + Finish,Material Combination,"silver chiffon, matte finish",silver chiffon fabric with sheer airy drape with a matte surface finish with minimal reflectivity,fabric material color finish textile
Fabric + Color + Finish,Material Combination,"silver chiffon, glossy finish",silver chiffon fabric with sheer airy drape with a glossy surface finish with stronger reflectivity,fabric material color finish textile
Fabric + Color + Finish,Material Combination,"silver chiffon, brushed finish",silver chiffon fabric with sheer airy drape with a brushed surface finish with softened diffused texture,fabric material color finish textile
Fabric + Color + Finish,Material Combination,"silver chiffon, washed finish",silver chiffon fabric with sheer airy drape with a washed finish with softened lived-in coloration,fabric material color finish textile
Fabric + Color + Finish,Material Combination,"silver chiffon, distressed finish",silver chiffon fabric with sheer airy drape with a distressed finish with visible wear character,fabric material color finish textile
Fabric + Color + Finish,Material Combination,"silver chiffon, heathered finish",silver chiffon fabric with sheer airy drape with a heathered finish with mixed tonal fibers,fabric material color finish textile
Fabric + Color + Finish,Material Combination,"silver chiffon, marled finish",silver chiffon fabric with sheer airy drape with a marled finish with blended multitone yarn appearance,fabric material color finish textile
Fabric + Color + Finish,Material Combination,"silver chiffon, satin-sheen finish",silver chiffon fabric with sheer airy drape with a subtle satin-sheen finish with controlled luster,fabric material color finish textile
Fabric + Color + Finish,Material Combination,"gold chiffon, matte finish",gold chiffon fabric with sheer airy drape with a matte surface finish with minimal reflectivity,fabric material color finish textile
Fabric + Color + Finish,Material Combination,"gold chiffon, glossy finish",gold chiffon fabric with sheer airy drape with a glossy surface finish with stronger reflectivity,fabric material color finish textile
Fabric + Color + Finish,Material Combination,"gold chiffon, brushed finish",gold chiffon fabric with sheer airy drape with a brushed surface finish with softened diffused texture,fabric material color finish textile
Fabric + Color + Finish,Material Combination,"gold chiffon, washed finish",gold chiffon fabric with sheer airy drape with a washed finish with softened lived-in coloration,fabric material color finish textile
Fabric + Color + Finish,Material Combination,"gold chiffon, distressed finish",gold chiffon fabric with sheer airy drape with a distressed finish with visible wear character,fabric material color finish textile
Fabric + Color + Finish,Material Combination,"gold chiffon, heathered finish",gold chiffon fabric with sheer airy drape with a heathered finish with mixed tonal fibers,fabric material color finish textile
Fabric + Color + Finish,Material Combination,"gold chiffon, marled finish",gold chiffon fabric with sheer airy drape with a marled finish with blended multitone yarn appearance,fabric material color finish textile
Fabric + Color + Finish,Material Combination,"gold chiffon, satin-sheen finish",gold chiffon fabric with sheer airy drape with a subtle satin-sheen finish with controlled luster,fabric material color finish textile
Fabric + Color + Finish,Material Combination,"white lace, matte finish",white lace fabric with openwork detail and delicate texture with a matte surface finish with minimal reflectivity,fabric material color finish textile
Fabric + Color + Finish,Material Combination,"white lace, glossy finish",white lace fabric with openwork detail and delicate texture with a glossy surface finish with stronger reflectivity,fabric material color finish textile
Fabric + Color + Finish,Material Combination,"white lace, brushed finish",white lace fabric with openwork detail and delicate texture with a brushed surface finish with softened diffused texture,fabric material color finish textile
Fabric + Color + Finish,Material Combination,"white lace, washed finish",white lace fabric with openwork detail and delicate texture with a washed finish with softened lived-in coloration,fabric material color finish textile
Fabric + Color + Finish,Material Combination,"white lace, distressed finish",white lace fabric with openwork detail and delicate texture with a distressed finish with visible wear character,fabric material color finish textile
Fabric + Color + Finish,Material Combination,"white lace, heathered finish",white lace fabric with openwork detail and delicate texture with a heathered finish with mixed tonal fibers,fabric material color finish textile
Fabric + Color + Finish,Material Combination,"white lace, marled finish",white lace fabric with openwork detail and delicate texture with a marled finish with blended multitone yarn appearance,fabric material color finish textile
Fabric + Color + Finish,Material Combination,"white lace, satin-sheen finish",white lace fabric with openwork detail and delicate texture with a subtle satin-sheen finish with controlled luster,fabric material color finish textile
Fabric + Color + Finish,Material Combination,"black lace, matte finish",black lace fabric with openwork detail and delicate texture with a matte surface finish with minimal reflectivity,fabric material color finish textile
Fabric + Color + Finish,Material Combination,"black lace, glossy finish",black lace fabric with openwork detail and delicate texture with a glossy surface finish with stronger reflectivity,fabric material color finish textile
Fabric + Color + Finish,Material Combination,"black lace, brushed finish",black lace fabric with openwork detail and delicate texture with a brushed surface finish with softened diffused texture,fabric material color finish textile
Fabric + Color + Finish,Material Combination,"black lace, washed finish",black lace fabric with openwork detail and delicate texture with a washed finish with softened lived-in coloration,fabric material color finish textile
Fabric + Color + Finish,Material Combination,"black lace, distressed finish",black lace fabric with openwork detail and delicate texture with a distressed finish with visible wear character,fabric material color finish textile
Fabric + Color + Finish,Material Combination,"black lace, heathered finish",black lace fabric with openwork detail and delicate texture with a heathered finish with mixed tonal fibers,fabric material color finish textile
Fabric + Color + Finish,Material Combination,"black lace, marled finish",black lace fabric with openwork detail and delicate texture with a marled finish with blended multitone yarn appearance,fabric material color finish textile
Fabric + Color + Finish,Material Combination,"black lace, satin-sheen finish",black lace fabric with openwork detail and delicate texture with a subtle satin-sheen finish with controlled luster,fabric material color finish textile
Fabric + Color + Finish,Material Combination,"cream lace, matte finish",cream lace fabric with openwork detail and delicate texture with a matte surface finish with minimal reflectivity,fabric material color finish textile
Fabric + Color + Finish,Material Combination,"cream lace, glossy finish",cream lace fabric with openwork detail and delicate texture with a glossy surface finish with stronger reflectivity,fabric material color finish textile
Fabric + Color + Finish,Material Combination,"cream lace, brushed finish",cream lace fabric with openwork detail and delicate texture with a brushed surface finish with softened diffused texture,fabric material color finish textile
Fabric + Color + Finish,Material Combination,"cream lace, washed finish",cream lace fabric with openwork detail and delicate texture with a washed finish with softened lived-in coloration,fabric material color finish textile
Fabric + Color + Finish,Material Combination,"cream lace, distressed finish",cream lace fabric with openwork detail and delicate texture with a distressed finish with visible wear character,fabric material color finish textile
Fabric + Color + Finish,Material Combination,"cream lace, heathered finish",cream lace fabric with openwork detail and delicate texture with a heathered finish with mixed tonal fibers,fabric material color finish textile
Fabric + Color + Finish,Material Combination,"cream lace, marled finish",cream lace fabric with openwork detail and delicate texture with a marled finish with blended multitone yarn appearance,fabric material color finish textile
Fabric + Color + Finish,Material Combination,"cream lace, satin-sheen finish",cream lace fabric with openwork detail and delicate texture with a subtle satin-sheen finish with controlled luster,fabric material color finish textile
Fabric + Color + Finish,Material Combination,"beige lace, matte finish",beige lace fabric with openwork detail and delicate texture with a matte surface finish with minimal reflectivity,fabric material color finish textile
Fabric + Color + Finish,Material Combination,"beige lace, glossy finish",beige lace fabric with openwork detail and delicate texture with a glossy surface finish with stronger reflectivity,fabric material color finish textile
Fabric + Color + Finish,Material Combination,"beige lace, brushed finish",beige lace fabric with openwork detail and delicate texture with a brushed surface finish with softened diffused texture,fabric material color finish textile
Fabric + Color + Finish,Material Combination,"beige lace, washed finish",beige lace fabric with openwork detail and delicate texture with a washed finish with softened lived-in coloration,fabric material color finish textile
Fabric + Color + Finish,Material Combination,"beige lace, distressed finish",beige lace fabric with openwork detail and delicate texture with a distressed finish with visible wear character,fabric material color finish textile
Fabric + Color + Finish,Material Combination,"beige lace, heathered finish",beige lace fabric with openwork detail and delicate texture with a heathered finish with mixed tonal fibers,fabric material color finish textile
Fabric + Color + Finish,Material Combination,"beige lace, marled finish",beige lace fabric with openwork detail and delicate texture with a marled finish with blended multitone yarn appearance,fabric material color finish textile
Fabric + Color + Finish,Material Combination,"beige lace, satin-sheen finish",beige lace fabric with openwork detail and delicate texture with a subtle satin-sheen finish with controlled luster,fabric material color finish textile
Fabric + Color + Finish,Material Combination,"camel lace, matte finish",camel lace fabric with openwork detail and delicate texture with a matte surface finish with minimal reflectivity,fabric material color finish textile
Fabric + Color + Finish,Material Combination,"camel lace, glossy finish",camel lace fabric with openwork detail and delicate texture with a glossy surface finish with stronger reflectivity,fabric material color finish textile
Fabric + Color + Finish,Material Combination,"camel lace, brushed finish",camel lace fabric with openwork detail and delicate texture with a brushed surface finish with softened diffused texture,fabric material color finish textile
Fabric + Color + Finish,Material Combination,"camel lace, washed finish",camel lace fabric with openwork detail and delicate texture with a washed finish with softened lived-in coloration,fabric material color finish textile
Fabric + Color + Finish,Material Combination,"camel lace, distressed finish",camel lace fabric with openwork detail and delicate texture with a distressed finish with visible wear character,fabric material color finish textile
Fabric + Color + Finish,Material Combination,"camel lace, heathered finish",camel lace fabric with openwork detail and delicate texture with a heathered finish with mixed tonal fibers,fabric material color finish textile
Fabric + Color + Finish,Material Combination,"camel lace, marled finish",camel lace fabric with openwork detail and delicate texture with a marled finish with blended multitone yarn appearance,fabric material color finish textile
Fabric + Color + Finish,Material Combination,"camel lace, satin-sheen finish",camel lace fabric with openwork detail and delicate texture with a subtle satin-sheen finish with controlled luster,fabric material color finish textile
Fabric + Color + Finish,Material Combination,"gray lace, matte finish",gray lace fabric with openwork detail and delicate texture with a matte surface finish with minimal reflectivity,fabric material color finish textile
Fabric + Color + Finish,Material Combination,"gray lace, glossy finish",gray lace fabric with openwork detail and delicate texture with a glossy surface finish with stronger reflectivity,fabric material color finish textile
Fabric + Color + Finish,Material Combination,"gray lace, brushed finish",gray lace fabric with openwork detail and delicate texture with a brushed surface finish with softened diffused texture,fabric material color finish textile
Fabric + Color + Finish,Material Combination,"gray lace, washed finish",gray lace fabric with openwork detail and delicate texture with a washed finish with softened lived-in coloration,fabric material color finish textile
Fabric + Color + Finish,Material Combination,"gray lace, distressed finish",gray lace fabric with openwork detail and delicate texture with a distressed finish with visible wear character,fabric material color finish textile
Fabric + Color + Finish,Material Combination,"gray lace, heathered finish",gray lace fabric with openwork detail and delicate texture with a heathered finish with mixed tonal fibers,fabric material color finish textile
Fabric + Color + Finish,Material Combination,"gray lace, marled finish",gray lace fabric with openwork detail and delicate texture with a marled finish with blended multitone yarn appearance,fabric material color finish textile
Fabric + Color + Finish,Material Combination,"gray lace, satin-sheen finish",gray lace fabric with openwork detail and delicate texture with a subtle satin-sheen finish with controlled luster,fabric material color finish textile
Fabric + Color + Finish,Material Combination,"charcoal lace, matte finish",charcoal lace fabric with openwork detail and delicate texture with a matte surface finish with minimal reflectivity,fabric material color finish textile
Fabric + Color + Finish,Material Combination,"charcoal lace, glossy finish",charcoal lace fabric with openwork detail and delicate texture with a glossy surface finish with stronger reflectivity,fabric material color finish textile
Fabric + Color + Finish,Material Combination,"charcoal lace, brushed finish",charcoal lace fabric with openwork detail and delicate texture with a brushed surface finish with softened diffused texture,fabric material color finish textile
Fabric + Color + Finish,Material Combination,"charcoal lace, washed finish",charcoal lace fabric with openwork detail and delicate texture with a washed finish with softened lived-in coloration,fabric material color finish textile
Fabric + Color + Finish,Material Combination,"charcoal lace, distressed finish",charcoal lace fabric with openwork detail and delicate texture with a distressed finish with visible wear character,fabric material color finish textile
Fabric + Color + Finish,Material Combination,"charcoal lace, heathered finish",charcoal lace fabric with openwork detail and delicate texture with a heathered finish with mixed tonal fibers,fabric material color finish textile
Fabric + Color + Finish,Material Combination,"charcoal lace, marled finish",charcoal lace fabric with openwork detail and delicate texture with a marled finish with blended multitone yarn appearance,fabric material color finish textile
Fabric + Color + Finish,Material Combination,"charcoal lace, satin-sheen finish",charcoal lace fabric with openwork detail and delicate texture with a subtle satin-sheen finish with controlled luster,fabric material color finish textile
Fabric + Color + Finish,Material Combination,"navy lace, matte finish",navy lace fabric with openwork detail and delicate texture with a matte surface finish with minimal reflectivity,fabric material color finish textile
Fabric + Color + Finish,Material Combination,"navy lace, glossy finish",navy lace fabric with openwork detail and delicate texture with a glossy surface finish with stronger reflectivity,fabric material color finish textile
Fabric + Color + Finish,Material Combination,"navy lace, brushed finish",navy lace fabric with openwork detail and delicate texture with a brushed surface finish with softened diffused texture,fabric material color finish textile
Fabric + Color + Finish,Material Combination,"navy lace, washed finish",navy lace fabric with openwork detail and delicate texture with a washed finish with softened lived-in coloration,fabric material color finish textile
Fabric + Color + Finish,Material Combination,"navy lace, distressed finish",navy lace fabric with openwork detail and delicate texture with a distressed finish with visible wear character,fabric material color finish textile
Fabric + Color + Finish,Material Combination,"navy lace, heathered finish",navy lace fabric with openwork detail and delicate texture with a heathered finish with mixed tonal fibers,fabric material color finish textile
Fabric + Color + Finish,Material Combination,"navy lace, marled finish",navy lace fabric with openwork detail and delicate texture with a marled finish with blended multitone yarn appearance,fabric material color finish textile
Fabric + Color + Finish,Material Combination,"navy lace, satin-sheen finish",navy lace fabric with openwork detail and delicate texture with a subtle satin-sheen finish with controlled luster,fabric material color finish textile
Fabric + Color + Finish,Material Combination,"royal blue lace, matte finish",royal blue lace fabric with openwork detail and delicate texture with a matte surface finish with minimal reflectivity,fabric material color finish textile
Fabric + Color + Finish,Material Combination,"royal blue lace, glossy finish",royal blue lace fabric with openwork detail and delicate texture with a glossy surface finish with stronger reflectivity,fabric material color finish textile
Fabric + Color + Finish,Material Combination,"royal blue lace, brushed finish",royal blue lace fabric with openwork detail and delicate texture with a brushed surface finish with softened diffused texture,fabric material color finish textile
Fabric + Color + Finish,Material Combination,"royal blue lace, washed finish",royal blue lace fabric with openwork detail and delicate texture with a washed finish with softened lived-in coloration,fabric material color finish textile
Fabric + Color + Finish,Material Combination,"royal blue lace, distressed finish",royal blue lace fabric with openwork detail and delicate texture with a distressed finish with visible wear character,fabric material color finish textile
Fabric + Color + Finish,Material Combination,"royal blue lace, heathered finish",royal blue lace fabric with openwork detail and delicate texture with a heathered finish with mixed tonal fibers,fabric material color finish textile
Fabric + Color + Finish,Material Combination,"royal blue lace, marled finish",royal blue lace fabric with openwork detail and delicate texture with a marled finish with blended multitone yarn appearance,fabric material color finish textile
Fabric + Color + Finish,Material Combination,"royal blue lace, satin-sheen finish",royal blue lace fabric with openwork detail and delicate texture with a subtle satin-sheen finish with controlled luster,fabric material color finish textile
Fabric + Color + Finish,Material Combination,"sky blue lace, matte finish",sky blue lace fabric with openwork detail and delicate texture with a matte surface finish with minimal reflectivity,fabric material color finish textile
Fabric + Color + Finish,Material Combination,"sky blue lace, glossy finish",sky blue lace fabric with openwork detail and delicate texture with a glossy surface finish with stronger reflectivity,fabric material color finish textile
Fabric + Color + Finish,Material Combination,"sky blue lace, brushed finish",sky blue lace fabric with openwork detail and delicate texture with a brushed surface finish with softened diffused texture,fabric material color finish textile
Fabric + Color + Finish,Material Combination,"sky blue lace, washed finish",sky blue lace fabric with openwork detail and delicate texture with a washed finish with softened lived-in coloration,fabric material color finish textile
Fabric + Color + Finish,Material Combination,"sky blue lace, distressed finish",sky blue lace fabric with openwork detail and delicate texture with a distressed finish with visible wear character,fabric material color finish textile
Fabric + Color + Finish,Material Combination,"sky blue lace, heathered finish",sky blue lace fabric with openwork detail and delicate texture with a heathered finish with mixed tonal fibers,fabric material color finish textile
Fabric + Color + Finish,Material Combination,"sky blue lace, marled finish",sky blue lace fabric with openwork detail and delicate texture with a marled finish with blended multitone yarn appearance,fabric material color finish textile
Fabric + Color + Finish,Material Combination,"sky blue lace, satin-sheen finish",sky blue lace fabric with openwork detail and delicate texture with a subtle satin-sheen finish with controlled luster,fabric material color finish textile
Fabric + Color + Finish,Material Combination,"red lace, matte finish",red lace fabric with openwork detail and delicate texture with a matte surface finish with minimal reflectivity,fabric material color finish textile
Fabric + Color + Finish,Material Combination,"red lace, glossy finish",red lace fabric with openwork detail and delicate texture with a glossy surface finish with stronger reflectivity,fabric material color finish textile
Fabric + Color + Finish,Material Combination,"red lace, brushed finish",red lace fabric with openwork detail and delicate texture with a brushed surface finish with softened diffused texture,fabric material color finish textile
Fabric + Color + Finish,Material Combination,"red lace, washed finish",red lace fabric with openwork detail and delicate texture with a washed finish with softened lived-in coloration,fabric material color finish textile
Fabric + Color + Finish,Material Combination,"red lace, distressed finish",red lace fabric with openwork detail and delicate texture with a distressed finish with visible wear character,fabric material color finish textile
Fabric + Color + Finish,Material Combination,"red lace, heathered finish",red lace fabric with openwork detail and delicate texture with a heathered finish with mixed tonal fibers,fabric material color finish textile
Fabric + Color + Finish,Material Combination,"red lace, marled finish",red lace fabric with openwork detail and delicate texture with a marled finish with blended multitone yarn appearance,fabric material color finish textile
Fabric + Color + Finish,Material Combination,"red lace, satin-sheen finish",red lace fabric with openwork detail and delicate texture with a subtle satin-sheen finish with controlled luster,fabric material color finish textile
Fabric + Color + Finish,Material Combination,"burgundy lace, matte finish",burgundy lace fabric with openwork detail and delicate texture with a matte surface finish with minimal reflectivity,fabric material color finish textile
Fabric + Color + Finish,Material Combination,"burgundy lace, glossy finish",burgundy lace fabric with openwork detail and delicate texture with a glossy surface finish with stronger reflectivity,fabric material color finish textile
Fabric + Color + Finish,Material Combination,"burgundy lace, brushed finish",burgundy lace fabric with openwork detail and delicate texture with a brushed surface finish with softened diffused texture,fabric material color finish textile
Fabric + Color + Finish,Material Combination,"burgundy lace, washed finish",burgundy lace fabric with openwork detail and delicate texture with a washed finish with softened lived-in coloration,fabric material color finish textile
Fabric + Color + Finish,Material Combination,"burgundy lace, distressed finish",burgundy lace fabric with openwork detail and delicate texture with a distressed finish with visible wear character,fabric material color finish textile
Fabric + Color + Finish,Material Combination,"burgundy lace, heathered finish",burgundy lace fabric with openwork detail and delicate texture with a heathered finish with mixed tonal fibers,fabric material color finish textile
Fabric + Color + Finish,Material Combination,"burgundy lace, marled finish",burgundy lace fabric with openwork detail and delicate texture with a marled finish with blended multitone yarn appearance,fabric material color finish textile
Fabric + Color + Finish,Material Combination,"burgundy lace, satin-sheen finish",burgundy lace fabric with openwork detail and delicate texture with a subtle satin-sheen finish with controlled luster,fabric material color finish textile
Fabric + Color + Finish,Material Combination,"pink lace, matte finish",pink lace fabric with openwork detail and delicate texture with a matte surface finish with minimal reflectivity,fabric material color finish textile
Fabric + Color + Finish,Material Combination,"pink lace, glossy finish",pink lace fabric with openwork detail and delicate texture with a glossy surface finish with stronger reflectivity,fabric material color finish textile
Fabric + Color + Finish,Material Combination,"pink lace, brushed finish",pink lace fabric with openwork detail and delicate texture with a brushed surface finish with softened diffused texture,fabric material color finish textile
Fabric + Color + Finish,Material Combination,"pink lace, washed finish",pink lace fabric with openwork detail and delicate texture with a washed finish with softened lived-in coloration,fabric material color finish textile
Fabric + Color + Finish,Material Combination,"pink lace, distressed finish",pink lace fabric with openwork detail and delicate texture with a distressed finish with visible wear character,fabric material color finish textile
Fabric + Color + Finish,Material Combination,"pink lace, heathered finish",pink lace fabric with openwork detail and delicate texture with a heathered finish with mixed tonal fibers,fabric material color finish textile
Fabric + Color + Finish,Material Combination,"pink lace, marled finish",pink lace fabric with openwork detail and delicate texture with a marled finish with blended multitone yarn appearance,fabric material color finish textile
Fabric + Color + Finish,Material Combination,"pink lace, satin-sheen finish",pink lace fabric with openwork detail and delicate texture with a subtle satin-sheen finish with controlled luster,fabric material color finish textile
Fabric + Color + Finish,Material Combination,"hot pink lace, matte finish",hot pink lace fabric with openwork detail and delicate texture with a matte surface finish with minimal reflectivity,fabric material color finish textile
Fabric + Color + Finish,Material Combination,"hot pink lace, glossy finish",hot pink lace fabric with openwork detail and delicate texture with a glossy surface finish with stronger reflectivity,fabric material color finish textile
Fabric + Color + Finish,Material Combination,"hot pink lace, brushed finish",hot pink lace fabric with openwork detail and delicate texture with a brushed surface finish with softened diffused texture,fabric material color finish textile
Fabric + Color + Finish,Material Combination,"hot pink lace, washed finish",hot pink lace fabric with openwork detail and delicate texture with a washed finish with softened lived-in coloration,fabric material color finish textile
Fabric + Color + Finish,Material Combination,"hot pink lace, distressed finish",hot pink lace fabric with openwork detail and delicate texture with a distressed finish with visible wear character,fabric material color finish textile
Fabric + Color + Finish,Material Combination,"hot pink lace, heathered finish",hot pink lace fabric with openwork detail and delicate texture with a heathered finish with mixed tonal fibers,fabric material color finish textile
Fabric + Color + Finish,Material Combination,"hot pink lace, marled finish",hot pink lace fabric with openwork detail and delicate texture with a marled finish with blended multitone yarn appearance,fabric material color finish textile
Fabric + Color + Finish,Material Combination,"hot pink lace, satin-sheen finish",hot pink lace fabric with openwork detail and delicate texture with a subtle satin-sheen finish with controlled luster,fabric material color finish textile
Fabric + Color + Finish,Material Combination,"orange lace, matte finish",orange lace fabric with openwork detail and delicate texture with a matte surface finish with minimal reflectivity,fabric material color finish textile
Fabric + Color + Finish,Material Combination,"orange lace, glossy finish",orange lace fabric with openwork detail and delicate texture with a glossy surface finish with stronger reflectivity,fabric material color finish textile
Fabric + Color + Finish,Material Combination,"orange lace, brushed finish",orange lace fabric with openwork detail and delicate texture with a brushed surface finish with softened diffused texture,fabric material color finish textile
Fabric + Color + Finish,Material Combination,"orange lace, washed finish",orange lace fabric with openwork detail and delicate texture with a washed finish with softened lived-in coloration,fabric material color finish textile
Fabric + Color + Finish,Material Combination,"orange lace, distressed finish",orange lace fabric with openwork detail and delicate texture with a distressed finish with visible wear character,fabric material color finish textile
Fabric + Color + Finish,Material Combination,"orange lace, heathered finish",orange lace fabric with openwork detail and delicate texture with a heathered finish with mixed tonal fibers,fabric material color finish textile
Fabric + Color + Finish,Material Combination,"orange lace, marled finish",orange lace fabric with openwork detail and delicate texture with a marled finish with blended multitone yarn appearance,fabric material color finish textile
Fabric + Color + Finish,Material Combination,"orange lace, satin-sheen finish",orange lace fabric with openwork detail and delicate texture with a subtle satin-sheen finish with controlled luster,fabric material color finish textile
Fabric + Color + Finish,Material Combination,"yellow lace, matte finish",yellow lace fabric with openwork detail and delicate texture with a matte surface finish with minimal reflectivity,fabric material color finish textile
Fabric + Color + Finish,Material Combination,"yellow lace, glossy finish",yellow lace fabric with openwork detail and delicate texture with a glossy surface finish with stronger reflectivity,fabric material color finish textile
Fabric + Color + Finish,Material Combination,"yellow lace, brushed finish",yellow lace fabric with openwork detail and delicate texture with a brushed surface finish with softened diffused texture,fabric material color finish textile
Fabric + Color + Finish,Material Combination,"yellow lace, washed finish",yellow lace fabric with openwork detail and delicate texture with a washed finish with softened lived-in coloration,fabric material color finish textile
Fabric + Color + Finish,Material Combination,"yellow lace, distressed finish",yellow lace fabric with openwork detail and delicate texture with a distressed finish with visible wear character,fabric material color finish textile
Fabric + Color + Finish,Material Combination,"yellow lace, heathered finish",yellow lace fabric with openwork detail and delicate texture with a heathered finish with mixed tonal fibers,fabric material color finish textile
Fabric + Color + Finish,Material Combination,"yellow lace, marled finish",yellow lace fabric with openwork detail and delicate texture with a marled finish with blended multitone yarn appearance,fabric material color finish textile
Fabric + Color + Finish,Material Combination,"yellow lace, satin-sheen finish",yellow lace fabric with openwork detail and delicate texture with a subtle satin-sheen finish with controlled luster,fabric material color finish textile
Fabric + Color + Finish,Material Combination,"olive green lace, matte finish",olive green lace fabric with openwork detail and delicate texture with a matte surface finish with minimal reflectivity,fabric material color finish textile
Fabric + Color + Finish,Material Combination,"olive green lace, glossy finish",olive green lace fabric with openwork detail and delicate texture with a glossy surface finish with stronger reflectivity,fabric material color finish textile
Fabric + Color + Finish,Material Combination,"olive green lace, brushed finish",olive green lace fabric with openwork detail and delicate texture with a brushed surface finish with softened diffused texture,fabric material color finish textile
Fabric + Color + Finish,Material Combination,"olive green lace, washed finish",olive green lace fabric with openwork detail and delicate texture with a washed finish with softened lived-in coloration,fabric material color finish textile
Fabric + Color + Finish,Material Combination,"olive green lace, distressed finish",olive green lace fabric with openwork detail and delicate texture with a distressed finish with visible wear character,fabric material color finish textile
Fabric + Color + Finish,Material Combination,"olive green lace, heathered finish",olive green lace fabric with openwork detail and delicate texture with a heathered finish with mixed tonal fibers,fabric material color finish textile
Fabric + Color + Finish,Material Combination,"olive green lace, marled finish",olive green lace fabric with openwork detail and delicate texture with a marled finish with blended multitone yarn appearance,fabric material color finish textile
Fabric + Color + Finish,Material Combination,"olive green lace, satin-sheen finish",olive green lace fabric with openwork detail and delicate texture with a subtle satin-sheen finish with controlled luster,fabric material color finish textile
Fabric + Color + Finish,Material Combination,"sage green lace, matte finish",sage green lace fabric with openwork detail and delicate texture with a matte surface finish with minimal reflectivity,fabric material color finish textile
Fabric + Color + Finish,Material Combination,"sage green lace, glossy finish",sage green lace fabric with openwork detail and delicate texture with a glossy surface finish with stronger reflectivity,fabric material color finish textile
Fabric + Color + Finish,Material Combination,"sage green lace, brushed finish",sage green lace fabric with openwork detail and delicate texture with a brushed surface finish with softened diffused texture,fabric material color finish textile
Fabric + Color + Finish,Material Combination,"sage green lace, washed finish",sage green lace fabric with openwork detail and delicate texture with a washed finish with softened lived-in coloration,fabric material color finish textile
Fabric + Color + Finish,Material Combination,"sage green lace, distressed finish",sage green lace fabric with openwork detail and delicate texture with a distressed finish with visible wear character,fabric material color finish textile
Fabric + Color + Finish,Material Combination,"sage green lace, heathered finish",sage green lace fabric with openwork detail and delicate texture with a heathered finish with mixed tonal fibers,fabric material color finish textile
Fabric + Color + Finish,Material Combination,"sage green lace, marled finish",sage green lace fabric with openwork detail and delicate texture with a marled finish with blended multitone yarn appearance,fabric material color finish textile
Fabric + Color + Finish,Material Combination,"sage green lace, satin-sheen finish",sage green lace fabric with openwork detail and delicate texture with a subtle satin-sheen finish with controlled luster,fabric material color finish textile
Fabric + Color + Finish,Material Combination,"emerald green lace, matte finish",emerald green lace fabric with openwork detail and delicate texture with a matte surface finish with minimal reflectivity,fabric material color finish textile
Fabric + Color + Finish,Material Combination,"emerald green lace, glossy finish",emerald green lace fabric with openwork detail and delicate texture with a glossy surface finish with stronger reflectivity,fabric material color finish textile
Fabric + Color + Finish,Material Combination,"emerald green lace, brushed finish",emerald green lace fabric with openwork detail and delicate texture with a brushed surface finish with softened diffused texture,fabric material color finish textile
Fabric + Color + Finish,Material Combination,"emerald green lace, washed finish",emerald green lace fabric with openwork detail and delicate texture with a washed finish with softened lived-in coloration,fabric material color finish textile
Fabric + Color + Finish,Material Combination,"emerald green lace, distressed finish",emerald green lace fabric with openwork detail and delicate texture with a distressed finish with visible wear character,fabric material color finish textile
Fabric + Color + Finish,Material Combination,"emerald green lace, heathered finish",emerald green lace fabric with openwork detail and delicate texture with a heathered finish with mixed tonal fibers,fabric material color finish textile
Fabric + Color + Finish,Material Combination,"emerald green lace, marled finish",emerald green lace fabric with openwork detail and delicate texture with a marled finish with blended multitone yarn appearance,fabric material color finish textile
Fabric + Color + Finish,Material Combination,"emerald green lace, satin-sheen finish",emerald green lace fabric with openwork detail and delicate texture with a subtle satin-sheen finish with controlled luster,fabric material color finish textile
Fabric + Color + Finish,Material Combination,"teal lace, matte finish",teal lace fabric with openwork detail and delicate texture with a matte surface finish with minimal reflectivity,fabric material color finish textile
Fabric + Color + Finish,Material Combination,"teal lace, glossy finish",teal lace fabric with openwork detail and delicate texture with a glossy surface finish with stronger reflectivity,fabric material color finish textile
Fabric + Color + Finish,Material Combination,"teal lace, brushed finish",teal lace fabric with openwork detail and delicate texture with a brushed surface finish with softened diffused texture,fabric material color finish textile
Fabric + Color + Finish,Material Combination,"teal lace, washed finish",teal lace fabric with openwork detail and delicate texture with a washed finish with softened lived-in coloration,fabric material color finish textile
Fabric + Color + Finish,Material Combination,"teal lace, distressed finish",teal lace fabric with openwork detail and delicate texture with a distressed finish with visible wear character,fabric material color finish textile
Fabric + Color + Finish,Material Combination,"teal lace, heathered finish",teal lace fabric with openwork detail and delicate texture with a heathered finish with mixed tonal fibers,fabric material color finish textile
Fabric + Color + Finish,Material Combination,"teal lace, marled finish",teal lace fabric with openwork detail and delicate texture with a marled finish with blended multitone yarn appearance,fabric material color finish textile
Fabric + Color + Finish,Material Combination,"teal lace, satin-sheen finish",teal lace fabric with openwork detail and delicate texture with a subtle satin-sheen finish with controlled luster,fabric material color finish textile
Fabric + Color + Finish,Material Combination,"purple lace, matte finish",purple lace fabric with openwork detail and delicate texture with a matte surface finish with minimal reflectivity,fabric material color finish textile
Fabric + Color + Finish,Material Combination,"purple lace, glossy finish",purple lace fabric with openwork detail and delicate texture with a glossy surface finish with stronger reflectivity,fabric material color finish textile
Fabric + Color + Finish,Material Combination,"purple lace, brushed finish",purple lace fabric with openwork detail and delicate texture with a brushed surface finish with softened diffused texture,fabric material color finish textile
Fabric + Color + Finish,Material Combination,"purple lace, washed finish",purple lace fabric with openwork detail and delicate texture with a washed finish with softened lived-in coloration,fabric material color finish textile
Fabric + Color + Finish,Material Combination,"purple lace, distressed finish",purple lace fabric with openwork detail and delicate texture with a distressed finish with visible wear character,fabric material color finish textile
Fabric + Color + Finish,Material Combination,"purple lace, heathered finish",purple lace fabric with openwork detail and delicate texture with a heathered finish with mixed tonal fibers,fabric material color finish textile
Fabric + Color + Finish,Material Combination,"purple lace, marled finish",purple lace fabric with openwork detail and delicate texture with a marled finish with blended multitone yarn appearance,fabric material color finish textile
Fabric + Color + Finish,Material Combination,"purple lace, satin-sheen finish",purple lace fabric with openwork detail and delicate texture with a subtle satin-sheen finish with controlled luster,fabric material color finish textile
Fabric + Color + Finish,Material Combination,"lavender lace, matte finish",lavender lace fabric with openwork detail and delicate texture with a matte surface finish with minimal reflectivity,fabric material color finish textile
Fabric + Color + Finish,Material Combination,"lavender lace, glossy finish",lavender lace fabric with openwork detail and delicate texture with a glossy surface finish with stronger reflectivity,fabric material color finish textile
Fabric + Color + Finish,Material Combination,"lavender lace, brushed finish",lavender lace fabric with openwork detail and delicate texture with a brushed surface finish with softened diffused texture,fabric material color finish textile
Fabric + Color + Finish,Material Combination,"lavender lace, washed finish",lavender lace fabric with openwork detail and delicate texture with a washed finish with softened lived-in coloration,fabric material color finish textile
Fabric + Color + Finish,Material Combination,"lavender lace, distressed finish",lavender lace fabric with openwork detail and delicate texture with a distressed finish with visible wear character,fabric material color finish textile
Fabric + Color + Finish,Material Combination,"lavender lace, heathered finish",lavender lace fabric with openwork detail and delicate texture with a heathered finish with mixed tonal fibers,fabric material color finish textile
Fabric + Color + Finish,Material Combination,"lavender lace, marled finish",lavender lace fabric with openwork detail and delicate texture with a marled finish with blended multitone yarn appearance,fabric material color finish textile
Fabric + Color + Finish,Material Combination,"lavender lace, satin-sheen finish",lavender lace fabric with openwork detail and delicate texture with a subtle satin-sheen finish with controlled luster,fabric material color finish textile
Fabric + Color + Finish,Material Combination,"brown lace, matte finish",brown lace fabric with openwork detail and delicate texture with a matte surface finish with minimal reflectivity,fabric material color finish textile
Fabric + Color + Finish,Material Combination,"brown lace, glossy finish",brown lace fabric with openwork detail and delicate texture with a glossy surface finish with stronger reflectivity,fabric material color finish textile
Fabric + Color + Finish,Material Combination,"brown lace, brushed finish",brown lace fabric with openwork detail and delicate texture with a brushed surface finish with softened diffused texture,fabric material color finish textile
Fabric + Color + Finish,Material Combination,"brown lace, washed finish",brown lace fabric with openwork detail and delicate texture with a washed finish with softened lived-in coloration,fabric material color finish textile
Fabric + Color + Finish,Material Combination,"brown lace, distressed finish",brown lace fabric with openwork detail and delicate texture with a distressed finish with visible wear character,fabric material color finish textile
Fabric + Color + Finish,Material Combination,"brown lace, heathered finish",brown lace fabric with openwork detail and delicate texture with a heathered finish with mixed tonal fibers,fabric material color finish textile
Fabric + Color + Finish,Material Combination,"brown lace, marled finish",brown lace fabric with openwork detail and delicate texture with a marled finish with blended multitone yarn appearance,fabric material color finish textile
Fabric + Color + Finish,Material Combination,"brown lace, satin-sheen finish",brown lace fabric with openwork detail and delicate texture with a subtle satin-sheen finish with controlled luster,fabric material color finish textile
Fabric + Color + Finish,Material Combination,"tan lace, matte finish",tan lace fabric with openwork detail and delicate texture with a matte surface finish with minimal reflectivity,fabric material color finish textile
Fabric + Color + Finish,Material Combination,"tan lace, glossy finish",tan lace fabric with openwork detail and delicate texture with a glossy surface finish with stronger reflectivity,fabric material color finish textile
Fabric + Color + Finish,Material Combination,"tan lace, brushed finish",tan lace fabric with openwork detail and delicate texture with a brushed surface finish with softened diffused texture,fabric material color finish textile
Fabric + Color + Finish,Material Combination,"tan lace, washed finish",tan lace fabric with openwork detail and delicate texture with a washed finish with softened lived-in coloration,fabric material color finish textile
Fabric + Color + Finish,Material Combination,"tan lace, distressed finish",tan lace fabric with openwork detail and delicate texture with a distressed finish with visible wear character,fabric material color finish textile
Fabric + Color + Finish,Material Combination,"tan lace, heathered finish",tan lace fabric with openwork detail and delicate texture with a heathered finish with mixed tonal fibers,fabric material color finish textile
Fabric + Color + Finish,Material Combination,"tan lace, marled finish",tan lace fabric with openwork detail and delicate texture with a marled finish with blended multitone yarn appearance,fabric material color finish textile
Fabric + Color + Finish,Material Combination,"tan lace, satin-sheen finish",tan lace fabric with openwork detail and delicate texture with a subtle satin-sheen finish with controlled luster,fabric material color finish textile
Fabric + Color + Finish,Material Combination,"silver lace, matte finish",silver lace fabric with openwork detail and delicate texture with a matte surface finish with minimal reflectivity,fabric material color finish textile
Fabric + Color + Finish,Material Combination,"silver lace, glossy finish",silver lace fabric with openwork detail and delicate texture with a glossy surface finish with stronger reflectivity,fabric material color finish textile
Fabric + Color + Finish,Material Combination,"silver lace, brushed finish",silver lace fabric with openwork detail and delicate texture with a brushed surface finish with softened diffused texture,fabric material color finish textile
Fabric + Color + Finish,Material Combination,"silver lace, washed finish",silver lace fabric with openwork detail and delicate texture with a washed finish with softened lived-in coloration,fabric material color finish textile
Fabric + Color + Finish,Material Combination,"silver lace, distressed finish",silver lace fabric with openwork detail and delicate texture with a distressed finish with visible wear character,fabric material color finish textile
Fabric + Color + Finish,Material Combination,"silver lace, heathered finish",silver lace fabric with openwork detail and delicate texture with a heathered finish with mixed tonal fibers,fabric material color finish textile
Fabric + Color + Finish,Material Combination,"silver lace, marled finish",silver lace fabric with openwork detail and delicate texture with a marled finish with blended multitone yarn appearance,fabric material color finish textile
Fabric + Color + Finish,Material Combination,"silver lace, satin-sheen finish",silver lace fabric with openwork detail and delicate texture with a subtle satin-sheen finish with controlled luster,fabric material color finish textile
Fabric + Color + Finish,Material Combination,"gold lace, matte finish",gold lace fabric with openwork detail and delicate texture with a matte surface finish with minimal reflectivity,fabric material color finish textile
Fabric + Color + Finish,Material Combination,"gold lace, glossy finish",gold lace fabric with openwork detail and delicate texture with a glossy surface finish with stronger reflectivity,fabric material color finish textile
Fabric + Color + Finish,Material Combination,"gold lace, brushed finish",gold lace fabric with openwork detail and delicate texture with a brushed surface finish with softened diffused texture,fabric material color finish textile
Fabric + Color + Finish,Material Combination,"gold lace, washed finish",gold lace fabric with openwork detail and delicate texture with a washed finish with softened lived-in coloration,fabric material color finish textile
Fabric + Color + Finish,Material Combination,"gold lace, distressed finish",gold lace fabric with openwork detail and delicate texture with a distressed finish with visible wear character,fabric material color finish textile
Fabric + Color + Finish,Material Combination,"gold lace, heathered finish",gold lace fabric with openwork detail and delicate texture with a heathered finish with mixed tonal fibers,fabric material color finish textile
Fabric + Color + Finish,Material Combination,"gold lace, marled finish",gold lace fabric with openwork detail and delicate texture with a marled finish with blended multitone yarn appearance,fabric material color finish textile
Fabric + Color + Finish,Material Combination,"gold lace, satin-sheen finish",gold lace fabric with openwork detail and delicate texture with a subtle satin-sheen finish with controlled luster,fabric material color finish textile
Fabric + Color + Finish,Material Combination,"white fleece, matte finish",white fleece fabric with soft brushed surface with a matte surface finish with minimal reflectivity,fabric material color finish textile
Fabric + Color + Finish,Material Combination,"white fleece, glossy finish",white fleece fabric with soft brushed surface with a glossy surface finish with stronger reflectivity,fabric material color finish textile
Fabric + Color + Finish,Material Combination,"white fleece, brushed finish",white fleece fabric with soft brushed surface with a brushed surface finish with softened diffused texture,fabric material color finish textile
Fabric + Color + Finish,Material Combination,"white fleece, washed finish",white fleece fabric with soft brushed surface with a washed finish with softened lived-in coloration,fabric material color finish textile
Fabric + Color + Finish,Material Combination,"white fleece, distressed finish",white fleece fabric with soft brushed surface with a distressed finish with visible wear character,fabric material color finish textile
Fabric + Color + Finish,Material Combination,"white fleece, heathered finish",white fleece fabric with soft brushed surface with a heathered finish with mixed tonal fibers,fabric material color finish textile
Fabric + Color + Finish,Material Combination,"white fleece, marled finish",white fleece fabric with soft brushed surface with a marled finish with blended multitone yarn appearance,fabric material color finish textile
Fabric + Color + Finish,Material Combination,"white fleece, satin-sheen finish",white fleece fabric with soft brushed surface with a subtle satin-sheen finish with controlled luster,fabric material color finish textile
Fabric + Color + Finish,Material Combination,"black fleece, matte finish",black fleece fabric with soft brushed surface with a matte surface finish with minimal reflectivity,fabric material color finish textile
Fabric + Color + Finish,Material Combination,"black fleece, glossy finish",black fleece fabric with soft brushed surface with a glossy surface finish with stronger reflectivity,fabric material color finish textile
Fabric + Color + Finish,Material Combination,"black fleece, brushed finish",black fleece fabric with soft brushed surface with a brushed surface finish with softened diffused texture,fabric material color finish textile
Fabric + Color + Finish,Material Combination,"black fleece, washed finish",black fleece fabric with soft brushed surface with a washed finish with softened lived-in coloration,fabric material color finish textile
Fabric + Color + Finish,Material Combination,"black fleece, distressed finish",black fleece fabric with soft brushed surface with a distressed finish with visible wear character,fabric material color finish textile
Fabric + Color + Finish,Material Combination,"black fleece, heathered finish",black fleece fabric with soft brushed surface with a heathered finish with mixed tonal fibers,fabric material color finish textile
Fabric + Color + Finish,Material Combination,"black fleece, marled finish",black fleece fabric with soft brushed surface with a marled finish with blended multitone yarn appearance,fabric material color finish textile
Fabric + Color + Finish,Material Combination,"black fleece, satin-sheen finish",black fleece fabric with soft brushed surface with a subtle satin-sheen finish with controlled luster,fabric material color finish textile
Fabric + Color + Finish,Material Combination,"cream fleece, matte finish",cream fleece fabric with soft brushed surface with a matte surface finish with minimal reflectivity,fabric material color finish textile
Fabric + Color + Finish,Material Combination,"cream fleece, glossy finish",cream fleece fabric with soft brushed surface with a glossy surface finish with stronger reflectivity,fabric material color finish textile
Fabric + Color + Finish,Material Combination,"cream fleece, brushed finish",cream fleece fabric with soft brushed surface with a brushed surface finish with softened diffused texture,fabric material color finish textile
Fabric + Color + Finish,Material Combination,"cream fleece, washed finish",cream fleece fabric with soft brushed surface with a washed finish with softened lived-in coloration,fabric material color finish textile
Fabric + Color + Finish,Material Combination,"cream fleece, distressed finish",cream fleece fabric with soft brushed surface with a distressed finish with visible wear character,fabric material color finish textile
Fabric + Color + Finish,Material Combination,"cream fleece, heathered finish",cream fleece fabric with soft brushed surface with a heathered finish with mixed tonal fibers,fabric material color finish textile
Fabric + Color + Finish,Material Combination,"cream fleece, marled finish",cream fleece fabric with soft brushed surface with a marled finish with blended multitone yarn appearance,fabric material color finish textile
Fabric + Color + Finish,Material Combination,"cream fleece, satin-sheen finish",cream fleece fabric with soft brushed surface with a subtle satin-sheen finish with controlled luster,fabric material color finish textile
Fabric + Color + Finish,Material Combination,"beige fleece, matte finish",beige fleece fabric with soft brushed surface with a matte surface finish with minimal reflectivity,fabric material color finish textile
Fabric + Color + Finish,Material Combination,"beige fleece, glossy finish",beige fleece fabric with soft brushed surface with a glossy surface finish with stronger reflectivity,fabric material color finish textile
Fabric + Color + Finish,Material Combination,"beige fleece, brushed finish",beige fleece fabric with soft brushed surface with a brushed surface finish with softened diffused texture,fabric material color finish textile
Fabric + Color + Finish,Material Combination,"beige fleece, washed finish",beige fleece fabric with soft brushed surface with a washed finish with softened lived-in coloration,fabric material color finish textile
Fabric + Color + Finish,Material Combination,"beige fleece, distressed finish",beige fleece fabric with soft brushed surface with a distressed finish with visible wear character,fabric material color finish textile
Fabric + Color + Finish,Material Combination,"beige fleece, heathered finish",beige fleece fabric with soft brushed surface with a heathered finish with mixed tonal fibers,fabric material color finish textile
Fabric + Color + Finish,Material Combination,"beige fleece, marled finish",beige fleece fabric with soft brushed surface with a marled finish with blended multitone yarn appearance,fabric material color finish textile
Fabric + Color + Finish,Material Combination,"beige fleece, satin-sheen finish",beige fleece fabric with soft brushed surface with a subtle satin-sheen finish with controlled luster,fabric material color finish textile
Fabric + Color + Finish,Material Combination,"camel fleece, matte finish",camel fleece fabric with soft brushed surface with a matte surface finish with minimal reflectivity,fabric material color finish textile
Fabric + Color + Finish,Material Combination,"camel fleece, glossy finish",camel fleece fabric with soft brushed surface with a glossy surface finish with stronger reflectivity,fabric material color finish textile
Fabric + Color + Finish,Material Combination,"camel fleece, brushed finish",camel fleece fabric with soft brushed surface with a brushed surface finish with softened diffused texture,fabric material color finish textile
Fabric + Color + Finish,Material Combination,"camel fleece, washed finish",camel fleece fabric with soft brushed surface with a washed finish with softened lived-in coloration,fabric material color finish textile
Fabric + Color + Finish,Material Combination,"camel fleece, distressed finish",camel fleece fabric with soft brushed surface with a distressed finish with visible wear character,fabric material color finish textile
Fabric + Color + Finish,Material Combination,"camel fleece, heathered finish",camel fleece fabric with soft brushed surface with a heathered finish with mixed tonal fibers,fabric material color finish textile
Fabric + Color + Finish,Material Combination,"camel fleece, marled finish",camel fleece fabric with soft brushed surface with a marled finish with blended multitone yarn appearance,fabric material color finish textile
Fabric + Color + Finish,Material Combination,"camel fleece, satin-sheen finish",camel fleece fabric with soft brushed surface with a subtle satin-sheen finish with controlled luster,fabric material color finish textile
Fabric + Color + Finish,Material Combination,"gray fleece, matte finish",gray fleece fabric with soft brushed surface with a matte surface finish with minimal reflectivity,fabric material color finish textile
Fabric + Color + Finish,Material Combination,"gray fleece, glossy finish",gray fleece fabric with soft brushed surface with a glossy surface finish with stronger reflectivity,fabric material color finish textile
Fabric + Color + Finish,Material Combination,"gray fleece, brushed finish",gray fleece fabric with soft brushed surface with a brushed surface finish with softened diffused texture,fabric material color finish textile
Fabric + Color + Finish,Material Combination,"gray fleece, washed finish",gray fleece fabric with soft brushed surface with a washed finish with softened lived-in coloration,fabric material color finish textile
Fabric + Color + Finish,Material Combination,"gray fleece, distressed finish",gray fleece fabric with soft brushed surface with a distressed finish with visible wear character,fabric material color finish textile
Fabric + Color + Finish,Material Combination,"gray fleece, heathered finish",gray fleece fabric with soft brushed surface with a heathered finish with mixed tonal fibers,fabric material color finish textile
Fabric + Color + Finish,Material Combination,"gray fleece, marled finish",gray fleece fabric with soft brushed surface with a marled finish with blended multitone yarn appearance,fabric material color finish textile
Fabric + Color + Finish,Material Combination,"gray fleece, satin-sheen finish",gray fleece fabric with soft brushed surface with a subtle satin-sheen finish with controlled luster,fabric material color finish textile
Fabric + Color + Finish,Material Combination,"charcoal fleece, matte finish",charcoal fleece fabric with soft brushed surface with a matte surface finish with minimal reflectivity,fabric material color finish textile
Fabric + Color + Finish,Material Combination,"charcoal fleece, glossy finish",charcoal fleece fabric with soft brushed surface with a glossy surface finish with stronger reflectivity,fabric material color finish textile
Fabric + Color + Finish,Material Combination,"charcoal fleece, brushed finish",charcoal fleece fabric with soft brushed surface with a brushed surface finish with softened diffused texture,fabric material color finish textile
Fabric + Color + Finish,Material Combination,"charcoal fleece, washed finish",charcoal fleece fabric with soft brushed surface with a washed finish with softened lived-in coloration,fabric material color finish textile
Fabric + Color + Finish,Material Combination,"charcoal fleece, distressed finish",charcoal fleece fabric with soft brushed surface with a distressed finish with visible wear character,fabric material color finish textile
Fabric + Color + Finish,Material Combination,"charcoal fleece, heathered finish",charcoal fleece fabric with soft brushed surface with a heathered finish with mixed tonal fibers,fabric material color finish textile
Fabric + Color + Finish,Material Combination,"charcoal fleece, marled finish",charcoal fleece fabric with soft brushed surface with a marled finish with blended multitone yarn appearance,fabric material color finish textile
Fabric + Color + Finish,Material Combination,"charcoal fleece, satin-sheen finish",charcoal fleece fabric with soft brushed surface with a subtle satin-sheen finish with controlled luster,fabric material color finish textile
Fabric + Color + Finish,Material Combination,"navy fleece, matte finish",navy fleece fabric with soft brushed surface with a matte surface finish with minimal reflectivity,fabric material color finish textile
Fabric + Color + Finish,Material Combination,"navy fleece, glossy finish",navy fleece fabric with soft brushed surface with a glossy surface finish with stronger reflectivity,fabric material color finish textile
Fabric + Color + Finish,Material Combination,"navy fleece, brushed finish",navy fleece fabric with soft brushed surface with a brushed surface finish with softened diffused texture,fabric material color finish textile
Fabric + Color + Finish,Material Combination,"navy fleece, washed finish",navy fleece fabric with soft brushed surface with a washed finish with softened lived-in coloration,fabric material color finish textile
Fabric + Color + Finish,Material Combination,"navy fleece, distressed finish",navy fleece fabric with soft brushed surface with a distressed finish with visible wear character,fabric material color finish textile
Fabric + Color + Finish,Material Combination,"navy fleece, heathered finish",navy fleece fabric with soft brushed surface with a heathered finish with mixed tonal fibers,fabric material color finish textile
Fabric + Color + Finish,Material Combination,"navy fleece, marled finish",navy fleece fabric with soft brushed surface with a marled finish with blended multitone yarn appearance,fabric material color finish textile
Fabric + Color + Finish,Material Combination,"navy fleece, satin-sheen finish",navy fleece fabric with soft brushed surface with a subtle satin-sheen finish with controlled luster,fabric material color finish textile
Fabric + Color + Finish,Material Combination,"royal blue fleece, matte finish",royal blue fleece fabric with soft brushed surface with a matte surface finish with minimal reflectivity,fabric material color finish textile
Fabric + Color + Finish,Material Combination,"royal blue fleece, glossy finish",royal blue fleece fabric with soft brushed surface with a glossy surface finish with stronger reflectivity,fabric material color finish textile
Fabric + Color + Finish,Material Combination,"royal blue fleece, brushed finish",royal blue fleece fabric with soft brushed surface with a brushed surface finish with softened diffused texture,fabric material color finish textile
Fabric + Color + Finish,Material Combination,"royal blue fleece, washed finish",royal blue fleece fabric with soft brushed surface with a washed finish with softened lived-in coloration,fabric material color finish textile
Fabric + Color + Finish,Material Combination,"royal blue fleece, distressed finish",royal blue fleece fabric with soft brushed surface with a distressed finish with visible wear character,fabric material color finish textile
Fabric + Color + Finish,Material Combination,"royal blue fleece, heathered finish",royal blue fleece fabric with soft brushed surface with a heathered finish with mixed tonal fibers,fabric material color finish textile
Fabric + Color + Finish,Material Combination,"royal blue fleece, marled finish",royal blue fleece fabric with soft brushed surface with a marled finish with blended multitone yarn appearance,fabric material color finish textile
Fabric + Color + Finish,Material Combination,"royal blue fleece, satin-sheen finish",royal blue fleece fabric with soft brushed surface with a subtle satin-sheen finish with controlled luster,fabric material color finish textile
Fabric + Color + Finish,Material Combination,"sky blue fleece, matte finish",sky blue fleece fabric with soft brushed surface with a matte surface finish with minimal reflectivity,fabric material color finish textile
Fabric + Color + Finish,Material Combination,"sky blue fleece, glossy finish",sky blue fleece fabric with soft brushed surface with a glossy surface finish with stronger reflectivity,fabric material color finish textile
Fabric + Color + Finish,Material Combination,"sky blue fleece, brushed finish",sky blue fleece fabric with soft brushed surface with a brushed surface finish with softened diffused texture,fabric material color finish textile
Fabric + Color + Finish,Material Combination,"sky blue fleece, washed finish",sky blue fleece fabric with soft brushed surface with a washed finish with softened lived-in coloration,fabric material color finish textile
Fabric + Color + Finish,Material Combination,"sky blue fleece, distressed finish",sky blue fleece fabric with soft brushed surface with a distressed finish with visible wear character,fabric material color finish textile
Fabric + Color + Finish,Material Combination,"sky blue fleece, heathered finish",sky blue fleece fabric with soft brushed surface with a heathered finish with mixed tonal fibers,fabric material color finish textile
Fabric + Color + Finish,Material Combination,"sky blue fleece, marled finish",sky blue fleece fabric with soft brushed surface with a marled finish with blended multitone yarn appearance,fabric material color finish textile
Fabric + Color + Finish,Material Combination,"sky blue fleece, satin-sheen finish",sky blue fleece fabric with soft brushed surface with a subtle satin-sheen finish with controlled luster,fabric material color finish textile
Fabric + Color + Finish,Material Combination,"red fleece, matte finish",red fleece fabric with soft brushed surface with a matte surface finish with minimal reflectivity,fabric material color finish textile
Fabric + Color + Finish,Material Combination,"red fleece, glossy finish",red fleece fabric with soft brushed surface with a glossy surface finish with stronger reflectivity,fabric material color finish textile
Fabric + Color + Finish,Material Combination,"red fleece, brushed finish",red fleece fabric with soft brushed surface with a brushed surface finish with softened diffused texture,fabric material color finish textile
Fabric + Color + Finish,Material Combination,"red fleece, washed finish",red fleece fabric with soft brushed surface with a washed finish with softened lived-in coloration,fabric material color finish textile
Fabric + Color + Finish,Material Combination,"red fleece, distressed finish",red fleece fabric with soft brushed surface with a distressed finish with visible wear character,fabric material color finish textile
Fabric + Color + Finish,Material Combination,"red fleece, heathered finish",red fleece fabric with soft brushed surface with a heathered finish with mixed tonal fibers,fabric material color finish textile
Fabric + Color + Finish,Material Combination,"red fleece, marled finish",red fleece fabric with soft brushed surface with a marled finish with blended multitone yarn appearance,fabric material color finish textile
Fabric + Color + Finish,Material Combination,"red fleece, satin-sheen finish",red fleece fabric with soft brushed surface with a subtle satin-sheen finish with controlled luster,fabric material color finish textile
Fabric + Color + Finish,Material Combination,"burgundy fleece, matte finish",burgundy fleece fabric with soft brushed surface with a matte surface finish with minimal reflectivity,fabric material color finish textile
Fabric + Color + Finish,Material Combination,"burgundy fleece, glossy finish",burgundy fleece fabric with soft brushed surface with a glossy surface finish with stronger reflectivity,fabric material color finish textile
Fabric + Color + Finish,Material Combination,"burgundy fleece, brushed finish",burgundy fleece fabric with soft brushed surface with a brushed surface finish with softened diffused texture,fabric material color finish textile
Fabric + Color + Finish,Material Combination,"burgundy fleece, washed finish",burgundy fleece fabric with soft brushed surface with a washed finish with softened lived-in coloration,fabric material color finish textile
Fabric + Color + Finish,Material Combination,"burgundy fleece, distressed finish",burgundy fleece fabric with soft brushed surface with a distressed finish with visible wear character,fabric material color finish textile
Fabric + Color + Finish,Material Combination,"burgundy fleece, heathered finish",burgundy fleece fabric with soft brushed surface with a heathered finish with mixed tonal fibers,fabric material color finish textile
Fabric + Color + Finish,Material Combination,"burgundy fleece, marled finish",burgundy fleece fabric with soft brushed surface with a marled finish with blended multitone yarn appearance,fabric material color finish textile
Fabric + Color + Finish,Material Combination,"burgundy fleece, satin-sheen finish",burgundy fleece fabric with soft brushed surface with a subtle satin-sheen finish with controlled luster,fabric material color finish textile
Fabric + Color + Finish,Material Combination,"pink fleece, matte finish",pink fleece fabric with soft brushed surface with a matte surface finish with minimal reflectivity,fabric material color finish textile
Fabric + Color + Finish,Material Combination,"pink fleece, glossy finish",pink fleece fabric with soft brushed surface with a glossy surface finish with stronger reflectivity,fabric material color finish textile
Fabric + Color + Finish,Material Combination,"pink fleece, brushed finish",pink fleece fabric with soft brushed surface with a brushed surface finish with softened diffused texture,fabric material color finish textile
Fabric + Color + Finish,Material Combination,"pink fleece, washed finish",pink fleece fabric with soft brushed surface with a washed finish with softened lived-in coloration,fabric material color finish textile
Fabric + Color + Finish,Material Combination,"pink fleece, distressed finish",pink fleece fabric with soft brushed surface with a distressed finish with visible wear character,fabric material color finish textile
Fabric + Color + Finish,Material Combination,"pink fleece, heathered finish",pink fleece fabric with soft brushed surface with a heathered finish with mixed tonal fibers,fabric material color finish textile
Fabric + Color + Finish,Material Combination,"pink fleece, marled finish",pink fleece fabric with soft brushed surface with a marled finish with blended multitone yarn appearance,fabric material color finish textile
Fabric + Color + Finish,Material Combination,"pink fleece, satin-sheen finish",pink fleece fabric with soft brushed surface with a subtle satin-sheen finish with controlled luster,fabric material color finish textile
Fabric + Color + Finish,Material Combination,"hot pink fleece, matte finish",hot pink fleece fabric with soft brushed surface with a matte surface finish with minimal reflectivity,fabric material color finish textile
Fabric + Color + Finish,Material Combination,"hot pink fleece, glossy finish",hot pink fleece fabric with soft brushed surface with a glossy surface finish with stronger reflectivity,fabric material color finish textile
Fabric + Color + Finish,Material Combination,"hot pink fleece, brushed finish",hot pink fleece fabric with soft brushed surface with a brushed surface finish with softened diffused texture,fabric material color finish textile
Fabric + Color + Finish,Material Combination,"hot pink fleece, washed finish",hot pink fleece fabric with soft brushed surface with a washed finish with softened lived-in coloration,fabric material color finish textile
Fabric + Color + Finish,Material Combination,"hot pink fleece, distressed finish",hot pink fleece fabric with soft brushed surface with a distressed finish with visible wear character,fabric material color finish textile
Fabric + Color + Finish,Material Combination,"hot pink fleece, heathered finish",hot pink fleece fabric with soft brushed surface with a heathered finish with mixed tonal fibers,fabric material color finish textile
Fabric + Color + Finish,Material Combination,"hot pink fleece, marled finish",hot pink fleece fabric with soft brushed surface with a marled finish with blended multitone yarn appearance,fabric material color finish textile
Fabric + Color + Finish,Material Combination,"hot pink fleece, satin-sheen finish",hot pink fleece fabric with soft brushed surface with a subtle satin-sheen finish with controlled luster,fabric material color finish textile
Fabric + Color + Finish,Material Combination,"orange fleece, matte finish",orange fleece fabric with soft brushed surface with a matte surface finish with minimal reflectivity,fabric material color finish textile
Fabric + Color + Finish,Material Combination,"orange fleece, glossy finish",orange fleece fabric with soft brushed surface with a glossy surface finish with stronger reflectivity,fabric material color finish textile
Fabric + Color + Finish,Material Combination,"orange fleece, brushed finish",orange fleece fabric with soft brushed surface with a brushed surface finish with softened diffused texture,fabric material color finish textile
Fabric + Color + Finish,Material Combination,"orange fleece, washed finish",orange fleece fabric with soft brushed surface with a washed finish with softened lived-in coloration,fabric material color finish textile
Fabric + Color + Finish,Material Combination,"orange fleece, distressed finish",orange fleece fabric with soft brushed surface with a distressed finish with visible wear character,fabric material color finish textile
Fabric + Color + Finish,Material Combination,"orange fleece, heathered finish",orange fleece fabric with soft brushed surface with a heathered finish with mixed tonal fibers,fabric material color finish textile
Fabric + Color + Finish,Material Combination,"orange fleece, marled finish",orange fleece fabric with soft brushed surface with a marled finish with blended multitone yarn appearance,fabric material color finish textile
Fabric + Color + Finish,Material Combination,"orange fleece, satin-sheen finish",orange fleece fabric with soft brushed surface with a subtle satin-sheen finish with controlled luster,fabric material color finish textile
Fabric + Color + Finish,Material Combination,"yellow fleece, matte finish",yellow fleece fabric with soft brushed surface with a matte surface finish with minimal reflectivity,fabric material color finish textile
Fabric + Color + Finish,Material Combination,"yellow fleece, glossy finish",yellow fleece fabric with soft brushed surface with a glossy surface finish with stronger reflectivity,fabric material color finish textile
Fabric + Color + Finish,Material Combination,"yellow fleece, brushed finish",yellow fleece fabric with soft brushed surface with a brushed surface finish with softened diffused texture,fabric material color finish textile
Fabric + Color + Finish,Material Combination,"yellow fleece, washed finish",yellow fleece fabric with soft brushed surface with a washed finish with softened lived-in coloration,fabric material color finish textile
Fabric + Color + Finish,Material Combination,"yellow fleece, distressed finish",yellow fleece fabric with soft brushed surface with a distressed finish with visible wear character,fabric material color finish textile
Fabric + Color + Finish,Material Combination,"yellow fleece, heathered finish",yellow fleece fabric with soft brushed surface with a heathered finish with mixed tonal fibers,fabric material color finish textile
Fabric + Color + Finish,Material Combination,"yellow fleece, marled finish",yellow fleece fabric with soft brushed surface with a marled finish with blended multitone yarn appearance,fabric material color finish textile
Fabric + Color + Finish,Material Combination,"yellow fleece, satin-sheen finish",yellow fleece fabric with soft brushed surface with a subtle satin-sheen finish with controlled luster,fabric material color finish textile
Fabric + Color + Finish,Material Combination,"olive green fleece, matte finish",olive green fleece fabric with soft brushed surface with a matte surface finish with minimal reflectivity,fabric material color finish textile
Fabric + Color + Finish,Material Combination,"olive green fleece, glossy finish",olive green fleece fabric with soft brushed surface with a glossy surface finish with stronger reflectivity,fabric material color finish textile
Fabric + Color + Finish,Material Combination,"olive green fleece, brushed finish",olive green fleece fabric with soft brushed surface with a brushed surface finish with softened diffused texture,fabric material color finish textile
Fabric + Color + Finish,Material Combination,"olive green fleece, washed finish",olive green fleece fabric with soft brushed surface with a washed finish with softened lived-in coloration,fabric material color finish textile
Fabric + Color + Finish,Material Combination,"olive green fleece, distressed finish",olive green fleece fabric with soft brushed surface with a distressed finish with visible wear character,fabric material color finish textile
Fabric + Color + Finish,Material Combination,"olive green fleece, heathered finish",olive green fleece fabric with soft brushed surface with a heathered finish with mixed tonal fibers,fabric material color finish textile
Fabric + Color + Finish,Material Combination,"olive green fleece, marled finish",olive green fleece fabric with soft brushed surface with a marled finish with blended multitone yarn appearance,fabric material color finish textile
Fabric + Color + Finish,Material Combination,"olive green fleece, satin-sheen finish",olive green fleece fabric with soft brushed surface with a subtle satin-sheen finish with controlled luster,fabric material color finish textile
Fabric + Color + Finish,Material Combination,"sage green fleece, matte finish",sage green fleece fabric with soft brushed surface with a matte surface finish with minimal reflectivity,fabric material color finish textile
Fabric + Color + Finish,Material Combination,"sage green fleece, glossy finish",sage green fleece fabric with soft brushed surface with a glossy surface finish with stronger reflectivity,fabric material color finish textile
Fabric + Color + Finish,Material Combination,"sage green fleece, brushed finish",sage green fleece fabric with soft brushed surface with a brushed surface finish with softened diffused texture,fabric material color finish textile
Fabric + Color + Finish,Material Combination,"sage green fleece, washed finish",sage green fleece fabric with soft brushed surface with a washed finish with softened lived-in coloration,fabric material color finish textile
Fabric + Color + Finish,Material Combination,"sage green fleece, distressed finish",sage green fleece fabric with soft brushed surface with a distressed finish with visible wear character,fabric material color finish textile
Fabric + Color + Finish,Material Combination,"sage green fleece, heathered finish",sage green fleece fabric with soft brushed surface with a heathered finish with mixed tonal fibers,fabric material color finish textile
Fabric + Color + Finish,Material Combination,"sage green fleece, marled finish",sage green fleece fabric with soft brushed surface with a marled finish with blended multitone yarn appearance,fabric material color finish textile
Fabric + Color + Finish,Material Combination,"sage green fleece, satin-sheen finish",sage green fleece fabric with soft brushed surface with a subtle satin-sheen finish with controlled luster,fabric material color finish textile
Fabric + Color + Finish,Material Combination,"emerald green fleece, matte finish",emerald green fleece fabric with soft brushed surface with a matte surface finish with minimal reflectivity,fabric material color finish textile
Fabric + Color + Finish,Material Combination,"emerald green fleece, glossy finish",emerald green fleece fabric with soft brushed surface with a glossy surface finish with stronger reflectivity,fabric material color finish textile
Fabric + Color + Finish,Material Combination,"emerald green fleece, brushed finish",emerald green fleece fabric with soft brushed surface with a brushed surface finish with softened diffused texture,fabric material color finish textile
Fabric + Color + Finish,Material Combination,"emerald green fleece, washed finish",emerald green fleece fabric with soft brushed surface with a washed finish with softened lived-in coloration,fabric material color finish textile
Fabric + Color + Finish,Material Combination,"emerald green fleece, distressed finish",emerald green fleece fabric with soft brushed surface with a distressed finish with visible wear character,fabric material color finish textile
Fabric + Color + Finish,Material Combination,"emerald green fleece, heathered finish",emerald green fleece fabric with soft brushed surface with a heathered finish with mixed tonal fibers,fabric material color finish textile
Fabric + Color + Finish,Material Combination,"emerald green fleece, marled finish",emerald green fleece fabric with soft brushed surface with a marled finish with blended multitone yarn appearance,fabric material color finish textile
Fabric + Color + Finish,Material Combination,"emerald green fleece, satin-sheen finish",emerald green fleece fabric with soft brushed surface with a subtle satin-sheen finish with controlled luster,fabric material color finish textile
Fabric + Color + Finish,Material Combination,"teal fleece, matte finish",teal fleece fabric with soft brushed surface with a matte surface finish with minimal reflectivity,fabric material color finish textile
Fabric + Color + Finish,Material Combination,"teal fleece, glossy finish",teal fleece fabric with soft brushed surface with a glossy surface finish with stronger reflectivity,fabric material color finish textile
Fabric + Color + Finish,Material Combination,"teal fleece, brushed finish",teal fleece fabric with soft brushed surface with a brushed surface finish with softened diffused texture,fabric material color finish textile
Fabric + Color + Finish,Material Combination,"teal fleece, washed finish",teal fleece fabric with soft brushed surface with a washed finish with softened lived-in coloration,fabric material color finish textile
Fabric + Color + Finish,Material Combination,"teal fleece, distressed finish",teal fleece fabric with soft brushed surface with a distressed finish with visible wear character,fabric material color finish textile
Fabric + Color + Finish,Material Combination,"teal fleece, heathered finish",teal fleece fabric with soft brushed surface with a heathered finish with mixed tonal fibers,fabric material color finish textile
Fabric + Color + Finish,Material Combination,"teal fleece, marled finish",teal fleece fabric with soft brushed surface with a marled finish with blended multitone yarn appearance,fabric material color finish textile
Fabric + Color + Finish,Material Combination,"teal fleece, satin-sheen finish",teal fleece fabric with soft brushed surface with a subtle satin-sheen finish with controlled luster,fabric material color finish textile
Fabric + Color + Finish,Material Combination,"purple fleece, matte finish",purple fleece fabric with soft brushed surface with a matte surface finish with minimal reflectivity,fabric material color finish textile
Fabric + Color + Finish,Material Combination,"purple fleece, glossy finish",purple fleece fabric with soft brushed surface with a glossy surface finish with stronger reflectivity,fabric material color finish textile
Fabric + Color + Finish,Material Combination,"purple fleece, brushed finish",purple fleece fabric with soft brushed surface with a brushed surface finish with softened diffused texture,fabric material color finish textile
Fabric + Color + Finish,Material Combination,"purple fleece, washed finish",purple fleece fabric with soft brushed surface with a washed finish with softened lived-in coloration,fabric material color finish textile
Fabric + Color + Finish,Material Combination,"purple fleece, distressed finish",purple fleece fabric with soft brushed surface with a distressed finish with visible wear character,fabric material color finish textile
Fabric + Color + Finish,Material Combination,"purple fleece, heathered finish",purple fleece fabric with soft brushed surface with a heathered finish with mixed tonal fibers,fabric material color finish textile
Fabric + Color + Finish,Material Combination,"purple fleece, marled finish",purple fleece fabric with soft brushed surface with a marled finish with blended multitone yarn appearance,fabric material color finish textile
Fabric + Color + Finish,Material Combination,"purple fleece, satin-sheen finish",purple fleece fabric with soft brushed surface with a subtle satin-sheen finish with controlled luster,fabric material color finish textile
Fabric + Color + Finish,Material Combination,"lavender fleece, matte finish",lavender fleece fabric with soft brushed surface with a matte surface finish with minimal reflectivity,fabric material color finish textile
Fabric + Color + Finish,Material Combination,"lavender fleece, glossy finish",lavender fleece fabric with soft brushed surface with a glossy surface finish with stronger reflectivity,fabric material color finish textile
Fabric + Color + Finish,Material Combination,"lavender fleece, brushed finish",lavender fleece fabric with soft brushed surface with a brushed surface finish with softened diffused texture,fabric material color finish textile
Fabric + Color + Finish,Material Combination,"lavender fleece, washed finish",lavender fleece fabric with soft brushed surface with a washed finish with softened lived-in coloration,fabric material color finish textile
Fabric + Color + Finish,Material Combination,"lavender fleece, distressed finish",lavender fleece fabric with soft brushed surface with a distressed finish with visible wear character,fabric material color finish textile
Fabric + Color + Finish,Material Combination,"lavender fleece, heathered finish",lavender fleece fabric with soft brushed surface with a heathered finish with mixed tonal fibers,fabric material color finish textile
Fabric + Color + Finish,Material Combination,"lavender fleece, marled finish",lavender fleece fabric with soft brushed surface with a marled finish with blended multitone yarn appearance,fabric material color finish textile
Fabric + Color + Finish,Material Combination,"lavender fleece, satin-sheen finish",lavender fleece fabric with soft brushed surface with a subtle satin-sheen finish with controlled luster,fabric material color finish textile
Fabric + Color + Finish,Material Combination,"brown fleece, matte finish",brown fleece fabric with soft brushed surface with a matte surface finish with minimal reflectivity,fabric material color finish textile
Fabric + Color + Finish,Material Combination,"brown fleece, glossy finish",brown fleece fabric with soft brushed surface with a glossy surface finish with stronger reflectivity,fabric material color finish textile
Fabric + Color + Finish,Material Combination,"brown fleece, brushed finish",brown fleece fabric with soft brushed surface with a brushed surface finish with softened diffused texture,fabric material color finish textile
Fabric + Color + Finish,Material Combination,"brown fleece, washed finish",brown fleece fabric with soft brushed surface with a washed finish with softened lived-in coloration,fabric material color finish textile
Fabric + Color + Finish,Material Combination,"brown fleece, distressed finish",brown fleece fabric with soft brushed surface with a distressed finish with visible wear character,fabric material color finish textile
Fabric + Color + Finish,Material Combination,"brown fleece, heathered finish",brown fleece fabric with soft brushed surface with a heathered finish with mixed tonal fibers,fabric material color finish textile
Fabric + Color + Finish,Material Combination,"brown fleece, marled finish",brown fleece fabric with soft brushed surface with a marled finish with blended multitone yarn appearance,fabric material color finish textile
Fabric + Color + Finish,Material Combination,"brown fleece, satin-sheen finish",brown fleece fabric with soft brushed surface with a subtle satin-sheen finish with controlled luster,fabric material color finish textile
Fabric + Color + Finish,Material Combination,"tan fleece, matte finish",tan fleece fabric with soft brushed surface with a matte surface finish with minimal reflectivity,fabric material color finish textile
Fabric + Color + Finish,Material Combination,"tan fleece, glossy finish",tan fleece fabric with soft brushed surface with a glossy surface finish with stronger reflectivity,fabric material color finish textile
Fabric + Color + Finish,Material Combination,"tan fleece, brushed finish",tan fleece fabric with soft brushed surface with a brushed surface finish with softened diffused texture,fabric material color finish textile
Fabric + Color + Finish,Material Combination,"tan fleece, washed finish",tan fleece fabric with soft brushed surface with a washed finish with softened lived-in coloration,fabric material color finish textile
Fabric + Color + Finish,Material Combination,"tan fleece, distressed finish",tan fleece fabric with soft brushed surface with a distressed finish with visible wear character,fabric material color finish textile
Fabric + Color + Finish,Material Combination,"tan fleece, heathered finish",tan fleece fabric with soft brushed surface with a heathered finish with mixed tonal fibers,fabric material color finish textile
Fabric + Color + Finish,Material Combination,"tan fleece, marled finish",tan fleece fabric with soft brushed surface with a marled finish with blended multitone yarn appearance,fabric material color finish textile
Fabric + Color + Finish,Material Combination,"tan fleece, satin-sheen finish",tan fleece fabric with soft brushed surface with a subtle satin-sheen finish with controlled luster,fabric material color finish textile
Fabric + Color + Finish,Material Combination,"silver fleece, matte finish",silver fleece fabric with soft brushed surface with a matte surface finish with minimal reflectivity,fabric material color finish textile
Fabric + Color + Finish,Material Combination,"silver fleece, glossy finish",silver fleece fabric with soft brushed surface with a glossy surface finish with stronger reflectivity,fabric material color finish textile
Fabric + Color + Finish,Material Combination,"silver fleece, brushed finish",silver fleece fabric with soft brushed surface with a brushed surface finish with softened diffused texture,fabric material color finish textile
Fabric + Color + Finish,Material Combination,"silver fleece, washed finish",silver fleece fabric with soft brushed surface with a washed finish with softened lived-in coloration,fabric material color finish textile
Fabric + Color + Finish,Material Combination,"silver fleece, distressed finish",silver fleece fabric with soft brushed surface with a distressed finish with visible wear character,fabric material color finish textile
Fabric + Color + Finish,Material Combination,"silver fleece, heathered finish",silver fleece fabric with soft brushed surface with a heathered finish with mixed tonal fibers,fabric material color finish textile
Fabric + Color + Finish,Material Combination,"silver fleece, marled finish",silver fleece fabric with soft brushed surface with a marled finish with blended multitone yarn appearance,fabric material color finish textile
Fabric + Color + Finish,Material Combination,"silver fleece, satin-sheen finish",silver fleece fabric with soft brushed surface with a subtle satin-sheen finish with controlled luster,fabric material color finish textile
Fabric + Color + Finish,Material Combination,"gold fleece, matte finish",gold fleece fabric with soft brushed surface with a matte surface finish with minimal reflectivity,fabric material color finish textile
Fabric + Color + Finish,Material Combination,"gold fleece, glossy finish",gold fleece fabric with soft brushed surface with a glossy surface finish with stronger reflectivity,fabric material color finish textile
Fabric + Color + Finish,Material Combination,"gold fleece, brushed finish",gold fleece fabric with soft brushed surface with a brushed surface finish with softened diffused texture,fabric material color finish textile
Fabric + Color + Finish,Material Combination,"gold fleece, washed finish",gold fleece fabric with soft brushed surface with a washed finish with softened lived-in coloration,fabric material color finish textile
Fabric + Color + Finish,Material Combination,"gold fleece, distressed finish",gold fleece fabric with soft brushed surface with a distressed finish with visible wear character,fabric material color finish textile
Fabric + Color + Finish,Material Combination,"gold fleece, heathered finish",gold fleece fabric with soft brushed surface with a heathered finish with mixed tonal fibers,fabric material color finish textile
Fabric + Color + Finish,Material Combination,"gold fleece, marled finish",gold fleece fabric with soft brushed surface with a marled finish with blended multitone yarn appearance,fabric material color finish textile
Fabric + Color + Finish,Material Combination,"gold fleece, satin-sheen finish",gold fleece fabric with soft brushed surface with a subtle satin-sheen finish with controlled luster,fabric material color finish textile
Fabric + Color + Finish,Material Combination,"white terry cloth, matte finish",white terry-cloth fabric with looped absorbent texture with a matte surface finish with minimal reflectivity,fabric material color finish textile
Fabric + Color + Finish,Material Combination,"white terry cloth, glossy finish",white terry-cloth fabric with looped absorbent texture with a glossy surface finish with stronger reflectivity,fabric material color finish textile
Fabric + Color + Finish,Material Combination,"white terry cloth, brushed finish",white terry-cloth fabric with looped absorbent texture with a brushed surface finish with softened diffused texture,fabric material color finish textile
Fabric + Color + Finish,Material Combination,"white terry cloth, washed finish",white terry-cloth fabric with looped absorbent texture with a washed finish with softened lived-in coloration,fabric material color finish textile
Fabric + Color + Finish,Material Combination,"white terry cloth, distressed finish",white terry-cloth fabric with looped absorbent texture with a distressed finish with visible wear character,fabric material color finish textile
Fabric + Color + Finish,Material Combination,"white terry cloth, heathered finish",white terry-cloth fabric with looped absorbent texture with a heathered finish with mixed tonal fibers,fabric material color finish textile
Fabric + Color + Finish,Material Combination,"white terry cloth, marled finish",white terry-cloth fabric with looped absorbent texture with a marled finish with blended multitone yarn appearance,fabric material color finish textile
Fabric + Color + Finish,Material Combination,"white terry cloth, satin-sheen finish",white terry-cloth fabric with looped absorbent texture with a subtle satin-sheen finish with controlled luster,fabric material color finish textile
Fabric + Color + Finish,Material Combination,"black terry cloth, matte finish",black terry-cloth fabric with looped absorbent texture with a matte surface finish with minimal reflectivity,fabric material color finish textile
Fabric + Color + Finish,Material Combination,"black terry cloth, glossy finish",black terry-cloth fabric with looped absorbent texture with a glossy surface finish with stronger reflectivity,fabric material color finish textile
Fabric + Color + Finish,Material Combination,"black terry cloth, brushed finish",black terry-cloth fabric with looped absorbent texture with a brushed surface finish with softened diffused texture,fabric material color finish textile
Fabric + Color + Finish,Material Combination,"black terry cloth, washed finish",black terry-cloth fabric with looped absorbent texture with a washed finish with softened lived-in coloration,fabric material color finish textile
Fabric + Color + Finish,Material Combination,"black terry cloth, distressed finish",black terry-cloth fabric with looped absorbent texture with a distressed finish with visible wear character,fabric material color finish textile
Fabric + Color + Finish,Material Combination,"black terry cloth, heathered finish",black terry-cloth fabric with looped absorbent texture with a heathered finish with mixed tonal fibers,fabric material color finish textile
Fabric + Color + Finish,Material Combination,"black terry cloth, marled finish",black terry-cloth fabric with looped absorbent texture with a marled finish with blended multitone yarn appearance,fabric material color finish textile
Fabric + Color + Finish,Material Combination,"black terry cloth, satin-sheen finish",black terry-cloth fabric with looped absorbent texture with a subtle satin-sheen finish with controlled luster,fabric material color finish textile
Fabric + Color + Finish,Material Combination,"cream terry cloth, matte finish",cream terry-cloth fabric with looped absorbent texture with a matte surface finish with minimal reflectivity,fabric material color finish textile
Fabric + Color + Finish,Material Combination,"cream terry cloth, glossy finish",cream terry-cloth fabric with looped absorbent texture with a glossy surface finish with stronger reflectivity,fabric material color finish textile
Fabric + Color + Finish,Material Combination,"cream terry cloth, brushed finish",cream terry-cloth fabric with looped absorbent texture with a brushed surface finish with softened diffused texture,fabric material color finish textile
Fabric + Color + Finish,Material Combination,"cream terry cloth, washed finish",cream terry-cloth fabric with looped absorbent texture with a washed finish with softened lived-in coloration,fabric material color finish textile
Fabric + Color + Finish,Material Combination,"cream terry cloth, distressed finish",cream terry-cloth fabric with looped absorbent texture with a distressed finish with visible wear character,fabric material color finish textile
Fabric + Color + Finish,Material Combination,"cream terry cloth, heathered finish",cream terry-cloth fabric with looped absorbent texture with a heathered finish with mixed tonal fibers,fabric material color finish textile
Fabric + Color + Finish,Material Combination,"cream terry cloth, marled finish",cream terry-cloth fabric with looped absorbent texture with a marled finish with blended multitone yarn appearance,fabric material color finish textile
Fabric + Color + Finish,Material Combination,"cream terry cloth, satin-sheen finish",cream terry-cloth fabric with looped absorbent texture with a subtle satin-sheen finish with controlled luster,fabric material color finish textile
Fabric + Color + Finish,Material Combination,"beige terry cloth, matte finish",beige terry-cloth fabric with looped absorbent texture with a matte surface finish with minimal reflectivity,fabric material color finish textile
Fabric + Color + Finish,Material Combination,"beige terry cloth, glossy finish",beige terry-cloth fabric with looped absorbent texture with a glossy surface finish with stronger reflectivity,fabric material color finish textile
Fabric + Color + Finish,Material Combination,"beige terry cloth, brushed finish",beige terry-cloth fabric with looped absorbent texture with a brushed surface finish with softened diffused texture,fabric material color finish textile
Fabric + Color + Finish,Material Combination,"beige terry cloth, washed finish",beige terry-cloth fabric with looped absorbent texture with a washed finish with softened lived-in coloration,fabric material color finish textile
Fabric + Color + Finish,Material Combination,"beige terry cloth, distressed finish",beige terry-cloth fabric with looped absorbent texture with a distressed finish with visible wear character,fabric material color finish textile
Fabric + Color + Finish,Material Combination,"beige terry cloth, heathered finish",beige terry-cloth fabric with looped absorbent texture with a heathered finish with mixed tonal fibers,fabric material color finish textile
Fabric + Color + Finish,Material Combination,"beige terry cloth, marled finish",beige terry-cloth fabric with looped absorbent texture with a marled finish with blended multitone yarn appearance,fabric material color finish textile
Fabric + Color + Finish,Material Combination,"beige terry cloth, satin-sheen finish",beige terry-cloth fabric with looped absorbent texture with a subtle satin-sheen finish with controlled luster,fabric material color finish textile
Fabric + Color + Finish,Material Combination,"camel terry cloth, matte finish",camel terry-cloth fabric with looped absorbent texture with a matte surface finish with minimal reflectivity,fabric material color finish textile
Fabric + Color + Finish,Material Combination,"camel terry cloth, glossy finish",camel terry-cloth fabric with looped absorbent texture with a glossy surface finish with stronger reflectivity,fabric material color finish textile
Fabric + Color + Finish,Material Combination,"camel terry cloth, brushed finish",camel terry-cloth fabric with looped absorbent texture with a brushed surface finish with softened diffused texture,fabric material color finish textile
Fabric + Color + Finish,Material Combination,"camel terry cloth, washed finish",camel terry-cloth fabric with looped absorbent texture with a washed finish with softened lived-in coloration,fabric material color finish textile
Fabric + Color + Finish,Material Combination,"camel terry cloth, distressed finish",camel terry-cloth fabric with looped absorbent texture with a distressed finish with visible wear character,fabric material color finish textile
Fabric + Color + Finish,Material Combination,"camel terry cloth, heathered finish",camel terry-cloth fabric with looped absorbent texture with a heathered finish with mixed tonal fibers,fabric material color finish textile
Fabric + Color + Finish,Material Combination,"camel terry cloth, marled finish",camel terry-cloth fabric with looped absorbent texture with a marled finish with blended multitone yarn appearance,fabric material color finish textile
Fabric + Color + Finish,Material Combination,"camel terry cloth, satin-sheen finish",camel terry-cloth fabric with looped absorbent texture with a subtle satin-sheen finish with controlled luster,fabric material color finish textile
Fabric + Color + Finish,Material Combination,"gray terry cloth, matte finish",gray terry-cloth fabric with looped absorbent texture with a matte surface finish with minimal reflectivity,fabric material color finish textile
Fabric + Color + Finish,Material Combination,"gray terry cloth, glossy finish",gray terry-cloth fabric with looped absorbent texture with a glossy surface finish with stronger reflectivity,fabric material color finish textile
Fabric + Color + Finish,Material Combination,"gray terry cloth, brushed finish",gray terry-cloth fabric with looped absorbent texture with a brushed surface finish with softened diffused texture,fabric material color finish textile
Fabric + Color + Finish,Material Combination,"gray terry cloth, washed finish",gray terry-cloth fabric with looped absorbent texture with a washed finish with softened lived-in coloration,fabric material color finish textile
Fabric + Color + Finish,Material Combination,"gray terry cloth, distressed finish",gray terry-cloth fabric with looped absorbent texture with a distressed finish with visible wear character,fabric material color finish textile
Fabric + Color + Finish,Material Combination,"gray terry cloth, heathered finish",gray terry-cloth fabric with looped absorbent texture with a heathered finish with mixed tonal fibers,fabric material color finish textile
Fabric + Color + Finish,Material Combination,"gray terry cloth, marled finish",gray terry-cloth fabric with looped absorbent texture with a marled finish with blended multitone yarn appearance,fabric material color finish textile
Fabric + Color + Finish,Material Combination,"gray terry cloth, satin-sheen finish",gray terry-cloth fabric with looped absorbent texture with a subtle satin-sheen finish with controlled luster,fabric material color finish textile
Fabric + Color + Finish,Material Combination,"charcoal terry cloth, matte finish",charcoal terry-cloth fabric with looped absorbent texture with a matte surface finish with minimal reflectivity,fabric material color finish textile
Fabric + Color + Finish,Material Combination,"charcoal terry cloth, glossy finish",charcoal terry-cloth fabric with looped absorbent texture with a glossy surface finish with stronger reflectivity,fabric material color finish textile
Fabric + Color + Finish,Material Combination,"charcoal terry cloth, brushed finish",charcoal terry-cloth fabric with looped absorbent texture with a brushed surface finish with softened diffused texture,fabric material color finish textile
Fabric + Color + Finish,Material Combination,"charcoal terry cloth, washed finish",charcoal terry-cloth fabric with looped absorbent texture with a washed finish with softened lived-in coloration,fabric material color finish textile
Fabric + Color + Finish,Material Combination,"charcoal terry cloth, distressed finish",charcoal terry-cloth fabric with looped absorbent texture with a distressed finish with visible wear character,fabric material color finish textile
Fabric + Color + Finish,Material Combination,"charcoal terry cloth, heathered finish",charcoal terry-cloth fabric with looped absorbent texture with a heathered finish with mixed tonal fibers,fabric material color finish textile
Fabric + Color + Finish,Material Combination,"charcoal terry cloth, marled finish",charcoal terry-cloth fabric with looped absorbent texture with a marled finish with blended multitone yarn appearance,fabric material color finish textile
Fabric + Color + Finish,Material Combination,"charcoal terry cloth, satin-sheen finish",charcoal terry-cloth fabric with looped absorbent texture with a subtle satin-sheen finish with controlled luster,fabric material color finish textile
Fabric + Color + Finish,Material Combination,"navy terry cloth, matte finish",navy terry-cloth fabric with looped absorbent texture with a matte surface finish with minimal reflectivity,fabric material color finish textile
Fabric + Color + Finish,Material Combination,"navy terry cloth, glossy finish",navy terry-cloth fabric with looped absorbent texture with a glossy surface finish with stronger reflectivity,fabric material color finish textile
Fabric + Color + Finish,Material Combination,"navy terry cloth, brushed finish",navy terry-cloth fabric with looped absorbent texture with a brushed surface finish with softened diffused texture,fabric material color finish textile
Fabric + Color + Finish,Material Combination,"navy terry cloth, washed finish",navy terry-cloth fabric with looped absorbent texture with a washed finish with softened lived-in coloration,fabric material color finish textile
Fabric + Color + Finish,Material Combination,"navy terry cloth, distressed finish",navy terry-cloth fabric with looped absorbent texture with a distressed finish with visible wear character,fabric material color finish textile
Fabric + Color + Finish,Material Combination,"navy terry cloth, heathered finish",navy terry-cloth fabric with looped absorbent texture with a heathered finish with mixed tonal fibers,fabric material color finish textile
Fabric + Color + Finish,Material Combination,"navy terry cloth, marled finish",navy terry-cloth fabric with looped absorbent texture with a marled finish with blended multitone yarn appearance,fabric material color finish textile
Fabric + Color + Finish,Material Combination,"navy terry cloth, satin-sheen finish",navy terry-cloth fabric with looped absorbent texture with a subtle satin-sheen finish with controlled luster,fabric material color finish textile
Fabric + Color + Finish,Material Combination,"royal blue terry cloth, matte finish",royal blue terry-cloth fabric with looped absorbent texture with a matte surface finish with minimal reflectivity,fabric material color finish textile
Fabric + Color + Finish,Material Combination,"royal blue terry cloth, glossy finish",royal blue terry-cloth fabric with looped absorbent texture with a glossy surface finish with stronger reflectivity,fabric material color finish textile
Fabric + Color + Finish,Material Combination,"royal blue terry cloth, brushed finish",royal blue terry-cloth fabric with looped absorbent texture with a brushed surface finish with softened diffused texture,fabric material color finish textile
Fabric + Color + Finish,Material Combination,"royal blue terry cloth, washed finish",royal blue terry-cloth fabric with looped absorbent texture with a washed finish with softened lived-in coloration,fabric material color finish textile
Fabric + Color + Finish,Material Combination,"royal blue terry cloth, distressed finish",royal blue terry-cloth fabric with looped absorbent texture with a distressed finish with visible wear character,fabric material color finish textile
Fabric + Color + Finish,Material Combination,"royal blue terry cloth, heathered finish",royal blue terry-cloth fabric with looped absorbent texture with a heathered finish with mixed tonal fibers,fabric material color finish textile
Fabric + Color + Finish,Material Combination,"royal blue terry cloth, marled finish",royal blue terry-cloth fabric with looped absorbent texture with a marled finish with blended multitone yarn appearance,fabric material color finish textile
Fabric + Color + Finish,Material Combination,"royal blue terry cloth, satin-sheen finish",royal blue terry-cloth fabric with looped absorbent texture with a subtle satin-sheen finish with controlled luster,fabric material color finish textile
Fabric + Color + Finish,Material Combination,"sky blue terry cloth, matte finish",sky blue terry-cloth fabric with looped absorbent texture with a matte surface finish with minimal reflectivity,fabric material color finish textile
Fabric + Color + Finish,Material Combination,"sky blue terry cloth, glossy finish",sky blue terry-cloth fabric with looped absorbent texture with a glossy surface finish with stronger reflectivity,fabric material color finish textile
Fabric + Color + Finish,Material Combination,"sky blue terry cloth, brushed finish",sky blue terry-cloth fabric with looped absorbent texture with a brushed surface finish with softened diffused texture,fabric material color finish textile
Fabric + Color + Finish,Material Combination,"sky blue terry cloth, washed finish",sky blue terry-cloth fabric with looped absorbent texture with a washed finish with softened lived-in coloration,fabric material color finish textile
Fabric + Color + Finish,Material Combination,"sky blue terry cloth, distressed finish",sky blue terry-cloth fabric with looped absorbent texture with a distressed finish with visible wear character,fabric material color finish textile
Fabric + Color + Finish,Material Combination,"sky blue terry cloth, heathered finish",sky blue terry-cloth fabric with looped absorbent texture with a heathered finish with mixed tonal fibers,fabric material color finish textile
Fabric + Color + Finish,Material Combination,"sky blue terry cloth, marled finish",sky blue terry-cloth fabric with looped absorbent texture with a marled finish with blended multitone yarn appearance,fabric material color finish textile
Fabric + Color + Finish,Material Combination,"sky blue terry cloth, satin-sheen finish",sky blue terry-cloth fabric with looped absorbent texture with a subtle satin-sheen finish with controlled luster,fabric material color finish textile
Fabric + Color + Finish,Material Combination,"red terry cloth, matte finish",red terry-cloth fabric with looped absorbent texture with a matte surface finish with minimal reflectivity,fabric material color finish textile
Fabric + Color + Finish,Material Combination,"red terry cloth, glossy finish",red terry-cloth fabric with looped absorbent texture with a glossy surface finish with stronger reflectivity,fabric material color finish textile
Fabric + Color + Finish,Material Combination,"red terry cloth, brushed finish",red terry-cloth fabric with looped absorbent texture with a brushed surface finish with softened diffused texture,fabric material color finish textile
Fabric + Color + Finish,Material Combination,"red terry cloth, washed finish",red terry-cloth fabric with looped absorbent texture with a washed finish with softened lived-in coloration,fabric material color finish textile
Fabric + Color + Finish,Material Combination,"red terry cloth, distressed finish",red terry-cloth fabric with looped absorbent texture with a distressed finish with visible wear character,fabric material color finish textile
Fabric + Color + Finish,Material Combination,"red terry cloth, heathered finish",red terry-cloth fabric with looped absorbent texture with a heathered finish with mixed tonal fibers,fabric material color finish textile
Fabric + Color + Finish,Material Combination,"red terry cloth, marled finish",red terry-cloth fabric with looped absorbent texture with a marled finish with blended multitone yarn appearance,fabric material color finish textile
Fabric + Color + Finish,Material Combination,"red terry cloth, satin-sheen finish",red terry-cloth fabric with looped absorbent texture with a subtle satin-sheen finish with controlled luster,fabric material color finish textile
Fabric + Color + Finish,Material Combination,"burgundy terry cloth, matte finish",burgundy terry-cloth fabric with looped absorbent texture with a matte surface finish with minimal reflectivity,fabric material color finish textile
Fabric + Color + Finish,Material Combination,"burgundy terry cloth, glossy finish",burgundy terry-cloth fabric with looped absorbent texture with a glossy surface finish with stronger reflectivity,fabric material color finish textile
Fabric + Color + Finish,Material Combination,"burgundy terry cloth, brushed finish",burgundy terry-cloth fabric with looped absorbent texture with a brushed surface finish with softened diffused texture,fabric material color finish textile
Fabric + Color + Finish,Material Combination,"burgundy terry cloth, washed finish",burgundy terry-cloth fabric with looped absorbent texture with a washed finish with softened lived-in coloration,fabric material color finish textile
Fabric + Color + Finish,Material Combination,"burgundy terry cloth, distressed finish",burgundy terry-cloth fabric with looped absorbent texture with a distressed finish with visible wear character,fabric material color finish textile
Fabric + Color + Finish,Material Combination,"burgundy terry cloth, heathered finish",burgundy terry-cloth fabric with looped absorbent texture with a heathered finish with mixed tonal fibers,fabric material color finish textile
Fabric + Color + Finish,Material Combination,"burgundy terry cloth, marled finish",burgundy terry-cloth fabric with looped absorbent texture with a marled finish with blended multitone yarn appearance,fabric material color finish textile
Fabric + Color + Finish,Material Combination,"burgundy terry cloth, satin-sheen finish",burgundy terry-cloth fabric with looped absorbent texture with a subtle satin-sheen finish with controlled luster,fabric material color finish textile
Fabric + Color + Finish,Material Combination,"pink terry cloth, matte finish",pink terry-cloth fabric with looped absorbent texture with a matte surface finish with minimal reflectivity,fabric material color finish textile
Fabric + Color + Finish,Material Combination,"pink terry cloth, glossy finish",pink terry-cloth fabric with looped absorbent texture with a glossy surface finish with stronger reflectivity,fabric material color finish textile
Fabric + Color + Finish,Material Combination,"pink terry cloth, brushed finish",pink terry-cloth fabric with looped absorbent texture with a brushed surface finish with softened diffused texture,fabric material color finish textile
Fabric + Color + Finish,Material Combination,"pink terry cloth, washed finish",pink terry-cloth fabric with looped absorbent texture with a washed finish with softened lived-in coloration,fabric material color finish textile
Fabric + Color + Finish,Material Combination,"pink terry cloth, distressed finish",pink terry-cloth fabric with looped absorbent texture with a distressed finish with visible wear character,fabric material color finish textile
Fabric + Color + Finish,Material Combination,"pink terry cloth, heathered finish",pink terry-cloth fabric with looped absorbent texture with a heathered finish with mixed tonal fibers,fabric material color finish textile
Fabric + Color + Finish,Material Combination,"pink terry cloth, marled finish",pink terry-cloth fabric with looped absorbent texture with a marled finish with blended multitone yarn appearance,fabric material color finish textile
Fabric + Color + Finish,Material Combination,"pink terry cloth, satin-sheen finish",pink terry-cloth fabric with looped absorbent texture with a subtle satin-sheen finish with controlled luster,fabric material color finish textile
Fabric + Color + Finish,Material Combination,"hot pink terry cloth, matte finish",hot pink terry-cloth fabric with looped absorbent texture with a matte surface finish with minimal reflectivity,fabric material color finish textile
Fabric + Color + Finish,Material Combination,"hot pink terry cloth, glossy finish",hot pink terry-cloth fabric with looped absorbent texture with a glossy surface finish with stronger reflectivity,fabric material color finish textile
Fabric + Color + Finish,Material Combination,"hot pink terry cloth, brushed finish",hot pink terry-cloth fabric with looped absorbent texture with a brushed surface finish with softened diffused texture,fabric material color finish textile
Fabric + Color + Finish,Material Combination,"hot pink terry cloth, washed finish",hot pink terry-cloth fabric with looped absorbent texture with a washed finish with softened lived-in coloration,fabric material color finish textile
Fabric + Color + Finish,Material Combination,"hot pink terry cloth, distressed finish",hot pink terry-cloth fabric with looped absorbent texture with a distressed finish with visible wear character,fabric material color finish textile
Fabric + Color + Finish,Material Combination,"hot pink terry cloth, heathered finish",hot pink terry-cloth fabric with looped absorbent texture with a heathered finish with mixed tonal fibers,fabric material color finish textile
Fabric + Color + Finish,Material Combination,"hot pink terry cloth, marled finish",hot pink terry-cloth fabric with looped absorbent texture with a marled finish with blended multitone yarn appearance,fabric material color finish textile
Fabric + Color + Finish,Material Combination,"hot pink terry cloth, satin-sheen finish",hot pink terry-cloth fabric with looped absorbent texture with a subtle satin-sheen finish with controlled luster,fabric material color finish textile
Fabric + Color + Finish,Material Combination,"orange terry cloth, matte finish",orange terry-cloth fabric with looped absorbent texture with a matte surface finish with minimal reflectivity,fabric material color finish textile
Fabric + Color + Finish,Material Combination,"orange terry cloth, glossy finish",orange terry-cloth fabric with looped absorbent texture with a glossy surface finish with stronger reflectivity,fabric material color finish textile
Fabric + Color + Finish,Material Combination,"orange terry cloth, brushed finish",orange terry-cloth fabric with looped absorbent texture with a brushed surface finish with softened diffused texture,fabric material color finish textile
Fabric + Color + Finish,Material Combination,"orange terry cloth, washed finish",orange terry-cloth fabric with looped absorbent texture with a washed finish with softened lived-in coloration,fabric material color finish textile
Fabric + Color + Finish,Material Combination,"orange terry cloth, distressed finish",orange terry-cloth fabric with looped absorbent texture with a distressed finish with visible wear character,fabric material color finish textile
Fabric + Color + Finish,Material Combination,"orange terry cloth, heathered finish",orange terry-cloth fabric with looped absorbent texture with a heathered finish with mixed tonal fibers,fabric material color finish textile
Fabric + Color + Finish,Material Combination,"orange terry cloth, marled finish",orange terry-cloth fabric with looped absorbent texture with a marled finish with blended multitone yarn appearance,fabric material color finish textile
Fabric + Color + Finish,Material Combination,"orange terry cloth, satin-sheen finish",orange terry-cloth fabric with looped absorbent texture with a subtle satin-sheen finish with controlled luster,fabric material color finish textile
Fabric + Color + Finish,Material Combination,"yellow terry cloth, matte finish",yellow terry-cloth fabric with looped absorbent texture with a matte surface finish with minimal reflectivity,fabric material color finish textile
Fabric + Color + Finish,Material Combination,"yellow terry cloth, glossy finish",yellow terry-cloth fabric with looped absorbent texture with a glossy surface finish with stronger reflectivity,fabric material color finish textile
Fabric + Color + Finish,Material Combination,"yellow terry cloth, brushed finish",yellow terry-cloth fabric with looped absorbent texture with a brushed surface finish with softened diffused texture,fabric material color finish textile
Fabric + Color + Finish,Material Combination,"yellow terry cloth, washed finish",yellow terry-cloth fabric with looped absorbent texture with a washed finish with softened lived-in coloration,fabric material color finish textile
Fabric + Color + Finish,Material Combination,"yellow terry cloth, distressed finish",yellow terry-cloth fabric with looped absorbent texture with a distressed finish with visible wear character,fabric material color finish textile
Fabric + Color + Finish,Material Combination,"yellow terry cloth, heathered finish",yellow terry-cloth fabric with looped absorbent texture with a heathered finish with mixed tonal fibers,fabric material color finish textile
Fabric + Color + Finish,Material Combination,"yellow terry cloth, marled finish",yellow terry-cloth fabric with looped absorbent texture with a marled finish with blended multitone yarn appearance,fabric material color finish textile
Fabric + Color + Finish,Material Combination,"yellow terry cloth, satin-sheen finish",yellow terry-cloth fabric with looped absorbent texture with a subtle satin-sheen finish with controlled luster,fabric material color finish textile
Fabric + Color + Finish,Material Combination,"olive green terry cloth, matte finish",olive green terry-cloth fabric with looped absorbent texture with a matte surface finish with minimal reflectivity,fabric material color finish textile
Fabric + Color + Finish,Material Combination,"olive green terry cloth, glossy finish",olive green terry-cloth fabric with looped absorbent texture with a glossy surface finish with stronger reflectivity,fabric material color finish textile
Fabric + Color + Finish,Material Combination,"olive green terry cloth, brushed finish",olive green terry-cloth fabric with looped absorbent texture with a brushed surface finish with softened diffused texture,fabric material color finish textile
Fabric + Color + Finish,Material Combination,"olive green terry cloth, washed finish",olive green terry-cloth fabric with looped absorbent texture with a washed finish with softened lived-in coloration,fabric material color finish textile
Fabric + Color + Finish,Material Combination,"olive green terry cloth, distressed finish",olive green terry-cloth fabric with looped absorbent texture with a distressed finish with visible wear character,fabric material color finish textile
Fabric + Color + Finish,Material Combination,"olive green terry cloth, heathered finish",olive green terry-cloth fabric with looped absorbent texture with a heathered finish with mixed tonal fibers,fabric material color finish textile
Fabric + Color + Finish,Material Combination,"olive green terry cloth, marled finish",olive green terry-cloth fabric with looped absorbent texture with a marled finish with blended multitone yarn appearance,fabric material color finish textile
Fabric + Color + Finish,Material Combination,"olive green terry cloth, satin-sheen finish",olive green terry-cloth fabric with looped absorbent texture with a subtle satin-sheen finish with controlled luster,fabric material color finish textile
Fabric + Color + Finish,Material Combination,"sage green terry cloth, matte finish",sage green terry-cloth fabric with looped absorbent texture with a matte surface finish with minimal reflectivity,fabric material color finish textile
Fabric + Color + Finish,Material Combination,"sage green terry cloth, glossy finish",sage green terry-cloth fabric with looped absorbent texture with a glossy surface finish with stronger reflectivity,fabric material color finish textile
Fabric + Color + Finish,Material Combination,"sage green terry cloth, brushed finish",sage green terry-cloth fabric with looped absorbent texture with a brushed surface finish with softened diffused texture,fabric material color finish textile
Fabric + Color + Finish,Material Combination,"sage green terry cloth, washed finish",sage green terry-cloth fabric with looped absorbent texture with a washed finish with softened lived-in coloration,fabric material color finish textile
Fabric + Color + Finish,Material Combination,"sage green terry cloth, distressed finish",sage green terry-cloth fabric with looped absorbent texture with a distressed finish with visible wear character,fabric material color finish textile
Fabric + Color + Finish,Material Combination,"sage green terry cloth, heathered finish",sage green terry-cloth fabric with looped absorbent texture with a heathered finish with mixed tonal fibers,fabric material color finish textile
Fabric + Color + Finish,Material Combination,"sage green terry cloth, marled finish",sage green terry-cloth fabric with looped absorbent texture with a marled finish with blended multitone yarn appearance,fabric material color finish textile
Fabric + Color + Finish,Material Combination,"sage green terry cloth, satin-sheen finish",sage green terry-cloth fabric with looped absorbent texture with a subtle satin-sheen finish with controlled luster,fabric material color finish textile
Fabric + Color + Finish,Material Combination,"emerald green terry cloth, matte finish",emerald green terry-cloth fabric with looped absorbent texture with a matte surface finish with minimal reflectivity,fabric material color finish textile
Fabric + Color + Finish,Material Combination,"emerald green terry cloth, glossy finish",emerald green terry-cloth fabric with looped absorbent texture with a glossy surface finish with stronger reflectivity,fabric material color finish textile
Fabric + Color + Finish,Material Combination,"emerald green terry cloth, brushed finish",emerald green terry-cloth fabric with looped absorbent texture with a brushed surface finish with softened diffused texture,fabric material color finish textile
Fabric + Color + Finish,Material Combination,"emerald green terry cloth, washed finish",emerald green terry-cloth fabric with looped absorbent texture with a washed finish with softened lived-in coloration,fabric material color finish textile
Fabric + Color + Finish,Material Combination,"emerald green terry cloth, distressed finish",emerald green terry-cloth fabric with looped absorbent texture with a distressed finish with visible wear character,fabric material color finish textile
Fabric + Color + Finish,Material Combination,"emerald green terry cloth, heathered finish",emerald green terry-cloth fabric with looped absorbent texture with a heathered finish with mixed tonal fibers,fabric material color finish textile
Fabric + Color + Finish,Material Combination,"emerald green terry cloth, marled finish",emerald green terry-cloth fabric with looped absorbent texture with a marled finish with blended multitone yarn appearance,fabric material color finish textile
Fabric + Color + Finish,Material Combination,"emerald green terry cloth, satin-sheen finish",emerald green terry-cloth fabric with looped absorbent texture with a subtle satin-sheen finish with controlled luster,fabric material color finish textile
Fabric + Color + Finish,Material Combination,"teal terry cloth, matte finish",teal terry-cloth fabric with looped absorbent texture with a matte surface finish with minimal reflectivity,fabric material color finish textile
Fabric + Color + Finish,Material Combination,"teal terry cloth, glossy finish",teal terry-cloth fabric with looped absorbent texture with a glossy surface finish with stronger reflectivity,fabric material color finish textile
Fabric + Color + Finish,Material Combination,"teal terry cloth, brushed finish",teal terry-cloth fabric with looped absorbent texture with a brushed surface finish with softened diffused texture,fabric material color finish textile
Fabric + Color + Finish,Material Combination,"teal terry cloth, washed finish",teal terry-cloth fabric with looped absorbent texture with a washed finish with softened lived-in coloration,fabric material color finish textile
Fabric + Color + Finish,Material Combination,"teal terry cloth, distressed finish",teal terry-cloth fabric with looped absorbent texture with a distressed finish with visible wear character,fabric material color finish textile
Fabric + Color + Finish,Material Combination,"teal terry cloth, heathered finish",teal terry-cloth fabric with looped absorbent texture with a heathered finish with mixed tonal fibers,fabric material color finish textile
Fabric + Color + Finish,Material Combination,"teal terry cloth, marled finish",teal terry-cloth fabric with looped absorbent texture with a marled finish with blended multitone yarn appearance,fabric material color finish textile
Fabric + Color + Finish,Material Combination,"teal terry cloth, satin-sheen finish",teal terry-cloth fabric with looped absorbent texture with a subtle satin-sheen finish with controlled luster,fabric material color finish textile
Fabric + Color + Finish,Material Combination,"purple terry cloth, matte finish",purple terry-cloth fabric with looped absorbent texture with a matte surface finish with minimal reflectivity,fabric material color finish textile
Fabric + Color + Finish,Material Combination,"purple terry cloth, glossy finish",purple terry-cloth fabric with looped absorbent texture with a glossy surface finish with stronger reflectivity,fabric material color finish textile
Fabric + Color + Finish,Material Combination,"purple terry cloth, brushed finish",purple terry-cloth fabric with looped absorbent texture with a brushed surface finish with softened diffused texture,fabric material color finish textile
Fabric + Color + Finish,Material Combination,"purple terry cloth, washed finish",purple terry-cloth fabric with looped absorbent texture with a washed finish with softened lived-in coloration,fabric material color finish textile
Fabric + Color + Finish,Material Combination,"purple terry cloth, distressed finish",purple terry-cloth fabric with looped absorbent texture with a distressed finish with visible wear character,fabric material color finish textile
Fabric + Color + Finish,Material Combination,"purple terry cloth, heathered finish",purple terry-cloth fabric with looped absorbent texture with a heathered finish with mixed tonal fibers,fabric material color finish textile
Fabric + Color + Finish,Material Combination,"purple terry cloth, marled finish",purple terry-cloth fabric with looped absorbent texture with a marled finish with blended multitone yarn appearance,fabric material color finish textile
Fabric + Color + Finish,Material Combination,"purple terry cloth, satin-sheen finish",purple terry-cloth fabric with looped absorbent texture with a subtle satin-sheen finish with controlled luster,fabric material color finish textile
Fabric + Color + Finish,Material Combination,"lavender terry cloth, matte finish",lavender terry-cloth fabric with looped absorbent texture with a matte surface finish with minimal reflectivity,fabric material color finish textile
Fabric + Color + Finish,Material Combination,"lavender terry cloth, glossy finish",lavender terry-cloth fabric with looped absorbent texture with a glossy surface finish with stronger reflectivity,fabric material color finish textile
Fabric + Color + Finish,Material Combination,"lavender terry cloth, brushed finish",lavender terry-cloth fabric with looped absorbent texture with a brushed surface finish with softened diffused texture,fabric material color finish textile
Fabric + Color + Finish,Material Combination,"lavender terry cloth, washed finish",lavender terry-cloth fabric with looped absorbent texture with a washed finish with softened lived-in coloration,fabric material color finish textile
Fabric + Color + Finish,Material Combination,"lavender terry cloth, distressed finish",lavender terry-cloth fabric with looped absorbent texture with a distressed finish with visible wear character,fabric material color finish textile
Fabric + Color + Finish,Material Combination,"lavender terry cloth, heathered finish",lavender terry-cloth fabric with looped absorbent texture with a heathered finish with mixed tonal fibers,fabric material color finish textile
Fabric + Color + Finish,Material Combination,"lavender terry cloth, marled finish",lavender terry-cloth fabric with looped absorbent texture with a marled finish with blended multitone yarn appearance,fabric material color finish textile
Fabric + Color + Finish,Material Combination,"lavender terry cloth, satin-sheen finish",lavender terry-cloth fabric with looped absorbent texture with a subtle satin-sheen finish with controlled luster,fabric material color finish textile
Fabric + Color + Finish,Material Combination,"brown terry cloth, matte finish",brown terry-cloth fabric with looped absorbent texture with a matte surface finish with minimal reflectivity,fabric material color finish textile
Fabric + Color + Finish,Material Combination,"brown terry cloth, glossy finish",brown terry-cloth fabric with looped absorbent texture with a glossy surface finish with stronger reflectivity,fabric material color finish textile
Fabric + Color + Finish,Material Combination,"brown terry cloth, brushed finish",brown terry-cloth fabric with looped absorbent texture with a brushed surface finish with softened diffused texture,fabric material color finish textile
Fabric + Color + Finish,Material Combination,"brown terry cloth, washed finish",brown terry-cloth fabric with looped absorbent texture with a washed finish with softened lived-in coloration,fabric material color finish textile
Fabric + Color + Finish,Material Combination,"brown terry cloth, distressed finish",brown terry-cloth fabric with looped absorbent texture with a distressed finish with visible wear character,fabric material color finish textile
Fabric + Color + Finish,Material Combination,"brown terry cloth, heathered finish",brown terry-cloth fabric with looped absorbent texture with a heathered finish with mixed tonal fibers,fabric material color finish textile
Fabric + Color + Finish,Material Combination,"brown terry cloth, marled finish",brown terry-cloth fabric with looped absorbent texture with a marled finish with blended multitone yarn appearance,fabric material color finish textile
Fabric + Color + Finish,Material Combination,"brown terry cloth, satin-sheen finish",brown terry-cloth fabric with looped absorbent texture with a subtle satin-sheen finish with controlled luster,fabric material color finish textile
Fabric + Color + Finish,Material Combination,"tan terry cloth, matte finish",tan terry-cloth fabric with looped absorbent texture with a matte surface finish with minimal reflectivity,fabric material color finish textile
Fabric + Color + Finish,Material Combination,"tan terry cloth, glossy finish",tan terry-cloth fabric with looped absorbent texture with a glossy surface finish with stronger reflectivity,fabric material color finish textile
Fabric + Color + Finish,Material Combination,"tan terry cloth, brushed finish",tan terry-cloth fabric with looped absorbent texture with a brushed surface finish with softened diffused texture,fabric material color finish textile
Fabric + Color + Finish,Material Combination,"tan terry cloth, washed finish",tan terry-cloth fabric with looped absorbent texture with a washed finish with softened lived-in coloration,fabric material color finish textile
Fabric + Color + Finish,Material Combination,"tan terry cloth, distressed finish",tan terry-cloth fabric with looped absorbent texture with a distressed finish with visible wear character,fabric material color finish textile
Fabric + Color + Finish,Material Combination,"tan terry cloth, heathered finish",tan terry-cloth fabric with looped absorbent texture with a heathered finish with mixed tonal fibers,fabric material color finish textile
Fabric + Color + Finish,Material Combination,"tan terry cloth, marled finish",tan terry-cloth fabric with looped absorbent texture with a marled finish with blended multitone yarn appearance,fabric material color finish textile
Fabric + Color + Finish,Material Combination,"tan terry cloth, satin-sheen finish",tan terry-cloth fabric with looped absorbent texture with a subtle satin-sheen finish with controlled luster,fabric material color finish textile
Fabric + Color + Finish,Material Combination,"silver terry cloth, matte finish",silver terry-cloth fabric with looped absorbent texture with a matte surface finish with minimal reflectivity,fabric material color finish textile
Fabric + Color + Finish,Material Combination,"silver terry cloth, glossy finish",silver terry-cloth fabric with looped absorbent texture with a glossy surface finish with stronger reflectivity,fabric material color finish textile
Fabric + Color + Finish,Material Combination,"silver terry cloth, brushed finish",silver terry-cloth fabric with looped absorbent texture with a brushed surface finish with softened diffused texture,fabric material color finish textile
Fabric + Color + Finish,Material Combination,"silver terry cloth, washed finish",silver terry-cloth fabric with looped absorbent texture with a washed finish with softened lived-in coloration,fabric material color finish textile
Fabric + Color + Finish,Material Combination,"silver terry cloth, distressed finish",silver terry-cloth fabric with looped absorbent texture with a distressed finish with visible wear character,fabric material color finish textile
Fabric + Color + Finish,Material Combination,"silver terry cloth, heathered finish",silver terry-cloth fabric with looped absorbent texture with a heathered finish with mixed tonal fibers,fabric material color finish textile
Fabric + Color + Finish,Material Combination,"silver terry cloth, marled finish",silver terry-cloth fabric with looped absorbent texture with a marled finish with blended multitone yarn appearance,fabric material color finish textile
Fabric + Color + Finish,Material Combination,"silver terry cloth, satin-sheen finish",silver terry-cloth fabric with looped absorbent texture with a subtle satin-sheen finish with controlled luster,fabric material color finish textile
Fabric + Color + Finish,Material Combination,"gold terry cloth, matte finish",gold terry-cloth fabric with looped absorbent texture with a matte surface finish with minimal reflectivity,fabric material color finish textile
Fabric + Color + Finish,Material Combination,"gold terry cloth, glossy finish",gold terry-cloth fabric with looped absorbent texture with a glossy surface finish with stronger reflectivity,fabric material color finish textile
Fabric + Color + Finish,Material Combination,"gold terry cloth, brushed finish",gold terry-cloth fabric with looped absorbent texture with a brushed surface finish with softened diffused texture,fabric material color finish textile
Fabric + Color + Finish,Material Combination,"gold terry cloth, washed finish",gold terry-cloth fabric with looped absorbent texture with a washed finish with softened lived-in coloration,fabric material color finish textile
Fabric + Color + Finish,Material Combination,"gold terry cloth, distressed finish",gold terry-cloth fabric with looped absorbent texture with a distressed finish with visible wear character,fabric material color finish textile
Fabric + Color + Finish,Material Combination,"gold terry cloth, heathered finish",gold terry-cloth fabric with looped absorbent texture with a heathered finish with mixed tonal fibers,fabric material color finish textile
Fabric + Color + Finish,Material Combination,"gold terry cloth, marled finish",gold terry-cloth fabric with looped absorbent texture with a marled finish with blended multitone yarn appearance,fabric material color finish textile
Fabric + Color + Finish,Material Combination,"gold terry cloth, satin-sheen finish",gold terry-cloth fabric with looped absorbent texture with a subtle satin-sheen finish with controlled luster,fabric material color finish textile
Fabric + Color + Finish,Material Combination,"white spandex blend, matte finish",white stretch spandex-blend fabric with smooth close-fitting elasticity with a matte surface finish with minimal reflectivity,fabric material color finish textile
Fabric + Color + Finish,Material Combination,"white spandex blend, glossy finish",white stretch spandex-blend fabric with smooth close-fitting elasticity with a glossy surface finish with stronger reflectivity,fabric material color finish textile
Fabric + Color + Finish,Material Combination,"white spandex blend, brushed finish",white stretch spandex-blend fabric with smooth close-fitting elasticity with a brushed surface finish with softened diffused texture,fabric material color finish textile
Fabric + Color + Finish,Material Combination,"white spandex blend, washed finish",white stretch spandex-blend fabric with smooth close-fitting elasticity with a washed finish with softened lived-in coloration,fabric material color finish textile
Fabric + Color + Finish,Material Combination,"white spandex blend, distressed finish",white stretch spandex-blend fabric with smooth close-fitting elasticity with a distressed finish with visible wear character,fabric material color finish textile
Fabric + Color + Finish,Material Combination,"white spandex blend, heathered finish",white stretch spandex-blend fabric with smooth close-fitting elasticity with a heathered finish with mixed tonal fibers,fabric material color finish textile
Fabric + Color + Finish,Material Combination,"white spandex blend, marled finish",white stretch spandex-blend fabric with smooth close-fitting elasticity with a marled finish with blended multitone yarn appearance,fabric material color finish textile
Fabric + Color + Finish,Material Combination,"white spandex blend, satin-sheen finish",white stretch spandex-blend fabric with smooth close-fitting elasticity with a subtle satin-sheen finish with controlled luster,fabric material color finish textile
Fabric + Color + Finish,Material Combination,"black spandex blend, matte finish",black stretch spandex-blend fabric with smooth close-fitting elasticity with a matte surface finish with minimal reflectivity,fabric material color finish textile
Fabric + Color + Finish,Material Combination,"black spandex blend, glossy finish",black stretch spandex-blend fabric with smooth close-fitting elasticity with a glossy surface finish with stronger reflectivity,fabric material color finish textile
Fabric + Color + Finish,Material Combination,"black spandex blend, brushed finish",black stretch spandex-blend fabric with smooth close-fitting elasticity with a brushed surface finish with softened diffused texture,fabric material color finish textile
Fabric + Color + Finish,Material Combination,"black spandex blend, washed finish",black stretch spandex-blend fabric with smooth close-fitting elasticity with a washed finish with softened lived-in coloration,fabric material color finish textile
Fabric + Color + Finish,Material Combination,"black spandex blend, distressed finish",black stretch spandex-blend fabric with smooth close-fitting elasticity with a distressed finish with visible wear character,fabric material color finish textile
Fabric + Color + Finish,Material Combination,"black spandex blend, heathered finish",black stretch spandex-blend fabric with smooth close-fitting elasticity with a heathered finish with mixed tonal fibers,fabric material color finish textile
Fabric + Color + Finish,Material Combination,"black spandex blend, marled finish",black stretch spandex-blend fabric with smooth close-fitting elasticity with a marled finish with blended multitone yarn appearance,fabric material color finish textile
Fabric + Color + Finish,Material Combination,"black spandex blend, satin-sheen finish",black stretch spandex-blend fabric with smooth close-fitting elasticity with a subtle satin-sheen finish with controlled luster,fabric material color finish textile
Fabric + Color + Finish,Material Combination,"cream spandex blend, matte finish",cream stretch spandex-blend fabric with smooth close-fitting elasticity with a matte surface finish with minimal reflectivity,fabric material color finish textile
Fabric + Color + Finish,Material Combination,"cream spandex blend, glossy finish",cream stretch spandex-blend fabric with smooth close-fitting elasticity with a glossy surface finish with stronger reflectivity,fabric material color finish textile
Fabric + Color + Finish,Material Combination,"cream spandex blend, brushed finish",cream stretch spandex-blend fabric with smooth close-fitting elasticity with a brushed surface finish with softened diffused texture,fabric material color finish textile
Fabric + Color + Finish,Material Combination,"cream spandex blend, washed finish",cream stretch spandex-blend fabric with smooth close-fitting elasticity with a washed finish with softened lived-in coloration,fabric material color finish textile
Fabric + Color + Finish,Material Combination,"cream spandex blend, distressed finish",cream stretch spandex-blend fabric with smooth close-fitting elasticity with a distressed finish with visible wear character,fabric material color finish textile
Fabric + Color + Finish,Material Combination,"cream spandex blend, heathered finish",cream stretch spandex-blend fabric with smooth close-fitting elasticity with a heathered finish with mixed tonal fibers,fabric material color finish textile
Fabric + Color + Finish,Material Combination,"cream spandex blend, marled finish",cream stretch spandex-blend fabric with smooth close-fitting elasticity with a marled finish with blended multitone yarn appearance,fabric material color finish textile
Fabric + Color + Finish,Material Combination,"cream spandex blend, satin-sheen finish",cream stretch spandex-blend fabric with smooth close-fitting elasticity with a subtle satin-sheen finish with controlled luster,fabric material color finish textile
Fabric + Color + Finish,Material Combination,"beige spandex blend, matte finish",beige stretch spandex-blend fabric with smooth close-fitting elasticity with a matte surface finish with minimal reflectivity,fabric material color finish textile
Fabric + Color + Finish,Material Combination,"beige spandex blend, glossy finish",beige stretch spandex-blend fabric with smooth close-fitting elasticity with a glossy surface finish with stronger reflectivity,fabric material color finish textile
Fabric + Color + Finish,Material Combination,"beige spandex blend, brushed finish",beige stretch spandex-blend fabric with smooth close-fitting elasticity with a brushed surface finish with softened diffused texture,fabric material color finish textile
Fabric + Color + Finish,Material Combination,"beige spandex blend, washed finish",beige stretch spandex-blend fabric with smooth close-fitting elasticity with a washed finish with softened lived-in coloration,fabric material color finish textile
Fabric + Color + Finish,Material Combination,"beige spandex blend, distressed finish",beige stretch spandex-blend fabric with smooth close-fitting elasticity with a distressed finish with visible wear character,fabric material color finish textile
Fabric + Color + Finish,Material Combination,"beige spandex blend, heathered finish",beige stretch spandex-blend fabric with smooth close-fitting elasticity with a heathered finish with mixed tonal fibers,fabric material color finish textile
Fabric + Color + Finish,Material Combination,"beige spandex blend, marled finish",beige stretch spandex-blend fabric with smooth close-fitting elasticity with a marled finish with blended multitone yarn appearance,fabric material color finish textile
Fabric + Color + Finish,Material Combination,"beige spandex blend, satin-sheen finish",beige stretch spandex-blend fabric with smooth close-fitting elasticity with a subtle satin-sheen finish with controlled luster,fabric material color finish textile
Fabric + Color + Finish,Material Combination,"camel spandex blend, matte finish",camel stretch spandex-blend fabric with smooth close-fitting elasticity with a matte surface finish with minimal reflectivity,fabric material color finish textile
Fabric + Color + Finish,Material Combination,"camel spandex blend, glossy finish",camel stretch spandex-blend fabric with smooth close-fitting elasticity with a glossy surface finish with stronger reflectivity,fabric material color finish textile
Fabric + Color + Finish,Material Combination,"camel spandex blend, brushed finish",camel stretch spandex-blend fabric with smooth close-fitting elasticity with a brushed surface finish with softened diffused texture,fabric material color finish textile
Fabric + Color + Finish,Material Combination,"camel spandex blend, washed finish",camel stretch spandex-blend fabric with smooth close-fitting elasticity with a washed finish with softened lived-in coloration,fabric material color finish textile
Fabric + Color + Finish,Material Combination,"camel spandex blend, distressed finish",camel stretch spandex-blend fabric with smooth close-fitting elasticity with a distressed finish with visible wear character,fabric material color finish textile
Fabric + Color + Finish,Material Combination,"camel spandex blend, heathered finish",camel stretch spandex-blend fabric with smooth close-fitting elasticity with a heathered finish with mixed tonal fibers,fabric material color finish textile
Fabric + Color + Finish,Material Combination,"camel spandex blend, marled finish",camel stretch spandex-blend fabric with smooth close-fitting elasticity with a marled finish with blended multitone yarn appearance,fabric material color finish textile
Fabric + Color + Finish,Material Combination,"camel spandex blend, satin-sheen finish",camel stretch spandex-blend fabric with smooth close-fitting elasticity with a subtle satin-sheen finish with controlled luster,fabric material color finish textile
Fabric + Color + Finish,Material Combination,"gray spandex blend, matte finish",gray stretch spandex-blend fabric with smooth close-fitting elasticity with a matte surface finish with minimal reflectivity,fabric material color finish textile
Fabric + Color + Finish,Material Combination,"gray spandex blend, glossy finish",gray stretch spandex-blend fabric with smooth close-fitting elasticity with a glossy surface finish with stronger reflectivity,fabric material color finish textile
Fabric + Color + Finish,Material Combination,"gray spandex blend, brushed finish",gray stretch spandex-blend fabric with smooth close-fitting elasticity with a brushed surface finish with softened diffused texture,fabric material color finish textile
Fabric + Color + Finish,Material Combination,"gray spandex blend, washed finish",gray stretch spandex-blend fabric with smooth close-fitting elasticity with a washed finish with softened lived-in coloration,fabric material color finish textile
Fabric + Color + Finish,Material Combination,"gray spandex blend, distressed finish",gray stretch spandex-blend fabric with smooth close-fitting elasticity with a distressed finish with visible wear character,fabric material color finish textile
Fabric + Color + Finish,Material Combination,"gray spandex blend, heathered finish",gray stretch spandex-blend fabric with smooth close-fitting elasticity with a heathered finish with mixed tonal fibers,fabric material color finish textile
Fabric + Color + Finish,Material Combination,"gray spandex blend, marled finish",gray stretch spandex-blend fabric with smooth close-fitting elasticity with a marled finish with blended multitone yarn appearance,fabric material color finish textile
Fabric + Color + Finish,Material Combination,"gray spandex blend, satin-sheen finish",gray stretch spandex-blend fabric with smooth close-fitting elasticity with a subtle satin-sheen finish with controlled luster,fabric material color finish textile
Fabric + Color + Finish,Material Combination,"charcoal spandex blend, matte finish",charcoal stretch spandex-blend fabric with smooth close-fitting elasticity with a matte surface finish with minimal reflectivity,fabric material color finish textile
Fabric + Color + Finish,Material Combination,"charcoal spandex blend, glossy finish",charcoal stretch spandex-blend fabric with smooth close-fitting elasticity with a glossy surface finish with stronger reflectivity,fabric material color finish textile
Fabric + Color + Finish,Material Combination,"charcoal spandex blend, brushed finish",charcoal stretch spandex-blend fabric with smooth close-fitting elasticity with a brushed surface finish with softened diffused texture,fabric material color finish textile
Fabric + Color + Finish,Material Combination,"charcoal spandex blend, washed finish",charcoal stretch spandex-blend fabric with smooth close-fitting elasticity with a washed finish with softened lived-in coloration,fabric material color finish textile
Fabric + Color + Finish,Material Combination,"charcoal spandex blend, distressed finish",charcoal stretch spandex-blend fabric with smooth close-fitting elasticity with a distressed finish with visible wear character,fabric material color finish textile
Fabric + Color + Finish,Material Combination,"charcoal spandex blend, heathered finish",charcoal stretch spandex-blend fabric with smooth close-fitting elasticity with a heathered finish with mixed tonal fibers,fabric material color finish textile
Fabric + Color + Finish,Material Combination,"charcoal spandex blend, marled finish",charcoal stretch spandex-blend fabric with smooth close-fitting elasticity with a marled finish with blended multitone yarn appearance,fabric material color finish textile
Fabric + Color + Finish,Material Combination,"charcoal spandex blend, satin-sheen finish",charcoal stretch spandex-blend fabric with smooth close-fitting elasticity with a subtle satin-sheen finish with controlled luster,fabric material color finish textile
Fabric + Color + Finish,Material Combination,"navy spandex blend, matte finish",navy stretch spandex-blend fabric with smooth close-fitting elasticity with a matte surface finish with minimal reflectivity,fabric material color finish textile
Fabric + Color + Finish,Material Combination,"navy spandex blend, glossy finish",navy stretch spandex-blend fabric with smooth close-fitting elasticity with a glossy surface finish with stronger reflectivity,fabric material color finish textile
Fabric + Color + Finish,Material Combination,"navy spandex blend, brushed finish",navy stretch spandex-blend fabric with smooth close-fitting elasticity with a brushed surface finish with softened diffused texture,fabric material color finish textile
Fabric + Color + Finish,Material Combination,"navy spandex blend, washed finish",navy stretch spandex-blend fabric with smooth close-fitting elasticity with a washed finish with softened lived-in coloration,fabric material color finish textile
Fabric + Color + Finish,Material Combination,"navy spandex blend, distressed finish",navy stretch spandex-blend fabric with smooth close-fitting elasticity with a distressed finish with visible wear character,fabric material color finish textile
Fabric + Color + Finish,Material Combination,"navy spandex blend, heathered finish",navy stretch spandex-blend fabric with smooth close-fitting elasticity with a heathered finish with mixed tonal fibers,fabric material color finish textile
Fabric + Color + Finish,Material Combination,"navy spandex blend, marled finish",navy stretch spandex-blend fabric with smooth close-fitting elasticity with a marled finish with blended multitone yarn appearance,fabric material color finish textile
Fabric + Color + Finish,Material Combination,"navy spandex blend, satin-sheen finish",navy stretch spandex-blend fabric with smooth close-fitting elasticity with a subtle satin-sheen finish with controlled luster,fabric material color finish textile
Fabric + Color + Finish,Material Combination,"royal blue spandex blend, matte finish",royal blue stretch spandex-blend fabric with smooth close-fitting elasticity with a matte surface finish with minimal reflectivity,fabric material color finish textile
Fabric + Color + Finish,Material Combination,"royal blue spandex blend, glossy finish",royal blue stretch spandex-blend fabric with smooth close-fitting elasticity with a glossy surface finish with stronger reflectivity,fabric material color finish textile
Fabric + Color + Finish,Material Combination,"royal blue spandex blend, brushed finish",royal blue stretch spandex-blend fabric with smooth close-fitting elasticity with a brushed surface finish with softened diffused texture,fabric material color finish textile
Fabric + Color + Finish,Material Combination,"royal blue spandex blend, washed finish",royal blue stretch spandex-blend fabric with smooth close-fitting elasticity with a washed finish with softened lived-in coloration,fabric material color finish textile
Fabric + Color + Finish,Material Combination,"royal blue spandex blend, distressed finish",royal blue stretch spandex-blend fabric with smooth close-fitting elasticity with a distressed finish with visible wear character,fabric material color finish textile
Fabric + Color + Finish,Material Combination,"royal blue spandex blend, heathered finish",royal blue stretch spandex-blend fabric with smooth close-fitting elasticity with a heathered finish with mixed tonal fibers,fabric material color finish textile
Fabric + Color + Finish,Material Combination,"royal blue spandex blend, marled finish",royal blue stretch spandex-blend fabric with smooth close-fitting elasticity with a marled finish with blended multitone yarn appearance,fabric material color finish textile
Fabric + Color + Finish,Material Combination,"royal blue spandex blend, satin-sheen finish",royal blue stretch spandex-blend fabric with smooth close-fitting elasticity with a subtle satin-sheen finish with controlled luster,fabric material color finish textile
Fabric + Color + Finish,Material Combination,"sky blue spandex blend, matte finish",sky blue stretch spandex-blend fabric with smooth close-fitting elasticity with a matte surface finish with minimal reflectivity,fabric material color finish textile
Fabric + Color + Finish,Material Combination,"sky blue spandex blend, glossy finish",sky blue stretch spandex-blend fabric with smooth close-fitting elasticity with a glossy surface finish with stronger reflectivity,fabric material color finish textile
Fabric + Color + Finish,Material Combination,"sky blue spandex blend, brushed finish",sky blue stretch spandex-blend fabric with smooth close-fitting elasticity with a brushed surface finish with softened diffused texture,fabric material color finish textile
Fabric + Color + Finish,Material Combination,"sky blue spandex blend, washed finish",sky blue stretch spandex-blend fabric with smooth close-fitting elasticity with a washed finish with softened lived-in coloration,fabric material color finish textile
Fabric + Color + Finish,Material Combination,"sky blue spandex blend, distressed finish",sky blue stretch spandex-blend fabric with smooth close-fitting elasticity with a distressed finish with visible wear character,fabric material color finish textile
Fabric + Color + Finish,Material Combination,"sky blue spandex blend, heathered finish",sky blue stretch spandex-blend fabric with smooth close-fitting elasticity with a heathered finish with mixed tonal fibers,fabric material color finish textile
Fabric + Color + Finish,Material Combination,"sky blue spandex blend, marled finish",sky blue stretch spandex-blend fabric with smooth close-fitting elasticity with a marled finish with blended multitone yarn appearance,fabric material color finish textile
Fabric + Color + Finish,Material Combination,"sky blue spandex blend, satin-sheen finish",sky blue stretch spandex-blend fabric with smooth close-fitting elasticity with a subtle satin-sheen finish with controlled luster,fabric material color finish textile
Fabric + Color + Finish,Material Combination,"red spandex blend, matte finish",red stretch spandex-blend fabric with smooth close-fitting elasticity with a matte surface finish with minimal reflectivity,fabric material color finish textile
Fabric + Color + Finish,Material Combination,"red spandex blend, glossy finish",red stretch spandex-blend fabric with smooth close-fitting elasticity with a glossy surface finish with stronger reflectivity,fabric material color finish textile
Fabric + Color + Finish,Material Combination,"red spandex blend, brushed finish",red stretch spandex-blend fabric with smooth close-fitting elasticity with a brushed surface finish with softened diffused texture,fabric material color finish textile
Fabric + Color + Finish,Material Combination,"red spandex blend, washed finish",red stretch spandex-blend fabric with smooth close-fitting elasticity with a washed finish with softened lived-in coloration,fabric material color finish textile
Fabric + Color + Finish,Material Combination,"red spandex blend, distressed finish",red stretch spandex-blend fabric with smooth close-fitting elasticity with a distressed finish with visible wear character,fabric material color finish textile
Fabric + Color + Finish,Material Combination,"red spandex blend, heathered finish",red stretch spandex-blend fabric with smooth close-fitting elasticity with a heathered finish with mixed tonal fibers,fabric material color finish textile
Fabric + Color + Finish,Material Combination,"red spandex blend, marled finish",red stretch spandex-blend fabric with smooth close-fitting elasticity with a marled finish with blended multitone yarn appearance,fabric material color finish textile
Fabric + Color + Finish,Material Combination,"red spandex blend, satin-sheen finish",red stretch spandex-blend fabric with smooth close-fitting elasticity with a subtle satin-sheen finish with controlled luster,fabric material color finish textile
Fabric + Color + Finish,Material Combination,"burgundy spandex blend, matte finish",burgundy stretch spandex-blend fabric with smooth close-fitting elasticity with a matte surface finish with minimal reflectivity,fabric material color finish textile
Fabric + Color + Finish,Material Combination,"burgundy spandex blend, glossy finish",burgundy stretch spandex-blend fabric with smooth close-fitting elasticity with a glossy surface finish with stronger reflectivity,fabric material color finish textile
Fabric + Color + Finish,Material Combination,"burgundy spandex blend, brushed finish",burgundy stretch spandex-blend fabric with smooth close-fitting elasticity with a brushed surface finish with softened diffused texture,fabric material color finish textile
Fabric + Color + Finish,Material Combination,"burgundy spandex blend, washed finish",burgundy stretch spandex-blend fabric with smooth close-fitting elasticity with a washed finish with softened lived-in coloration,fabric material color finish textile
Fabric + Color + Finish,Material Combination,"burgundy spandex blend, distressed finish",burgundy stretch spandex-blend fabric with smooth close-fitting elasticity with a distressed finish with visible wear character,fabric material color finish textile
Fabric + Color + Finish,Material Combination,"burgundy spandex blend, heathered finish",burgundy stretch spandex-blend fabric with smooth close-fitting elasticity with a heathered finish with mixed tonal fibers,fabric material color finish textile
Fabric + Color + Finish,Material Combination,"burgundy spandex blend, marled finish",burgundy stretch spandex-blend fabric with smooth close-fitting elasticity with a marled finish with blended multitone yarn appearance,fabric material color finish textile
Fabric + Color + Finish,Material Combination,"burgundy spandex blend, satin-sheen finish",burgundy stretch spandex-blend fabric with smooth close-fitting elasticity with a subtle satin-sheen finish with controlled luster,fabric material color finish textile
Fabric + Color + Finish,Material Combination,"pink spandex blend, matte finish",pink stretch spandex-blend fabric with smooth close-fitting elasticity with a matte surface finish with minimal reflectivity,fabric material color finish textile
Fabric + Color + Finish,Material Combination,"pink spandex blend, glossy finish",pink stretch spandex-blend fabric with smooth close-fitting elasticity with a glossy surface finish with stronger reflectivity,fabric material color finish textile
Fabric + Color + Finish,Material Combination,"pink spandex blend, brushed finish",pink stretch spandex-blend fabric with smooth close-fitting elasticity with a brushed surface finish with softened diffused texture,fabric material color finish textile
Fabric + Color + Finish,Material Combination,"pink spandex blend, washed finish",pink stretch spandex-blend fabric with smooth close-fitting elasticity with a washed finish with softened lived-in coloration,fabric material color finish textile
Fabric + Color + Finish,Material Combination,"pink spandex blend, distressed finish",pink stretch spandex-blend fabric with smooth close-fitting elasticity with a distressed finish with visible wear character,fabric material color finish textile
Fabric + Color + Finish,Material Combination,"pink spandex blend, heathered finish",pink stretch spandex-blend fabric with smooth close-fitting elasticity with a heathered finish with mixed tonal fibers,fabric material color finish textile
Fabric + Color + Finish,Material Combination,"pink spandex blend, marled finish",pink stretch spandex-blend fabric with smooth close-fitting elasticity with a marled finish with blended multitone yarn appearance,fabric material color finish textile
Fabric + Color + Finish,Material Combination,"pink spandex blend, satin-sheen finish",pink stretch spandex-blend fabric with smooth close-fitting elasticity with a subtle satin-sheen finish with controlled luster,fabric material color finish textile
Fabric + Color + Finish,Material Combination,"hot pink spandex blend, matte finish",hot pink stretch spandex-blend fabric with smooth close-fitting elasticity with a matte surface finish with minimal reflectivity,fabric material color finish textile
Fabric + Color + Finish,Material Combination,"hot pink spandex blend, glossy finish",hot pink stretch spandex-blend fabric with smooth close-fitting elasticity with a glossy surface finish with stronger reflectivity,fabric material color finish textile
Fabric + Color + Finish,Material Combination,"hot pink spandex blend, brushed finish",hot pink stretch spandex-blend fabric with smooth close-fitting elasticity with a brushed surface finish with softened diffused texture,fabric material color finish textile
Fabric + Color + Finish,Material Combination,"hot pink spandex blend, washed finish",hot pink stretch spandex-blend fabric with smooth close-fitting elasticity with a washed finish with softened lived-in coloration,fabric material color finish textile
Fabric + Color + Finish,Material Combination,"hot pink spandex blend, distressed finish",hot pink stretch spandex-blend fabric with smooth close-fitting elasticity with a distressed finish with visible wear character,fabric material color finish textile
Fabric + Color + Finish,Material Combination,"hot pink spandex blend, heathered finish",hot pink stretch spandex-blend fabric with smooth close-fitting elasticity with a heathered finish with mixed tonal fibers,fabric material color finish textile
Fabric + Color + Finish,Material Combination,"hot pink spandex blend, marled finish",hot pink stretch spandex-blend fabric with smooth close-fitting elasticity with a marled finish with blended multitone yarn appearance,fabric material color finish textile
Fabric + Color + Finish,Material Combination,"hot pink spandex blend, satin-sheen finish",hot pink stretch spandex-blend fabric with smooth close-fitting elasticity with a subtle satin-sheen finish with controlled luster,fabric material color finish textile
Fabric + Color + Finish,Material Combination,"orange spandex blend, matte finish",orange stretch spandex-blend fabric with smooth close-fitting elasticity with a matte surface finish with minimal reflectivity,fabric material color finish textile
Fabric + Color + Finish,Material Combination,"orange spandex blend, glossy finish",orange stretch spandex-blend fabric with smooth close-fitting elasticity with a glossy surface finish with stronger reflectivity,fabric material color finish textile
Fabric + Color + Finish,Material Combination,"orange spandex blend, brushed finish",orange stretch spandex-blend fabric with smooth close-fitting elasticity with a brushed surface finish with softened diffused texture,fabric material color finish textile
Fabric + Color + Finish,Material Combination,"orange spandex blend, washed finish",orange stretch spandex-blend fabric with smooth close-fitting elasticity with a washed finish with softened lived-in coloration,fabric material color finish textile
Fabric + Color + Finish,Material Combination,"orange spandex blend, distressed finish",orange stretch spandex-blend fabric with smooth close-fitting elasticity with a distressed finish with visible wear character,fabric material color finish textile
Fabric + Color + Finish,Material Combination,"orange spandex blend, heathered finish",orange stretch spandex-blend fabric with smooth close-fitting elasticity with a heathered finish with mixed tonal fibers,fabric material color finish textile
Fabric + Color + Finish,Material Combination,"orange spandex blend, marled finish",orange stretch spandex-blend fabric with smooth close-fitting elasticity with a marled finish with blended multitone yarn appearance,fabric material color finish textile
Fabric + Color + Finish,Material Combination,"orange spandex blend, satin-sheen finish",orange stretch spandex-blend fabric with smooth close-fitting elasticity with a subtle satin-sheen finish with controlled luster,fabric material color finish textile
Fabric + Color + Finish,Material Combination,"yellow spandex blend, matte finish",yellow stretch spandex-blend fabric with smooth close-fitting elasticity with a matte surface finish with minimal reflectivity,fabric material color finish textile
Fabric + Color + Finish,Material Combination,"yellow spandex blend, glossy finish",yellow stretch spandex-blend fabric with smooth close-fitting elasticity with a glossy surface finish with stronger reflectivity,fabric material color finish textile
Fabric + Color + Finish,Material Combination,"yellow spandex blend, brushed finish",yellow stretch spandex-blend fabric with smooth close-fitting elasticity with a brushed surface finish with softened diffused texture,fabric material color finish textile
Fabric + Color + Finish,Material Combination,"yellow spandex blend, washed finish",yellow stretch spandex-blend fabric with smooth close-fitting elasticity with a washed finish with softened lived-in coloration,fabric material color finish textile
Fabric + Color + Finish,Material Combination,"yellow spandex blend, distressed finish",yellow stretch spandex-blend fabric with smooth close-fitting elasticity with a distressed finish with visible wear character,fabric material color finish textile
Fabric + Color + Finish,Material Combination,"yellow spandex blend, heathered finish",yellow stretch spandex-blend fabric with smooth close-fitting elasticity with a heathered finish with mixed tonal fibers,fabric material color finish textile
Fabric + Color + Finish,Material Combination,"yellow spandex blend, marled finish",yellow stretch spandex-blend fabric with smooth close-fitting elasticity with a marled finish with blended multitone yarn appearance,fabric material color finish textile
Fabric + Color + Finish,Material Combination,"yellow spandex blend, satin-sheen finish",yellow stretch spandex-blend fabric with smooth close-fitting elasticity with a subtle satin-sheen finish with controlled luster,fabric material color finish textile
Fabric + Color + Finish,Material Combination,"olive green spandex blend, matte finish",olive green stretch spandex-blend fabric with smooth close-fitting elasticity with a matte surface finish with minimal reflectivity,fabric material color finish textile
Fabric + Color + Finish,Material Combination,"olive green spandex blend, glossy finish",olive green stretch spandex-blend fabric with smooth close-fitting elasticity with a glossy surface finish with stronger reflectivity,fabric material color finish textile
Fabric + Color + Finish,Material Combination,"olive green spandex blend, brushed finish",olive green stretch spandex-blend fabric with smooth close-fitting elasticity with a brushed surface finish with softened diffused texture,fabric material color finish textile
Fabric + Color + Finish,Material Combination,"olive green spandex blend, washed finish",olive green stretch spandex-blend fabric with smooth close-fitting elasticity with a washed finish with softened lived-in coloration,fabric material color finish textile
Fabric + Color + Finish,Material Combination,"olive green spandex blend, distressed finish",olive green stretch spandex-blend fabric with smooth close-fitting elasticity with a distressed finish with visible wear character,fabric material color finish textile
Fabric + Color + Finish,Material Combination,"olive green spandex blend, heathered finish",olive green stretch spandex-blend fabric with smooth close-fitting elasticity with a heathered finish with mixed tonal fibers,fabric material color finish textile
Fabric + Color + Finish,Material Combination,"olive green spandex blend, marled finish",olive green stretch spandex-blend fabric with smooth close-fitting elasticity with a marled finish with blended multitone yarn appearance,fabric material color finish textile
Fabric + Color + Finish,Material Combination,"olive green spandex blend, satin-sheen finish",olive green stretch spandex-blend fabric with smooth close-fitting elasticity with a subtle satin-sheen finish with controlled luster,fabric material color finish textile
Fabric + Color + Finish,Material Combination,"sage green spandex blend, matte finish",sage green stretch spandex-blend fabric with smooth close-fitting elasticity with a matte surface finish with minimal reflectivity,fabric material color finish textile
Fabric + Color + Finish,Material Combination,"sage green spandex blend, glossy finish",sage green stretch spandex-blend fabric with smooth close-fitting elasticity with a glossy surface finish with stronger reflectivity,fabric material color finish textile
Fabric + Color + Finish,Material Combination,"sage green spandex blend, brushed finish",sage green stretch spandex-blend fabric with smooth close-fitting elasticity with a brushed surface finish with softened diffused texture,fabric material color finish textile
Fabric + Color + Finish,Material Combination,"sage green spandex blend, washed finish",sage green stretch spandex-blend fabric with smooth close-fitting elasticity with a washed finish with softened lived-in coloration,fabric material color finish textile
Fabric + Color + Finish,Material Combination,"sage green spandex blend, distressed finish",sage green stretch spandex-blend fabric with smooth close-fitting elasticity with a distressed finish with visible wear character,fabric material color finish textile
Fabric + Color + Finish,Material Combination,"sage green spandex blend, heathered finish",sage green stretch spandex-blend fabric with smooth close-fitting elasticity with a heathered finish with mixed tonal fibers,fabric material color finish textile
Fabric + Color + Finish,Material Combination,"sage green spandex blend, marled finish",sage green stretch spandex-blend fabric with smooth close-fitting elasticity with a marled finish with blended multitone yarn appearance,fabric material color finish textile
Fabric + Color + Finish,Material Combination,"sage green spandex blend, satin-sheen finish",sage green stretch spandex-blend fabric with smooth close-fitting elasticity with a subtle satin-sheen finish with controlled luster,fabric material color finish textile
Fabric + Color + Finish,Material Combination,"emerald green spandex blend, matte finish",emerald green stretch spandex-blend fabric with smooth close-fitting elasticity with a matte surface finish with minimal reflectivity,fabric material color finish textile
Fabric + Color + Finish,Material Combination,"emerald green spandex blend, glossy finish",emerald green stretch spandex-blend fabric with smooth close-fitting elasticity with a glossy surface finish with stronger reflectivity,fabric material color finish textile
Fabric + Color + Finish,Material Combination,"emerald green spandex blend, brushed finish",emerald green stretch spandex-blend fabric with smooth close-fitting elasticity with a brushed surface finish with softened diffused texture,fabric material color finish textile
Fabric + Color + Finish,Material Combination,"emerald green spandex blend, washed finish",emerald green stretch spandex-blend fabric with smooth close-fitting elasticity with a washed finish with softened lived-in coloration,fabric material color finish textile
Fabric + Color + Finish,Material Combination,"emerald green spandex blend, distressed finish",emerald green stretch spandex-blend fabric with smooth close-fitting elasticity with a distressed finish with visible wear character,fabric material color finish textile
Fabric + Color + Finish,Material Combination,"emerald green spandex blend, heathered finish",emerald green stretch spandex-blend fabric with smooth close-fitting elasticity with a heathered finish with mixed tonal fibers,fabric material color finish textile
Fabric + Color + Finish,Material Combination,"emerald green spandex blend, marled finish",emerald green stretch spandex-blend fabric with smooth close-fitting elasticity with a marled finish with blended multitone yarn appearance,fabric material color finish textile
Fabric + Color + Finish,Material Combination,"emerald green spandex blend, satin-sheen finish",emerald green stretch spandex-blend fabric with smooth close-fitting elasticity with a subtle satin-sheen finish with controlled luster,fabric material color finish textile
Fabric + Color + Finish,Material Combination,"teal spandex blend, matte finish",teal stretch spandex-blend fabric with smooth close-fitting elasticity with a matte surface finish with minimal reflectivity,fabric material color finish textile
Fabric + Color + Finish,Material Combination,"teal spandex blend, glossy finish",teal stretch spandex-blend fabric with smooth close-fitting elasticity with a glossy surface finish with stronger reflectivity,fabric material color finish textile
Fabric + Color + Finish,Material Combination,"teal spandex blend, brushed finish",teal stretch spandex-blend fabric with smooth close-fitting elasticity with a brushed surface finish with softened diffused texture,fabric material color finish textile
Fabric + Color + Finish,Material Combination,"teal spandex blend, washed finish",teal stretch spandex-blend fabric with smooth close-fitting elasticity with a washed finish with softened lived-in coloration,fabric material color finish textile
Fabric + Color + Finish,Material Combination,"teal spandex blend, distressed finish",teal stretch spandex-blend fabric with smooth close-fitting elasticity with a distressed finish with visible wear character,fabric material color finish textile
Fabric + Color + Finish,Material Combination,"teal spandex blend, heathered finish",teal stretch spandex-blend fabric with smooth close-fitting elasticity with a heathered finish with mixed tonal fibers,fabric material color finish textile
Fabric + Color + Finish,Material Combination,"teal spandex blend, marled finish",teal stretch spandex-blend fabric with smooth close-fitting elasticity with a marled finish with blended multitone yarn appearance,fabric material color finish textile
Fabric + Color + Finish,Material Combination,"teal spandex blend, satin-sheen finish",teal stretch spandex-blend fabric with smooth close-fitting elasticity with a subtle satin-sheen finish with controlled luster,fabric material color finish textile
Fabric + Color + Finish,Material Combination,"purple spandex blend, matte finish",purple stretch spandex-blend fabric with smooth close-fitting elasticity with a matte surface finish with minimal reflectivity,fabric material color finish textile
Fabric + Color + Finish,Material Combination,"purple spandex blend, glossy finish",purple stretch spandex-blend fabric with smooth close-fitting elasticity with a glossy surface finish with stronger reflectivity,fabric material color finish textile
Fabric + Color + Finish,Material Combination,"purple spandex blend, brushed finish",purple stretch spandex-blend fabric with smooth close-fitting elasticity with a brushed surface finish with softened diffused texture,fabric material color finish textile
Fabric + Color + Finish,Material Combination,"purple spandex blend, washed finish",purple stretch spandex-blend fabric with smooth close-fitting elasticity with a washed finish with softened lived-in coloration,fabric material color finish textile
Fabric + Color + Finish,Material Combination,"purple spandex blend, distressed finish",purple stretch spandex-blend fabric with smooth close-fitting elasticity with a distressed finish with visible wear character,fabric material color finish textile
Fabric + Color + Finish,Material Combination,"purple spandex blend, heathered finish",purple stretch spandex-blend fabric with smooth close-fitting elasticity with a heathered finish with mixed tonal fibers,fabric material color finish textile
Fabric + Color + Finish,Material Combination,"purple spandex blend, marled finish",purple stretch spandex-blend fabric with smooth close-fitting elasticity with a marled finish with blended multitone yarn appearance,fabric material color finish textile
Fabric + Color + Finish,Material Combination,"purple spandex blend, satin-sheen finish",purple stretch spandex-blend fabric with smooth close-fitting elasticity with a subtle satin-sheen finish with controlled luster,fabric material color finish textile
Fabric + Color + Finish,Material Combination,"lavender spandex blend, matte finish",lavender stretch spandex-blend fabric with smooth close-fitting elasticity with a matte surface finish with minimal reflectivity,fabric material color finish textile
Fabric + Color + Finish,Material Combination,"lavender spandex blend, glossy finish",lavender stretch spandex-blend fabric with smooth close-fitting elasticity with a glossy surface finish with stronger reflectivity,fabric material color finish textile
Fabric + Color + Finish,Material Combination,"lavender spandex blend, brushed finish",lavender stretch spandex-blend fabric with smooth close-fitting elasticity with a brushed surface finish with softened diffused texture,fabric material color finish textile
Fabric + Color + Finish,Material Combination,"lavender spandex blend, washed finish",lavender stretch spandex-blend fabric with smooth close-fitting elasticity with a washed finish with softened lived-in coloration,fabric material color finish textile
Fabric + Color + Finish,Material Combination,"lavender spandex blend, distressed finish",lavender stretch spandex-blend fabric with smooth close-fitting elasticity with a distressed finish with visible wear character,fabric material color finish textile
Fabric + Color + Finish,Material Combination,"lavender spandex blend, heathered finish",lavender stretch spandex-blend fabric with smooth close-fitting elasticity with a heathered finish with mixed tonal fibers,fabric material color finish textile
Fabric + Color + Finish,Material Combination,"lavender spandex blend, marled finish",lavender stretch spandex-blend fabric with smooth close-fitting elasticity with a marled finish with blended multitone yarn appearance,fabric material color finish textile
Fabric + Color + Finish,Material Combination,"lavender spandex blend, satin-sheen finish",lavender stretch spandex-blend fabric with smooth close-fitting elasticity with a subtle satin-sheen finish with controlled luster,fabric material color finish textile
Fabric + Color + Finish,Material Combination,"brown spandex blend, matte finish",brown stretch spandex-blend fabric with smooth close-fitting elasticity with a matte surface finish with minimal reflectivity,fabric material color finish textile
Fabric + Color + Finish,Material Combination,"brown spandex blend, glossy finish",brown stretch spandex-blend fabric with smooth close-fitting elasticity with a glossy surface finish with stronger reflectivity,fabric material color finish textile
Fabric + Color + Finish,Material Combination,"brown spandex blend, brushed finish",brown stretch spandex-blend fabric with smooth close-fitting elasticity with a brushed surface finish with softened diffused texture,fabric material color finish textile
Fabric + Color + Finish,Material Combination,"brown spandex blend, washed finish",brown stretch spandex-blend fabric with smooth close-fitting elasticity with a washed finish with softened lived-in coloration,fabric material color finish textile
Fabric + Color + Finish,Material Combination,"brown spandex blend, distressed finish",brown stretch spandex-blend fabric with smooth close-fitting elasticity with a distressed finish with visible wear character,fabric material color finish textile
Fabric + Color + Finish,Material Combination,"brown spandex blend, heathered finish",brown stretch spandex-blend fabric with smooth close-fitting elasticity with a heathered finish with mixed tonal fibers,fabric material color finish textile
Fabric + Color + Finish,Material Combination,"brown spandex blend, marled finish",brown stretch spandex-blend fabric with smooth close-fitting elasticity with a marled finish with blended multitone yarn appearance,fabric material color finish textile
Fabric + Color + Finish,Material Combination,"brown spandex blend, satin-sheen finish",brown stretch spandex-blend fabric with smooth close-fitting elasticity with a subtle satin-sheen finish with controlled luster,fabric material color finish textile
Fabric + Color + Finish,Material Combination,"tan spandex blend, matte finish",tan stretch spandex-blend fabric with smooth close-fitting elasticity with a matte surface finish with minimal reflectivity,fabric material color finish textile
Fabric + Color + Finish,Material Combination,"tan spandex blend, glossy finish",tan stretch spandex-blend fabric with smooth close-fitting elasticity with a glossy surface finish with stronger reflectivity,fabric material color finish textile
Fabric + Color + Finish,Material Combination,"tan spandex blend, brushed finish",tan stretch spandex-blend fabric with smooth close-fitting elasticity with a brushed surface finish with softened diffused texture,fabric material color finish textile
Fabric + Color + Finish,Material Combination,"tan spandex blend, washed finish",tan stretch spandex-blend fabric with smooth close-fitting elasticity with a washed finish with softened lived-in coloration,fabric material color finish textile
Fabric + Color + Finish,Material Combination,"tan spandex blend, distressed finish",tan stretch spandex-blend fabric with smooth close-fitting elasticity with a distressed finish with visible wear character,fabric material color finish textile
Fabric + Color + Finish,Material Combination,"tan spandex blend, heathered finish",tan stretch spandex-blend fabric with smooth close-fitting elasticity with a heathered finish with mixed tonal fibers,fabric material color finish textile
Fabric + Color + Finish,Material Combination,"tan spandex blend, marled finish",tan stretch spandex-blend fabric with smooth close-fitting elasticity with a marled finish with blended multitone yarn appearance,fabric material color finish textile
Fabric + Color + Finish,Material Combination,"tan spandex blend, satin-sheen finish",tan stretch spandex-blend fabric with smooth close-fitting elasticity with a subtle satin-sheen finish with controlled luster,fabric material color finish textile
Fabric + Color + Finish,Material Combination,"silver spandex blend, matte finish",silver stretch spandex-blend fabric with smooth close-fitting elasticity with a matte surface finish with minimal reflectivity,fabric material color finish textile
Fabric + Color + Finish,Material Combination,"silver spandex blend, glossy finish",silver stretch spandex-blend fabric with smooth close-fitting elasticity with a glossy surface finish with stronger reflectivity,fabric material color finish textile
Fabric + Color + Finish,Material Combination,"silver spandex blend, brushed finish",silver stretch spandex-blend fabric with smooth close-fitting elasticity with a brushed surface finish with softened diffused texture,fabric material color finish textile
Fabric + Color + Finish,Material Combination,"silver spandex blend, washed finish",silver stretch spandex-blend fabric with smooth close-fitting elasticity with a washed finish with softened lived-in coloration,fabric material color finish textile
Fabric + Color + Finish,Material Combination,"silver spandex blend, distressed finish",silver stretch spandex-blend fabric with smooth close-fitting elasticity with a distressed finish with visible wear character,fabric material color finish textile
Fabric + Color + Finish,Material Combination,"silver spandex blend, heathered finish",silver stretch spandex-blend fabric with smooth close-fitting elasticity with a heathered finish with mixed tonal fibers,fabric material color finish textile
Fabric + Color + Finish,Material Combination,"silver spandex blend, marled finish",silver stretch spandex-blend fabric with smooth close-fitting elasticity with a marled finish with blended multitone yarn appearance,fabric material color finish textile
Fabric + Color + Finish,Material Combination,"silver spandex blend, satin-sheen finish",silver stretch spandex-blend fabric with smooth close-fitting elasticity with a subtle satin-sheen finish with controlled luster,fabric material color finish textile
Fabric + Color + Finish,Material Combination,"gold spandex blend, matte finish",gold stretch spandex-blend fabric with smooth close-fitting elasticity with a matte surface finish with minimal reflectivity,fabric material color finish textile
Fabric + Color + Finish,Material Combination,"gold spandex blend, glossy finish",gold stretch spandex-blend fabric with smooth close-fitting elasticity with a glossy surface finish with stronger reflectivity,fabric material color finish textile
Fabric + Color + Finish,Material Combination,"gold spandex blend, brushed finish",gold stretch spandex-blend fabric with smooth close-fitting elasticity with a brushed surface finish with softened diffused texture,fabric material color finish textile
Fabric + Color + Finish,Material Combination,"gold spandex blend, washed finish",gold stretch spandex-blend fabric with smooth close-fitting elasticity with a washed finish with softened lived-in coloration,fabric material color finish textile
Fabric + Color + Finish,Material Combination,"gold spandex blend, distressed finish",gold stretch spandex-blend fabric with smooth close-fitting elasticity with a distressed finish with visible wear character,fabric material color finish textile
Fabric + Color + Finish,Material Combination,"gold spandex blend, heathered finish",gold stretch spandex-blend fabric with smooth close-fitting elasticity with a heathered finish with mixed tonal fibers,fabric material color finish textile
Fabric + Color + Finish,Material Combination,"gold spandex blend, marled finish",gold stretch spandex-blend fabric with smooth close-fitting elasticity with a marled finish with blended multitone yarn appearance,fabric material color finish textile
Fabric + Color + Finish,Material Combination,"gold spandex blend, satin-sheen finish",gold stretch spandex-blend fabric with smooth close-fitting elasticity with a subtle satin-sheen finish with controlled luster,fabric material color finish textile
Fabric + Color + Finish,Material Combination,"white seamless marl knit, matte finish",white seamless marl-knit fabric with fine tonal heathering with a matte surface finish with minimal reflectivity,fabric material color finish textile
Fabric + Color + Finish,Material Combination,"white seamless marl knit, glossy finish",white seamless marl-knit fabric with fine tonal heathering with a glossy surface finish with stronger reflectivity,fabric material color finish textile
Fabric + Color + Finish,Material Combination,"white seamless marl knit, brushed finish",white seamless marl-knit fabric with fine tonal heathering with a brushed surface finish with softened diffused texture,fabric material color finish textile
Fabric + Color + Finish,Material Combination,"white seamless marl knit, washed finish",white seamless marl-knit fabric with fine tonal heathering with a washed finish with softened lived-in coloration,fabric material color finish textile
Fabric + Color + Finish,Material Combination,"white seamless marl knit, distressed finish",white seamless marl-knit fabric with fine tonal heathering with a distressed finish with visible wear character,fabric material color finish textile
Fabric + Color + Finish,Material Combination,"white seamless marl knit, heathered finish",white seamless marl-knit fabric with fine tonal heathering with a heathered finish with mixed tonal fibers,fabric material color finish textile
Fabric + Color + Finish,Material Combination,"white seamless marl knit, marled finish",white seamless marl-knit fabric with fine tonal heathering with a marled finish with blended multitone yarn appearance,fabric material color finish textile
Fabric + Color + Finish,Material Combination,"white seamless marl knit, satin-sheen finish",white seamless marl-knit fabric with fine tonal heathering with a subtle satin-sheen finish with controlled luster,fabric material color finish textile
Fabric + Color + Finish,Material Combination,"black seamless marl knit, matte finish",black seamless marl-knit fabric with fine tonal heathering with a matte surface finish with minimal reflectivity,fabric material color finish textile
Fabric + Color + Finish,Material Combination,"black seamless marl knit, glossy finish",black seamless marl-knit fabric with fine tonal heathering with a glossy surface finish with stronger reflectivity,fabric material color finish textile
Fabric + Color + Finish,Material Combination,"black seamless marl knit, brushed finish",black seamless marl-knit fabric with fine tonal heathering with a brushed surface finish with softened diffused texture,fabric material color finish textile
Fabric + Color + Finish,Material Combination,"black seamless marl knit, washed finish",black seamless marl-knit fabric with fine tonal heathering with a washed finish with softened lived-in coloration,fabric material color finish textile
Fabric + Color + Finish,Material Combination,"black seamless marl knit, distressed finish",black seamless marl-knit fabric with fine tonal heathering with a distressed finish with visible wear character,fabric material color finish textile
Fabric + Color + Finish,Material Combination,"black seamless marl knit, heathered finish",black seamless marl-knit fabric with fine tonal heathering with a heathered finish with mixed tonal fibers,fabric material color finish textile
Fabric + Color + Finish,Material Combination,"black seamless marl knit, marled finish",black seamless marl-knit fabric with fine tonal heathering with a marled finish with blended multitone yarn appearance,fabric material color finish textile
Fabric + Color + Finish,Material Combination,"black seamless marl knit, satin-sheen finish",black seamless marl-knit fabric with fine tonal heathering with a subtle satin-sheen finish with controlled luster,fabric material color finish textile
Fabric + Color + Finish,Material Combination,"cream seamless marl knit, matte finish",cream seamless marl-knit fabric with fine tonal heathering with a matte surface finish with minimal reflectivity,fabric material color finish textile
Fabric + Color + Finish,Material Combination,"cream seamless marl knit, glossy finish",cream seamless marl-knit fabric with fine tonal heathering with a glossy surface finish with stronger reflectivity,fabric material color finish textile
Fabric + Color + Finish,Material Combination,"cream seamless marl knit, brushed finish",cream seamless marl-knit fabric with fine tonal heathering with a brushed surface finish with softened diffused texture,fabric material color finish textile
Fabric + Color + Finish,Material Combination,"cream seamless marl knit, washed finish",cream seamless marl-knit fabric with fine tonal heathering with a washed finish with softened lived-in coloration,fabric material color finish textile
Fabric + Color + Finish,Material Combination,"cream seamless marl knit, distressed finish",cream seamless marl-knit fabric with fine tonal heathering with a distressed finish with visible wear character,fabric material color finish textile
Fabric + Color + Finish,Material Combination,"cream seamless marl knit, heathered finish",cream seamless marl-knit fabric with fine tonal heathering with a heathered finish with mixed tonal fibers,fabric material color finish textile
Fabric + Color + Finish,Material Combination,"cream seamless marl knit, marled finish",cream seamless marl-knit fabric with fine tonal heathering with a marled finish with blended multitone yarn appearance,fabric material color finish textile
Fabric + Color + Finish,Material Combination,"cream seamless marl knit, satin-sheen finish",cream seamless marl-knit fabric with fine tonal heathering with a subtle satin-sheen finish with controlled luster,fabric material color finish textile
Fabric + Color + Finish,Material Combination,"beige seamless marl knit, matte finish",beige seamless marl-knit fabric with fine tonal heathering with a matte surface finish with minimal reflectivity,fabric material color finish textile
Fabric + Color + Finish,Material Combination,"beige seamless marl knit, glossy finish",beige seamless marl-knit fabric with fine tonal heathering with a glossy surface finish with stronger reflectivity,fabric material color finish textile
Fabric + Color + Finish,Material Combination,"beige seamless marl knit, brushed finish",beige seamless marl-knit fabric with fine tonal heathering with a brushed surface finish with softened diffused texture,fabric material color finish textile
Fabric + Color + Finish,Material Combination,"beige seamless marl knit, washed finish",beige seamless marl-knit fabric with fine tonal heathering with a washed finish with softened lived-in coloration,fabric material color finish textile
Fabric + Color + Finish,Material Combination,"beige seamless marl knit, distressed finish",beige seamless marl-knit fabric with fine tonal heathering with a distressed finish with visible wear character,fabric material color finish textile
Fabric + Color + Finish,Material Combination,"beige seamless marl knit, heathered finish",beige seamless marl-knit fabric with fine tonal heathering with a heathered finish with mixed tonal fibers,fabric material color finish textile
Fabric + Color + Finish,Material Combination,"beige seamless marl knit, marled finish",beige seamless marl-knit fabric with fine tonal heathering with a marled finish with blended multitone yarn appearance,fabric material color finish textile
Fabric + Color + Finish,Material Combination,"beige seamless marl knit, satin-sheen finish",beige seamless marl-knit fabric with fine tonal heathering with a subtle satin-sheen finish with controlled luster,fabric material color finish textile
Fabric + Color + Finish,Material Combination,"camel seamless marl knit, matte finish",camel seamless marl-knit fabric with fine tonal heathering with a matte surface finish with minimal reflectivity,fabric material color finish textile
Fabric + Color + Finish,Material Combination,"camel seamless marl knit, glossy finish",camel seamless marl-knit fabric with fine tonal heathering with a glossy surface finish with stronger reflectivity,fabric material color finish textile
Fabric + Color + Finish,Material Combination,"camel seamless marl knit, brushed finish",camel seamless marl-knit fabric with fine tonal heathering with a brushed surface finish with softened diffused texture,fabric material color finish textile
Fabric + Color + Finish,Material Combination,"camel seamless marl knit, washed finish",camel seamless marl-knit fabric with fine tonal heathering with a washed finish with softened lived-in coloration,fabric material color finish textile
Fabric + Color + Finish,Material Combination,"camel seamless marl knit, distressed finish",camel seamless marl-knit fabric with fine tonal heathering with a distressed finish with visible wear character,fabric material color finish textile
Fabric + Color + Finish,Material Combination,"camel seamless marl knit, heathered finish",camel seamless marl-knit fabric with fine tonal heathering with a heathered finish with mixed tonal fibers,fabric material color finish textile
Fabric + Color + Finish,Material Combination,"camel seamless marl knit, marled finish",camel seamless marl-knit fabric with fine tonal heathering with a marled finish with blended multitone yarn appearance,fabric material color finish textile
Fabric + Color + Finish,Material Combination,"camel seamless marl knit, satin-sheen finish",camel seamless marl-knit fabric with fine tonal heathering with a subtle satin-sheen finish with controlled luster,fabric material color finish textile
Fabric + Color + Finish,Material Combination,"gray seamless marl knit, matte finish",gray seamless marl-knit fabric with fine tonal heathering with a matte surface finish with minimal reflectivity,fabric material color finish textile
Fabric + Color + Finish,Material Combination,"gray seamless marl knit, glossy finish",gray seamless marl-knit fabric with fine tonal heathering with a glossy surface finish with stronger reflectivity,fabric material color finish textile
Fabric + Color + Finish,Material Combination,"gray seamless marl knit, brushed finish",gray seamless marl-knit fabric with fine tonal heathering with a brushed surface finish with softened diffused texture,fabric material color finish textile
Fabric + Color + Finish,Material Combination,"gray seamless marl knit, washed finish",gray seamless marl-knit fabric with fine tonal heathering with a washed finish with softened lived-in coloration,fabric material color finish textile
Fabric + Color + Finish,Material Combination,"gray seamless marl knit, distressed finish",gray seamless marl-knit fabric with fine tonal heathering with a distressed finish with visible wear character,fabric material color finish textile
Fabric + Color + Finish,Material Combination,"gray seamless marl knit, heathered finish",gray seamless marl-knit fabric with fine tonal heathering with a heathered finish with mixed tonal fibers,fabric material color finish textile
Fabric + Color + Finish,Material Combination,"gray seamless marl knit, marled finish",gray seamless marl-knit fabric with fine tonal heathering with a marled finish with blended multitone yarn appearance,fabric material color finish textile
Fabric + Color + Finish,Material Combination,"gray seamless marl knit, satin-sheen finish",gray seamless marl-knit fabric with fine tonal heathering with a subtle satin-sheen finish with controlled luster,fabric material color finish textile
Fabric + Color + Finish,Material Combination,"charcoal seamless marl knit, matte finish",charcoal seamless marl-knit fabric with fine tonal heathering with a matte surface finish with minimal reflectivity,fabric material color finish textile
Fabric + Color + Finish,Material Combination,"charcoal seamless marl knit, glossy finish",charcoal seamless marl-knit fabric with fine tonal heathering with a glossy surface finish with stronger reflectivity,fabric material color finish textile
Fabric + Color + Finish,Material Combination,"charcoal seamless marl knit, brushed finish",charcoal seamless marl-knit fabric with fine tonal heathering with a brushed surface finish with softened diffused texture,fabric material color finish textile
Fabric + Color + Finish,Material Combination,"charcoal seamless marl knit, washed finish",charcoal seamless marl-knit fabric with fine tonal heathering with a washed finish with softened lived-in coloration,fabric material color finish textile
Fabric + Color + Finish,Material Combination,"charcoal seamless marl knit, distressed finish",charcoal seamless marl-knit fabric with fine tonal heathering with a distressed finish with visible wear character,fabric material color finish textile
Fabric + Color + Finish,Material Combination,"charcoal seamless marl knit, heathered finish",charcoal seamless marl-knit fabric with fine tonal heathering with a heathered finish with mixed tonal fibers,fabric material color finish textile
Fabric + Color + Finish,Material Combination,"charcoal seamless marl knit, marled finish",charcoal seamless marl-knit fabric with fine tonal heathering with a marled finish with blended multitone yarn appearance,fabric material color finish textile
Fabric + Color + Finish,Material Combination,"charcoal seamless marl knit, satin-sheen finish",charcoal seamless marl-knit fabric with fine tonal heathering with a subtle satin-sheen finish with controlled luster,fabric material color finish textile
Fabric + Color + Finish,Material Combination,"navy seamless marl knit, matte finish",navy seamless marl-knit fabric with fine tonal heathering with a matte surface finish with minimal reflectivity,fabric material color finish textile
Fabric + Color + Finish,Material Combination,"navy seamless marl knit, glossy finish",navy seamless marl-knit fabric with fine tonal heathering with a glossy surface finish with stronger reflectivity,fabric material color finish textile
Fabric + Color + Finish,Material Combination,"navy seamless marl knit, brushed finish",navy seamless marl-knit fabric with fine tonal heathering with a brushed surface finish with softened diffused texture,fabric material color finish textile
Fabric + Color + Finish,Material Combination,"navy seamless marl knit, washed finish",navy seamless marl-knit fabric with fine tonal heathering with a washed finish with softened lived-in coloration,fabric material color finish textile
Fabric + Color + Finish,Material Combination,"navy seamless marl knit, distressed finish",navy seamless marl-knit fabric with fine tonal heathering with a distressed finish with visible wear character,fabric material color finish textile
Fabric + Color + Finish,Material Combination,"navy seamless marl knit, heathered finish",navy seamless marl-knit fabric with fine tonal heathering with a heathered finish with mixed tonal fibers,fabric material color finish textile
Fabric + Color + Finish,Material Combination,"navy seamless marl knit, marled finish",navy seamless marl-knit fabric with fine tonal heathering with a marled finish with blended multitone yarn appearance,fabric material color finish textile
Fabric + Color + Finish,Material Combination,"navy seamless marl knit, satin-sheen finish",navy seamless marl-knit fabric with fine tonal heathering with a subtle satin-sheen finish with controlled luster,fabric material color finish textile
Fabric + Color + Finish,Material Combination,"royal blue seamless marl knit, matte finish",royal blue seamless marl-knit fabric with fine tonal heathering with a matte surface finish with minimal reflectivity,fabric material color finish textile
Fabric + Color + Finish,Material Combination,"royal blue seamless marl knit, glossy finish",royal blue seamless marl-knit fabric with fine tonal heathering with a glossy surface finish with stronger reflectivity,fabric material color finish textile
Fabric + Color + Finish,Material Combination,"royal blue seamless marl knit, brushed finish",royal blue seamless marl-knit fabric with fine tonal heathering with a brushed surface finish with softened diffused texture,fabric material color finish textile
Fabric + Color + Finish,Material Combination,"royal blue seamless marl knit, washed finish",royal blue seamless marl-knit fabric with fine tonal heathering with a washed finish with softened lived-in coloration,fabric material color finish textile
Fabric + Color + Finish,Material Combination,"royal blue seamless marl knit, distressed finish",royal blue seamless marl-knit fabric with fine tonal heathering with a distressed finish with visible wear character,fabric material color finish textile
Fabric + Color + Finish,Material Combination,"royal blue seamless marl knit, heathered finish",royal blue seamless marl-knit fabric with fine tonal heathering with a heathered finish with mixed tonal fibers,fabric material color finish textile
Fabric + Color + Finish,Material Combination,"royal blue seamless marl knit, marled finish",royal blue seamless marl-knit fabric with fine tonal heathering with a marled finish with blended multitone yarn appearance,fabric material color finish textile
Fabric + Color + Finish,Material Combination,"royal blue seamless marl knit, satin-sheen finish",royal blue seamless marl-knit fabric with fine tonal heathering with a subtle satin-sheen finish with controlled luster,fabric material color finish textile
Fabric + Color + Finish,Material Combination,"sky blue seamless marl knit, matte finish",sky blue seamless marl-knit fabric with fine tonal heathering with a matte surface finish with minimal reflectivity,fabric material color finish textile
Fabric + Color + Finish,Material Combination,"sky blue seamless marl knit, glossy finish",sky blue seamless marl-knit fabric with fine tonal heathering with a glossy surface finish with stronger reflectivity,fabric material color finish textile
Fabric + Color + Finish,Material Combination,"sky blue seamless marl knit, brushed finish",sky blue seamless marl-knit fabric with fine tonal heathering with a brushed surface finish with softened diffused texture,fabric material color finish textile
Fabric + Color + Finish,Material Combination,"sky blue seamless marl knit, washed finish",sky blue seamless marl-knit fabric with fine tonal heathering with a washed finish with softened lived-in coloration,fabric material color finish textile
Fabric + Color + Finish,Material Combination,"sky blue seamless marl knit, distressed finish",sky blue seamless marl-knit fabric with fine tonal heathering with a distressed finish with visible wear character,fabric material color finish textile
Fabric + Color + Finish,Material Combination,"sky blue seamless marl knit, heathered finish",sky blue seamless marl-knit fabric with fine tonal heathering with a heathered finish with mixed tonal fibers,fabric material color finish textile
Fabric + Color + Finish,Material Combination,"sky blue seamless marl knit, marled finish",sky blue seamless marl-knit fabric with fine tonal heathering with a marled finish with blended multitone yarn appearance,fabric material color finish textile
Fabric + Color + Finish,Material Combination,"sky blue seamless marl knit, satin-sheen finish",sky blue seamless marl-knit fabric with fine tonal heathering with a subtle satin-sheen finish with controlled luster,fabric material color finish textile
Fabric + Color + Finish,Material Combination,"red seamless marl knit, matte finish",red seamless marl-knit fabric with fine tonal heathering with a matte surface finish with minimal reflectivity,fabric material color finish textile
Fabric + Color + Finish,Material Combination,"red seamless marl knit, glossy finish",red seamless marl-knit fabric with fine tonal heathering with a glossy surface finish with stronger reflectivity,fabric material color finish textile
Fabric + Color + Finish,Material Combination,"red seamless marl knit, brushed finish",red seamless marl-knit fabric with fine tonal heathering with a brushed surface finish with softened diffused texture,fabric material color finish textile
Fabric + Color + Finish,Material Combination,"red seamless marl knit, washed finish",red seamless marl-knit fabric with fine tonal heathering with a washed finish with softened lived-in coloration,fabric material color finish textile
Fabric + Color + Finish,Material Combination,"red seamless marl knit, distressed finish",red seamless marl-knit fabric with fine tonal heathering with a distressed finish with visible wear character,fabric material color finish textile
Fabric + Color + Finish,Material Combination,"red seamless marl knit, heathered finish",red seamless marl-knit fabric with fine tonal heathering with a heathered finish with mixed tonal fibers,fabric material color finish textile
Fabric + Color + Finish,Material Combination,"red seamless marl knit, marled finish",red seamless marl-knit fabric with fine tonal heathering with a marled finish with blended multitone yarn appearance,fabric material color finish textile
Fabric + Color + Finish,Material Combination,"red seamless marl knit, satin-sheen finish",red seamless marl-knit fabric with fine tonal heathering with a subtle satin-sheen finish with controlled luster,fabric material color finish textile
Fabric + Color + Finish,Material Combination,"burgundy seamless marl knit, matte finish",burgundy seamless marl-knit fabric with fine tonal heathering with a matte surface finish with minimal reflectivity,fabric material color finish textile
Fabric + Color + Finish,Material Combination,"burgundy seamless marl knit, glossy finish",burgundy seamless marl-knit fabric with fine tonal heathering with a glossy surface finish with stronger reflectivity,fabric material color finish textile
Fabric + Color + Finish,Material Combination,"burgundy seamless marl knit, brushed finish",burgundy seamless marl-knit fabric with fine tonal heathering with a brushed surface finish with softened diffused texture,fabric material color finish textile
Fabric + Color + Finish,Material Combination,"burgundy seamless marl knit, washed finish",burgundy seamless marl-knit fabric with fine tonal heathering with a washed finish with softened lived-in coloration,fabric material color finish textile
Fabric + Color + Finish,Material Combination,"burgundy seamless marl knit, distressed finish",burgundy seamless marl-knit fabric with fine tonal heathering with a distressed finish with visible wear character,fabric material color finish textile
Fabric + Color + Finish,Material Combination,"burgundy seamless marl knit, heathered finish",burgundy seamless marl-knit fabric with fine tonal heathering with a heathered finish with mixed tonal fibers,fabric material color finish textile
Fabric + Color + Finish,Material Combination,"burgundy seamless marl knit, marled finish",burgundy seamless marl-knit fabric with fine tonal heathering with a marled finish with blended multitone yarn appearance,fabric material color finish textile
Fabric + Color + Finish,Material Combination,"burgundy seamless marl knit, satin-sheen finish",burgundy seamless marl-knit fabric with fine tonal heathering with a subtle satin-sheen finish with controlled luster,fabric material color finish textile
Fabric + Color + Finish,Material Combination,"pink seamless marl knit, matte finish",pink seamless marl-knit fabric with fine tonal heathering with a matte surface finish with minimal reflectivity,fabric material color finish textile
Fabric + Color + Finish,Material Combination,"pink seamless marl knit, glossy finish",pink seamless marl-knit fabric with fine tonal heathering with a glossy surface finish with stronger reflectivity,fabric material color finish textile
Fabric + Color + Finish,Material Combination,"pink seamless marl knit, brushed finish",pink seamless marl-knit fabric with fine tonal heathering with a brushed surface finish with softened diffused texture,fabric material color finish textile
Fabric + Color + Finish,Material Combination,"pink seamless marl knit, washed finish",pink seamless marl-knit fabric with fine tonal heathering with a washed finish with softened lived-in coloration,fabric material color finish textile
Fabric + Color + Finish,Material Combination,"pink seamless marl knit, distressed finish",pink seamless marl-knit fabric with fine tonal heathering with a distressed finish with visible wear character,fabric material color finish textile
Fabric + Color + Finish,Material Combination,"pink seamless marl knit, heathered finish",pink seamless marl-knit fabric with fine tonal heathering with a heathered finish with mixed tonal fibers,fabric material color finish textile
Fabric + Color + Finish,Material Combination,"pink seamless marl knit, marled finish",pink seamless marl-knit fabric with fine tonal heathering with a marled finish with blended multitone yarn appearance,fabric material color finish textile
Fabric + Color + Finish,Material Combination,"pink seamless marl knit, satin-sheen finish",pink seamless marl-knit fabric with fine tonal heathering with a subtle satin-sheen finish with controlled luster,fabric material color finish textile
Fabric + Color + Finish,Material Combination,"hot pink seamless marl knit, matte finish",hot pink seamless marl-knit fabric with fine tonal heathering with a matte surface finish with minimal reflectivity,fabric material color finish textile
Fabric + Color + Finish,Material Combination,"hot pink seamless marl knit, glossy finish",hot pink seamless marl-knit fabric with fine tonal heathering with a glossy surface finish with stronger reflectivity,fabric material color finish textile
Fabric + Color + Finish,Material Combination,"hot pink seamless marl knit, brushed finish",hot pink seamless marl-knit fabric with fine tonal heathering with a brushed surface finish with softened diffused texture,fabric material color finish textile
Fabric + Color + Finish,Material Combination,"hot pink seamless marl knit, washed finish",hot pink seamless marl-knit fabric with fine tonal heathering with a washed finish with softened lived-in coloration,fabric material color finish textile
Fabric + Color + Finish,Material Combination,"hot pink seamless marl knit, distressed finish",hot pink seamless marl-knit fabric with fine tonal heathering with a distressed finish with visible wear character,fabric material color finish textile
Fabric + Color + Finish,Material Combination,"hot pink seamless marl knit, heathered finish",hot pink seamless marl-knit fabric with fine tonal heathering with a heathered finish with mixed tonal fibers,fabric material color finish textile
Fabric + Color + Finish,Material Combination,"hot pink seamless marl knit, marled finish",hot pink seamless marl-knit fabric with fine tonal heathering with a marled finish with blended multitone yarn appearance,fabric material color finish textile
Fabric + Color + Finish,Material Combination,"hot pink seamless marl knit, satin-sheen finish",hot pink seamless marl-knit fabric with fine tonal heathering with a subtle satin-sheen finish with controlled luster,fabric material color finish textile
Fabric + Color + Finish,Material Combination,"orange seamless marl knit, matte finish",orange seamless marl-knit fabric with fine tonal heathering with a matte surface finish with minimal reflectivity,fabric material color finish textile
Fabric + Color + Finish,Material Combination,"orange seamless marl knit, glossy finish",orange seamless marl-knit fabric with fine tonal heathering with a glossy surface finish with stronger reflectivity,fabric material color finish textile
Fabric + Color + Finish,Material Combination,"orange seamless marl knit, brushed finish",orange seamless marl-knit fabric with fine tonal heathering with a brushed surface finish with softened diffused texture,fabric material color finish textile
Fabric + Color + Finish,Material Combination,"orange seamless marl knit, washed finish",orange seamless marl-knit fabric with fine tonal heathering with a washed finish with softened lived-in coloration,fabric material color finish textile
Fabric + Color + Finish,Material Combination,"orange seamless marl knit, distressed finish",orange seamless marl-knit fabric with fine tonal heathering with a distressed finish with visible wear character,fabric material color finish textile
Fabric + Color + Finish,Material Combination,"orange seamless marl knit, heathered finish",orange seamless marl-knit fabric with fine tonal heathering with a heathered finish with mixed tonal fibers,fabric material color finish textile
Fabric + Color + Finish,Material Combination,"orange seamless marl knit, marled finish",orange seamless marl-knit fabric with fine tonal heathering with a marled finish with blended multitone yarn appearance,fabric material color finish textile
Fabric + Color + Finish,Material Combination,"orange seamless marl knit, satin-sheen finish",orange seamless marl-knit fabric with fine tonal heathering with a subtle satin-sheen finish with controlled luster,fabric material color finish textile
Fabric + Color + Finish,Material Combination,"yellow seamless marl knit, matte finish",yellow seamless marl-knit fabric with fine tonal heathering with a matte surface finish with minimal reflectivity,fabric material color finish textile
Fabric + Color + Finish,Material Combination,"yellow seamless marl knit, glossy finish",yellow seamless marl-knit fabric with fine tonal heathering with a glossy surface finish with stronger reflectivity,fabric material color finish textile
Fabric + Color + Finish,Material Combination,"yellow seamless marl knit, brushed finish",yellow seamless marl-knit fabric with fine tonal heathering with a brushed surface finish with softened diffused texture,fabric material color finish textile
Fabric + Color + Finish,Material Combination,"yellow seamless marl knit, washed finish",yellow seamless marl-knit fabric with fine tonal heathering with a washed finish with softened lived-in coloration,fabric material color finish textile
Fabric + Color + Finish,Material Combination,"yellow seamless marl knit, distressed finish",yellow seamless marl-knit fabric with fine tonal heathering with a distressed finish with visible wear character,fabric material color finish textile
Fabric + Color + Finish,Material Combination,"yellow seamless marl knit, heathered finish",yellow seamless marl-knit fabric with fine tonal heathering with a heathered finish with mixed tonal fibers,fabric material color finish textile
Fabric + Color + Finish,Material Combination,"yellow seamless marl knit, marled finish",yellow seamless marl-knit fabric with fine tonal heathering with a marled finish with blended multitone yarn appearance,fabric material color finish textile
Fabric + Color + Finish,Material Combination,"yellow seamless marl knit, satin-sheen finish",yellow seamless marl-knit fabric with fine tonal heathering with a subtle satin-sheen finish with controlled luster,fabric material color finish textile
Fabric + Color + Finish,Material Combination,"olive green seamless marl knit, matte finish",olive green seamless marl-knit fabric with fine tonal heathering with a matte surface finish with minimal reflectivity,fabric material color finish textile
Fabric + Color + Finish,Material Combination,"olive green seamless marl knit, glossy finish",olive green seamless marl-knit fabric with fine tonal heathering with a glossy surface finish with stronger reflectivity,fabric material color finish textile
Fabric + Color + Finish,Material Combination,"olive green seamless marl knit, brushed finish",olive green seamless marl-knit fabric with fine tonal heathering with a brushed surface finish with softened diffused texture,fabric material color finish textile
Fabric + Color + Finish,Material Combination,"olive green seamless marl knit, washed finish",olive green seamless marl-knit fabric with fine tonal heathering with a washed finish with softened lived-in coloration,fabric material color finish textile
Fabric + Color + Finish,Material Combination,"olive green seamless marl knit, distressed finish",olive green seamless marl-knit fabric with fine tonal heathering with a distressed finish with visible wear character,fabric material color finish textile
Fabric + Color + Finish,Material Combination,"olive green seamless marl knit, heathered finish",olive green seamless marl-knit fabric with fine tonal heathering with a heathered finish with mixed tonal fibers,fabric material color finish textile
Fabric + Color + Finish,Material Combination,"olive green seamless marl knit, marled finish",olive green seamless marl-knit fabric with fine tonal heathering with a marled finish with blended multitone yarn appearance,fabric material color finish textile
Fabric + Color + Finish,Material Combination,"olive green seamless marl knit, satin-sheen finish",olive green seamless marl-knit fabric with fine tonal heathering with a subtle satin-sheen finish with controlled luster,fabric material color finish textile
Fabric + Color + Finish,Material Combination,"sage green seamless marl knit, matte finish",sage green seamless marl-knit fabric with fine tonal heathering with a matte surface finish with minimal reflectivity,fabric material color finish textile
Fabric + Color + Finish,Material Combination,"sage green seamless marl knit, glossy finish",sage green seamless marl-knit fabric with fine tonal heathering with a glossy surface finish with stronger reflectivity,fabric material color finish textile
Fabric + Color + Finish,Material Combination,"sage green seamless marl knit, brushed finish",sage green seamless marl-knit fabric with fine tonal heathering with a brushed surface finish with softened diffused texture,fabric material color finish textile
Fabric + Color + Finish,Material Combination,"sage green seamless marl knit, washed finish",sage green seamless marl-knit fabric with fine tonal heathering with a washed finish with softened lived-in coloration,fabric material color finish textile
Fabric + Color + Finish,Material Combination,"sage green seamless marl knit, distressed finish",sage green seamless marl-knit fabric with fine tonal heathering with a distressed finish with visible wear character,fabric material color finish textile
Fabric + Color + Finish,Material Combination,"sage green seamless marl knit, heathered finish",sage green seamless marl-knit fabric with fine tonal heathering with a heathered finish with mixed tonal fibers,fabric material color finish textile
Fabric + Color + Finish,Material Combination,"sage green seamless marl knit, marled finish",sage green seamless marl-knit fabric with fine tonal heathering with a marled finish with blended multitone yarn appearance,fabric material color finish textile
Fabric + Color + Finish,Material Combination,"sage green seamless marl knit, satin-sheen finish",sage green seamless marl-knit fabric with fine tonal heathering with a subtle satin-sheen finish with controlled luster,fabric material color finish textile
Fabric + Color + Finish,Material Combination,"emerald green seamless marl knit, matte finish",emerald green seamless marl-knit fabric with fine tonal heathering with a matte surface finish with minimal reflectivity,fabric material color finish textile
Fabric + Color + Finish,Material Combination,"emerald green seamless marl knit, glossy finish",emerald green seamless marl-knit fabric with fine tonal heathering with a glossy surface finish with stronger reflectivity,fabric material color finish textile
Fabric + Color + Finish,Material Combination,"emerald green seamless marl knit, brushed finish",emerald green seamless marl-knit fabric with fine tonal heathering with a brushed surface finish with softened diffused texture,fabric material color finish textile
Fabric + Color + Finish,Material Combination,"emerald green seamless marl knit, washed finish",emerald green seamless marl-knit fabric with fine tonal heathering with a washed finish with softened lived-in coloration,fabric material color finish textile
Fabric + Color + Finish,Material Combination,"emerald green seamless marl knit, distressed finish",emerald green seamless marl-knit fabric with fine tonal heathering with a distressed finish with visible wear character,fabric material color finish textile
Fabric + Color + Finish,Material Combination,"emerald green seamless marl knit, heathered finish",emerald green seamless marl-knit fabric with fine tonal heathering with a heathered finish with mixed tonal fibers,fabric material color finish textile
Fabric + Color + Finish,Material Combination,"emerald green seamless marl knit, marled finish",emerald green seamless marl-knit fabric with fine tonal heathering with a marled finish with blended multitone yarn appearance,fabric material color finish textile
Fabric + Color + Finish,Material Combination,"emerald green seamless marl knit, satin-sheen finish",emerald green seamless marl-knit fabric with fine tonal heathering with a subtle satin-sheen finish with controlled luster,fabric material color finish textile
Fabric + Color + Finish,Material Combination,"teal seamless marl knit, matte finish",teal seamless marl-knit fabric with fine tonal heathering with a matte surface finish with minimal reflectivity,fabric material color finish textile
Fabric + Color + Finish,Material Combination,"teal seamless marl knit, glossy finish",teal seamless marl-knit fabric with fine tonal heathering with a glossy surface finish with stronger reflectivity,fabric material color finish textile
Fabric + Color + Finish,Material Combination,"teal seamless marl knit, brushed finish",teal seamless marl-knit fabric with fine tonal heathering with a brushed surface finish with softened diffused texture,fabric material color finish textile
Fabric + Color + Finish,Material Combination,"teal seamless marl knit, washed finish",teal seamless marl-knit fabric with fine tonal heathering with a washed finish with softened lived-in coloration,fabric material color finish textile
Fabric + Color + Finish,Material Combination,"teal seamless marl knit, distressed finish",teal seamless marl-knit fabric with fine tonal heathering with a distressed finish with visible wear character,fabric material color finish textile
Fabric + Color + Finish,Material Combination,"teal seamless marl knit, heathered finish",teal seamless marl-knit fabric with fine tonal heathering with a heathered finish with mixed tonal fibers,fabric material color finish textile
Fabric + Color + Finish,Material Combination,"teal seamless marl knit, marled finish",teal seamless marl-knit fabric with fine tonal heathering with a marled finish with blended multitone yarn appearance,fabric material color finish textile
Fabric + Color + Finish,Material Combination,"teal seamless marl knit, satin-sheen finish",teal seamless marl-knit fabric with fine tonal heathering with a subtle satin-sheen finish with controlled luster,fabric material color finish textile
Fabric + Color + Finish,Material Combination,"purple seamless marl knit, matte finish",purple seamless marl-knit fabric with fine tonal heathering with a matte surface finish with minimal reflectivity,fabric material color finish textile
Fabric + Color + Finish,Material Combination,"purple seamless marl knit, glossy finish",purple seamless marl-knit fabric with fine tonal heathering with a glossy surface finish with stronger reflectivity,fabric material color finish textile
Fabric + Color + Finish,Material Combination,"purple seamless marl knit, brushed finish",purple seamless marl-knit fabric with fine tonal heathering with a brushed surface finish with softened diffused texture,fabric material color finish textile
Fabric + Color + Finish,Material Combination,"purple seamless marl knit, washed finish",purple seamless marl-knit fabric with fine tonal heathering with a washed finish with softened lived-in coloration,fabric material color finish textile
Fabric + Color + Finish,Material Combination,"purple seamless marl knit, distressed finish",purple seamless marl-knit fabric with fine tonal heathering with a distressed finish with visible wear character,fabric material color finish textile
Fabric + Color + Finish,Material Combination,"purple seamless marl knit, heathered finish",purple seamless marl-knit fabric with fine tonal heathering with a heathered finish with mixed tonal fibers,fabric material color finish textile
Fabric + Color + Finish,Material Combination,"purple seamless marl knit, marled finish",purple seamless marl-knit fabric with fine tonal heathering with a marled finish with blended multitone yarn appearance,fabric material color finish textile
Fabric + Color + Finish,Material Combination,"purple seamless marl knit, satin-sheen finish",purple seamless marl-knit fabric with fine tonal heathering with a subtle satin-sheen finish with controlled luster,fabric material color finish textile
Fabric + Color + Finish,Material Combination,"lavender seamless marl knit, matte finish",lavender seamless marl-knit fabric with fine tonal heathering with a matte surface finish with minimal reflectivity,fabric material color finish textile
Fabric + Color + Finish,Material Combination,"lavender seamless marl knit, glossy finish",lavender seamless marl-knit fabric with fine tonal heathering with a glossy surface finish with stronger reflectivity,fabric material color finish textile
Fabric + Color + Finish,Material Combination,"lavender seamless marl knit, brushed finish",lavender seamless marl-knit fabric with fine tonal heathering with a brushed surface finish with softened diffused texture,fabric material color finish textile
Fabric + Color + Finish,Material Combination,"lavender seamless marl knit, washed finish",lavender seamless marl-knit fabric with fine tonal heathering with a washed finish with softened lived-in coloration,fabric material color finish textile
Fabric + Color + Finish,Material Combination,"lavender seamless marl knit, distressed finish",lavender seamless marl-knit fabric with fine tonal heathering with a distressed finish with visible wear character,fabric material color finish textile
Fabric + Color + Finish,Material Combination,"lavender seamless marl knit, heathered finish",lavender seamless marl-knit fabric with fine tonal heathering with a heathered finish with mixed tonal fibers,fabric material color finish textile
Fabric + Color + Finish,Material Combination,"lavender seamless marl knit, marled finish",lavender seamless marl-knit fabric with fine tonal heathering with a marled finish with blended multitone yarn appearance,fabric material color finish textile
Fabric + Color + Finish,Material Combination,"lavender seamless marl knit, satin-sheen finish",lavender seamless marl-knit fabric with fine tonal heathering with a subtle satin-sheen finish with controlled luster,fabric material color finish textile
Fabric + Color + Finish,Material Combination,"brown seamless marl knit, matte finish",brown seamless marl-knit fabric with fine tonal heathering with a matte surface finish with minimal reflectivity,fabric material color finish textile
Fabric + Color + Finish,Material Combination,"brown seamless marl knit, glossy finish",brown seamless marl-knit fabric with fine tonal heathering with a glossy surface finish with stronger reflectivity,fabric material color finish textile
Fabric + Color + Finish,Material Combination,"brown seamless marl knit, brushed finish",brown seamless marl-knit fabric with fine tonal heathering with a brushed surface finish with softened diffused texture,fabric material color finish textile
Fabric + Color + Finish,Material Combination,"brown seamless marl knit, washed finish",brown seamless marl-knit fabric with fine tonal heathering with a washed finish with softened lived-in coloration,fabric material color finish textile
Fabric + Color + Finish,Material Combination,"brown seamless marl knit, distressed finish",brown seamless marl-knit fabric with fine tonal heathering with a distressed finish with visible wear character,fabric material color finish textile
Fabric + Color + Finish,Material Combination,"brown seamless marl knit, heathered finish",brown seamless marl-knit fabric with fine tonal heathering with a heathered finish with mixed tonal fibers,fabric material color finish textile
Fabric + Color + Finish,Material Combination,"brown seamless marl knit, marled finish",brown seamless marl-knit fabric with fine tonal heathering with a marled finish with blended multitone yarn appearance,fabric material color finish textile
Fabric + Color + Finish,Material Combination,"brown seamless marl knit, satin-sheen finish",brown seamless marl-knit fabric with fine tonal heathering with a subtle satin-sheen finish with controlled luster,fabric material color finish textile
Fabric + Color + Finish,Material Combination,"tan seamless marl knit, matte finish",tan seamless marl-knit fabric with fine tonal heathering with a matte surface finish with minimal reflectivity,fabric material color finish textile
Fabric + Color + Finish,Material Combination,"tan seamless marl knit, glossy finish",tan seamless marl-knit fabric with fine tonal heathering with a glossy surface finish with stronger reflectivity,fabric material color finish textile
Fabric + Color + Finish,Material Combination,"tan seamless marl knit, brushed finish",tan seamless marl-knit fabric with fine tonal heathering with a brushed surface finish with softened diffused texture,fabric material color finish textile
Fabric + Color + Finish,Material Combination,"tan seamless marl knit, washed finish",tan seamless marl-knit fabric with fine tonal heathering with a washed finish with softened lived-in coloration,fabric material color finish textile
Fabric + Color + Finish,Material Combination,"tan seamless marl knit, distressed finish",tan seamless marl-knit fabric with fine tonal heathering with a distressed finish with visible wear character,fabric material color finish textile
Fabric + Color + Finish,Material Combination,"tan seamless marl knit, heathered finish",tan seamless marl-knit fabric with fine tonal heathering with a heathered finish with mixed tonal fibers,fabric material color finish textile
Fabric + Color + Finish,Material Combination,"tan seamless marl knit, marled finish",tan seamless marl-knit fabric with fine tonal heathering with a marled finish with blended multitone yarn appearance,fabric material color finish textile
Fabric + Color + Finish,Material Combination,"tan seamless marl knit, satin-sheen finish",tan seamless marl-knit fabric with fine tonal heathering with a subtle satin-sheen finish with controlled luster,fabric material color finish textile
Fabric + Color + Finish,Material Combination,"silver seamless marl knit, matte finish",silver seamless marl-knit fabric with fine tonal heathering with a matte surface finish with minimal reflectivity,fabric material color finish textile
Fabric + Color + Finish,Material Combination,"silver seamless marl knit, glossy finish",silver seamless marl-knit fabric with fine tonal heathering with a glossy surface finish with stronger reflectivity,fabric material color finish textile
Fabric + Color + Finish,Material Combination,"silver seamless marl knit, brushed finish",silver seamless marl-knit fabric with fine tonal heathering with a brushed surface finish with softened diffused texture,fabric material color finish textile
Fabric + Color + Finish,Material Combination,"silver seamless marl knit, washed finish",silver seamless marl-knit fabric with fine tonal heathering with a washed finish with softened lived-in coloration,fabric material color finish textile
Fabric + Color + Finish,Material Combination,"silver seamless marl knit, distressed finish",silver seamless marl-knit fabric with fine tonal heathering with a distressed finish with visible wear character,fabric material color finish textile
Fabric + Color + Finish,Material Combination,"silver seamless marl knit, heathered finish",silver seamless marl-knit fabric with fine tonal heathering with a heathered finish with mixed tonal fibers,fabric material color finish textile
Fabric + Color + Finish,Material Combination,"silver seamless marl knit, marled finish",silver seamless marl-knit fabric with fine tonal heathering with a marled finish with blended multitone yarn appearance,fabric material color finish textile
Fabric + Color + Finish,Material Combination,"silver seamless marl knit, satin-sheen finish",silver seamless marl-knit fabric with fine tonal heathering with a subtle satin-sheen finish with controlled luster,fabric material color finish textile
Fabric + Color + Finish,Material Combination,"gold seamless marl knit, matte finish",gold seamless marl-knit fabric with fine tonal heathering with a matte surface finish with minimal reflectivity,fabric material color finish textile
Fabric + Color + Finish,Material Combination,"gold seamless marl knit, glossy finish",gold seamless marl-knit fabric with fine tonal heathering with a glossy surface finish with stronger reflectivity,fabric material color finish textile
Fabric + Color + Finish,Material Combination,"gold seamless marl knit, brushed finish",gold seamless marl-knit fabric with fine tonal heathering with a brushed surface finish with softened diffused texture,fabric material color finish textile
Fabric + Color + Finish,Material Combination,"gold seamless marl knit, washed finish",gold seamless marl-knit fabric with fine tonal heathering with a washed finish with softened lived-in coloration,fabric material color finish textile
Fabric + Color + Finish,Material Combination,"gold seamless marl knit, distressed finish",gold seamless marl-knit fabric with fine tonal heathering with a distressed finish with visible wear character,fabric material color finish textile
Fabric + Color + Finish,Material Combination,"gold seamless marl knit, heathered finish",gold seamless marl-knit fabric with fine tonal heathering with a heathered finish with mixed tonal fibers,fabric material color finish textile
Fabric + Color + Finish,Material Combination,"gold seamless marl knit, marled finish",gold seamless marl-knit fabric with fine tonal heathering with a marled finish with blended multitone yarn appearance,fabric material color finish textile
Fabric + Color + Finish,Material Combination,"gold seamless marl knit, satin-sheen finish",gold seamless marl-knit fabric with fine tonal heathering with a subtle satin-sheen finish with controlled luster,fabric material color finish textile
