Major Category,Subcategory,Keyword,Prompt-Ready Phrase,Tags
Core Facial Expressions,Core Affect,neutral expression,relaxed neutral expression with minimal facial muscle activation,expression emotion face
Core Facial Expressions,Core Affect,soft relaxed smile,soft relaxed smile with gently raised mouth corners and calm eyes,expression emotion face
Core Facial Expressions,Core Affect,closed-mouth smile,closed-mouth smile with upward lip corners and subtle cheek lift,expression emotion face
Core Facial Expressions,Core Affect,small smile,small understated smile with restrained cheek activation,expression emotion face
Core Facial Expressions,Core Affect,warm smile,warm genuine smile with cheek lift and softened eyes,expression emotion face
Core Facial Expressions,Core Affect,big smile,broad smile with strong cheek lift and visible positive energy,expression emotion face
Core Facial Expressions,Core Affect,toothy smile,open smile showing upper teeth naturally,expression emotion face
Core Facial Expressions,Core Affect,full grin,wide grin with visible teeth and pronounced cheek lift,expression emotion face
Core Facial Expressions,Core Affect,laughing,"genuine laughter with open mouth, lifted cheeks, and naturally narrowed eyes",expression emotion face
Core Facial Expressions,Core Affect,quiet chuckle,small chuckling expression with softened eyes and restrained open-mouth smile,expression emotion face
Core Facial Expressions,Core Affect,surprised,"surprised expression with raised brows, widened eyes, and slightly open mouth",expression emotion face
Core Facial Expressions,Core Affect,pleasant surprise,"positive surprise with raised brows, widened eyes, and emerging smile",expression emotion face
Core Facial Expressions,Core Affect,shocked,"strong shock response with high brows, widened eyes, and open mouth",expression emotion face
Core Facial Expressions,Core Affect,confused,confused expression with uneven brow tension and questioning gaze,expression emotion face
Core Facial Expressions,Core Affect,skeptical,skeptical expression with one brow subtly raised and lips held in restrained uncertainty,expression emotion face
Core Facial Expressions,Core Affect,suspicious,"suspicious expression with narrowed eyes, slight brow lowering, and guarded mouth",expression emotion face
Core Facial Expressions,Core Affect,focused,"focused expression with steady gaze, slight brow engagement, and relaxed mouth",expression emotion face
Core Facial Expressions,Core Affect,concentrating,concentrated expression with mild brow draw and fixed visual attention,expression emotion face
Core Facial Expressions,Core Affect,determined,"determined expression with firm gaze, subtly set jaw, and controlled brow tension",expression emotion face
Core Facial Expressions,Core Affect,serious,serious expression with level gaze and minimal smiling,expression emotion face
Core Facial Expressions,Core Affect,annoyed,"annoyed expression with mild brow lowering, compressed lips, and narrowed eyes",expression emotion face
Core Facial Expressions,Core Affect,angry,"angry expression with lowered drawn brows, tightened eyelids, and firm mouth",expression emotion face
Core Facial Expressions,Core Affect,furious,"intense anger with strongly lowered brows, tense jaw, and high facial muscle activation",expression emotion face
Core Facial Expressions,Core Affect,sad,"sad expression with inner brows slightly raised, softened eyes, and downturned mouth corners",expression emotion face
Core Facial Expressions,Core Affect,disappointed,"disappointed expression with lowered gaze, subdued mouth, and mild inner-brow lift",expression emotion face
Core Facial Expressions,Core Affect,worried,"worried expression with raised inner brows, tense eyes, and slightly parted lips",expression emotion face
Core Facial Expressions,Core Affect,anxious,"anxious expression with visible brow tension, alert eyes, and restrained mouth tension",expression emotion face
Core Facial Expressions,Core Affect,fearful,"fearful expression with raised drawn brows, widened eyes, and tense parted lips",expression emotion face
Core Facial Expressions,Core Affect,disgusted,"disgust expression with raised upper lip, nose wrinkling, and lowered brow tension",expression emotion face
Core Facial Expressions,Core Affect,embarrassed,"embarrassed expression with shy smile, slight gaze avoidance, and cheek tension",expression emotion face
Core Facial Expressions,Core Affect,bashful,"bashful expression with small smile, lowered gaze, and gentle head inclination",expression emotion face
Core Facial Expressions,Core Affect,proud,"proud expression with lifted chin, restrained smile, and confident eyes",expression emotion face
Core Facial Expressions,Core Affect,confident,confident expression with steady direct gaze and subtle controlled smile,expression emotion face
Core Facial Expressions,Core Affect,playful,"playful expression with lively eyes, subtle brow movement, and teasing half-smile",expression emotion face
Core Facial Expressions,Core Affect,mischievous,mischievous expression with knowing half-smile and slightly narrowed lively eyes,expression emotion face
Core Facial Expressions,Core Affect,teasing,teasing expression with asymmetric smile and playful eye contact,expression emotion face
Core Facial Expressions,Core Affect,smirk,asymmetric smirk with one mouth corner raised,expression emotion face
Core Facial Expressions,Core Affect,half-smile,subtle half-smile with one side of the mouth slightly more active,expression emotion face
Core Facial Expressions,Core Affect,pout,soft pout with lips gently projected forward,expression emotion face
Core Facial Expressions,Core Affect,mock pout,playful exaggerated pout without distress,expression emotion face
Core Facial Expressions,Core Affect,eye roll,eyes rolling upward with mildly exasperated facial tension,expression emotion face
Core Facial Expressions,Core Affect,side-eye,"eyes shifted sideways while head remains mostly forward, conveying skeptical attention",expression emotion face
Core Facial Expressions,Core Affect,caught off guard,brief unprepared expression with widened attention and partially formed mouth response,expression emotion face
Core Facial Expressions,Core Affect,daydreaming,distant relaxed gaze with softened facial muscles,expression emotion face
Core Facial Expressions,Core Affect,curious,curious expression with slightly raised brows and attentive eyes,expression emotion face
Core Facial Expressions,Core Affect,amused,amused expression with restrained smile and brightened eyes,expression emotion face
Core Facial Expressions,Core Affect,relieved,"relieved expression with reduced brow tension, softened eyes, and a small exhale-like smile",expression emotion face
Core Facial Expressions,Core Affect,impressed,"impressed expression with lifted brows, attentive eyes, and an approving mouth response",expression emotion face
Core Facial Expressions,Core Affect,unimpressed,"unimpressed expression with low facial activation, flat mouth, and mildly narrowed eyes",expression emotion face
Expression + Head Position,Expression Pose,"neutral expression, head level","relaxed neutral expression with minimal facial muscle activation, head held level, keeping the expression readable and anatomically natural",facial expression head angle
Expression + Head Position,Expression Pose,"neutral expression, chin slightly down","relaxed neutral expression with minimal facial muscle activation, chin lowered subtly, keeping the expression readable and anatomically natural",facial expression head angle
Expression + Head Position,Expression Pose,"neutral expression, chin slightly raised","relaxed neutral expression with minimal facial muscle activation, chin elevated subtly, keeping the expression readable and anatomically natural",facial expression head angle
Expression + Head Position,Expression Pose,"neutral expression, head tilted left","relaxed neutral expression with minimal facial muscle activation, head tilted slightly toward the left shoulder, keeping the expression readable and anatomically natural",facial expression head angle
Expression + Head Position,Expression Pose,"neutral expression, head tilted right","relaxed neutral expression with minimal facial muscle activation, head tilted slightly toward the right shoulder, keeping the expression readable and anatomically natural",facial expression head angle
Expression + Head Position,Expression Pose,"neutral expression, head turned slightly left","relaxed neutral expression with minimal facial muscle activation, head rotated slightly left, keeping the expression readable and anatomically natural",facial expression head angle
Expression + Head Position,Expression Pose,"neutral expression, head turned slightly right","relaxed neutral expression with minimal facial muscle activation, head rotated slightly right, keeping the expression readable and anatomically natural",facial expression head angle
Expression + Head Position,Expression Pose,"soft relaxed smile, head level","soft relaxed smile with gently raised mouth corners and calm eyes, head held level, keeping the expression readable and anatomically natural",facial expression head angle
Expression + Head Position,Expression Pose,"soft relaxed smile, chin slightly down","soft relaxed smile with gently raised mouth corners and calm eyes, chin lowered subtly, keeping the expression readable and anatomically natural",facial expression head angle
Expression + Head Position,Expression Pose,"soft relaxed smile, chin slightly raised","soft relaxed smile with gently raised mouth corners and calm eyes, chin elevated subtly, keeping the expression readable and anatomically natural",facial expression head angle
Expression + Head Position,Expression Pose,"soft relaxed smile, head tilted left","soft relaxed smile with gently raised mouth corners and calm eyes, head tilted slightly toward the left shoulder, keeping the expression readable and anatomically natural",facial expression head angle
Expression + Head Position,Expression Pose,"soft relaxed smile, head tilted right","soft relaxed smile with gently raised mouth corners and calm eyes, head tilted slightly toward the right shoulder, keeping the expression readable and anatomically natural",facial expression head angle
Expression + Head Position,Expression Pose,"soft relaxed smile, head turned slightly left","soft relaxed smile with gently raised mouth corners and calm eyes, head rotated slightly left, keeping the expression readable and anatomically natural",facial expression head angle
Expression + Head Position,Expression Pose,"soft relaxed smile, head turned slightly right","soft relaxed smile with gently raised mouth corners and calm eyes, head rotated slightly right, keeping the expression readable and anatomically natural",facial expression head angle
Expression + Head Position,Expression Pose,"closed-mouth smile, head level","closed-mouth smile with upward lip corners and subtle cheek lift, head held level, keeping the expression readable and anatomically natural",facial expression head angle
Expression + Head Position,Expression Pose,"closed-mouth smile, chin slightly down","closed-mouth smile with upward lip corners and subtle cheek lift, chin lowered subtly, keeping the expression readable and anatomically natural",facial expression head angle
Expression + Head Position,Expression Pose,"closed-mouth smile, chin slightly raised","closed-mouth smile with upward lip corners and subtle cheek lift, chin elevated subtly, keeping the expression readable and anatomically natural",facial expression head angle
Expression + Head Position,Expression Pose,"closed-mouth smile, head tilted left","closed-mouth smile with upward lip corners and subtle cheek lift, head tilted slightly toward the left shoulder, keeping the expression readable and anatomically natural",facial expression head angle
Expression + Head Position,Expression Pose,"closed-mouth smile, head tilted right","closed-mouth smile with upward lip corners and subtle cheek lift, head tilted slightly toward the right shoulder, keeping the expression readable and anatomically natural",facial expression head angle
Expression + Head Position,Expression Pose,"closed-mouth smile, head turned slightly left","closed-mouth smile with upward lip corners and subtle cheek lift, head rotated slightly left, keeping the expression readable and anatomically natural",facial expression head angle
Expression + Head Position,Expression Pose,"closed-mouth smile, head turned slightly right","closed-mouth smile with upward lip corners and subtle cheek lift, head rotated slightly right, keeping the expression readable and anatomically natural",facial expression head angle
Expression + Head Position,Expression Pose,"small smile, head level","small understated smile with restrained cheek activation, head held level, keeping the expression readable and anatomically natural",facial expression head angle
Expression + Head Position,Expression Pose,"small smile, chin slightly down","small understated smile with restrained cheek activation, chin lowered subtly, keeping the expression readable and anatomically natural",facial expression head angle
Expression + Head Position,Expression Pose,"small smile, chin slightly raised","small understated smile with restrained cheek activation, chin elevated subtly, keeping the expression readable and anatomically natural",facial expression head angle
Expression + Head Position,Expression Pose,"small smile, head tilted left","small understated smile with restrained cheek activation, head tilted slightly toward the left shoulder, keeping the expression readable and anatomically natural",facial expression head angle
Expression + Head Position,Expression Pose,"small smile, head tilted right","small understated smile with restrained cheek activation, head tilted slightly toward the right shoulder, keeping the expression readable and anatomically natural",facial expression head angle
Expression + Head Position,Expression Pose,"small smile, head turned slightly left","small understated smile with restrained cheek activation, head rotated slightly left, keeping the expression readable and anatomically natural",facial expression head angle
Expression + Head Position,Expression Pose,"small smile, head turned slightly right","small understated smile with restrained cheek activation, head rotated slightly right, keeping the expression readable and anatomically natural",facial expression head angle
Expression + Head Position,Expression Pose,"warm smile, head level","warm genuine smile with cheek lift and softened eyes, head held level, keeping the expression readable and anatomically natural",facial expression head angle
Expression + Head Position,Expression Pose,"warm smile, chin slightly down","warm genuine smile with cheek lift and softened eyes, chin lowered subtly, keeping the expression readable and anatomically natural",facial expression head angle
Expression + Head Position,Expression Pose,"warm smile, chin slightly raised","warm genuine smile with cheek lift and softened eyes, chin elevated subtly, keeping the expression readable and anatomically natural",facial expression head angle
Expression + Head Position,Expression Pose,"warm smile, head tilted left","warm genuine smile with cheek lift and softened eyes, head tilted slightly toward the left shoulder, keeping the expression readable and anatomically natural",facial expression head angle
Expression + Head Position,Expression Pose,"warm smile, head tilted right","warm genuine smile with cheek lift and softened eyes, head tilted slightly toward the right shoulder, keeping the expression readable and anatomically natural",facial expression head angle
Expression + Head Position,Expression Pose,"warm smile, head turned slightly left","warm genuine smile with cheek lift and softened eyes, head rotated slightly left, keeping the expression readable and anatomically natural",facial expression head angle
Expression + Head Position,Expression Pose,"warm smile, head turned slightly right","warm genuine smile with cheek lift and softened eyes, head rotated slightly right, keeping the expression readable and anatomically natural",facial expression head angle
Expression + Head Position,Expression Pose,"big smile, head level","broad smile with strong cheek lift and visible positive energy, head held level, keeping the expression readable and anatomically natural",facial expression head angle
Expression + Head Position,Expression Pose,"big smile, chin slightly down","broad smile with strong cheek lift and visible positive energy, chin lowered subtly, keeping the expression readable and anatomically natural",facial expression head angle
Expression + Head Position,Expression Pose,"big smile, chin slightly raised","broad smile with strong cheek lift and visible positive energy, chin elevated subtly, keeping the expression readable and anatomically natural",facial expression head angle
Expression + Head Position,Expression Pose,"big smile, head tilted left","broad smile with strong cheek lift and visible positive energy, head tilted slightly toward the left shoulder, keeping the expression readable and anatomically natural",facial expression head angle
Expression + Head Position,Expression Pose,"big smile, head tilted right","broad smile with strong cheek lift and visible positive energy, head tilted slightly toward the right shoulder, keeping the expression readable and anatomically natural",facial expression head angle
Expression + Head Position,Expression Pose,"big smile, head turned slightly left","broad smile with strong cheek lift and visible positive energy, head rotated slightly left, keeping the expression readable and anatomically natural",facial expression head angle
Expression + Head Position,Expression Pose,"big smile, head turned slightly right","broad smile with strong cheek lift and visible positive energy, head rotated slightly right, keeping the expression readable and anatomically natural",facial expression head angle
Expression + Head Position,Expression Pose,"toothy smile, head level","open smile showing upper teeth naturally, head held level, keeping the expression readable and anatomically natural",facial expression head angle
Expression + Head Position,Expression Pose,"toothy smile, chin slightly down","open smile showing upper teeth naturally, chin lowered subtly, keeping the expression readable and anatomically natural",facial expression head angle
Expression + Head Position,Expression Pose,"toothy smile, chin slightly raised","open smile showing upper teeth naturally, chin elevated subtly, keeping the expression readable and anatomically natural",facial expression head angle
Expression + Head Position,Expression Pose,"toothy smile, head tilted left","open smile showing upper teeth naturally, head tilted slightly toward the left shoulder, keeping the expression readable and anatomically natural",facial expression head angle
Expression + Head Position,Expression Pose,"toothy smile, head tilted right","open smile showing upper teeth naturally, head tilted slightly toward the right shoulder, keeping the expression readable and anatomically natural",facial expression head angle
Expression + Head Position,Expression Pose,"toothy smile, head turned slightly left","open smile showing upper teeth naturally, head rotated slightly left, keeping the expression readable and anatomically natural",facial expression head angle
Expression + Head Position,Expression Pose,"toothy smile, head turned slightly right","open smile showing upper teeth naturally, head rotated slightly right, keeping the expression readable and anatomically natural",facial expression head angle
Expression + Head Position,Expression Pose,"full grin, head level","wide grin with visible teeth and pronounced cheek lift, head held level, keeping the expression readable and anatomically natural",facial expression head angle
Expression + Head Position,Expression Pose,"full grin, chin slightly down","wide grin with visible teeth and pronounced cheek lift, chin lowered subtly, keeping the expression readable and anatomically natural",facial expression head angle
Expression + Head Position,Expression Pose,"full grin, chin slightly raised","wide grin with visible teeth and pronounced cheek lift, chin elevated subtly, keeping the expression readable and anatomically natural",facial expression head angle
Expression + Head Position,Expression Pose,"full grin, head tilted left","wide grin with visible teeth and pronounced cheek lift, head tilted slightly toward the left shoulder, keeping the expression readable and anatomically natural",facial expression head angle
Expression + Head Position,Expression Pose,"full grin, head tilted right","wide grin with visible teeth and pronounced cheek lift, head tilted slightly toward the right shoulder, keeping the expression readable and anatomically natural",facial expression head angle
Expression + Head Position,Expression Pose,"full grin, head turned slightly left","wide grin with visible teeth and pronounced cheek lift, head rotated slightly left, keeping the expression readable and anatomically natural",facial expression head angle
Expression + Head Position,Expression Pose,"full grin, head turned slightly right","wide grin with visible teeth and pronounced cheek lift, head rotated slightly right, keeping the expression readable and anatomically natural",facial expression head angle
Expression + Head Position,Expression Pose,"laughing, head level","genuine laughter with open mouth, lifted cheeks, and naturally narrowed eyes, head held level, keeping the expression readable and anatomically natural",facial expression head angle
Expression + Head Position,Expression Pose,"laughing, chin slightly down","genuine laughter with open mouth, lifted cheeks, and naturally narrowed eyes, chin lowered subtly, keeping the expression readable and anatomically natural",facial expression head angle
Expression + Head Position,Expression Pose,"laughing, chin slightly raised","genuine laughter with open mouth, lifted cheeks, and naturally narrowed eyes, chin elevated subtly, keeping the expression readable and anatomically natural",facial expression head angle
Expression + Head Position,Expression Pose,"laughing, head tilted left","genuine laughter with open mouth, lifted cheeks, and naturally narrowed eyes, head tilted slightly toward the left shoulder, keeping the expression readable and anatomically natural",facial expression head angle
Expression + Head Position,Expression Pose,"laughing, head tilted right","genuine laughter with open mouth, lifted cheeks, and naturally narrowed eyes, head tilted slightly toward the right shoulder, keeping the expression readable and anatomically natural",facial expression head angle
Expression + Head Position,Expression Pose,"laughing, head turned slightly left","genuine laughter with open mouth, lifted cheeks, and naturally narrowed eyes, head rotated slightly left, keeping the expression readable and anatomically natural",facial expression head angle
Expression + Head Position,Expression Pose,"laughing, head turned slightly right","genuine laughter with open mouth, lifted cheeks, and naturally narrowed eyes, head rotated slightly right, keeping the expression readable and anatomically natural",facial expression head angle
Expression + Head Position,Expression Pose,"quiet chuckle, head level","small chuckling expression with softened eyes and restrained open-mouth smile, head held level, keeping the expression readable and anatomically natural",facial expression head angle
Expression + Head Position,Expression Pose,"quiet chuckle, chin slightly down","small chuckling expression with softened eyes and restrained open-mouth smile, chin lowered subtly, keeping the expression readable and anatomically natural",facial expression head angle
Expression + Head Position,Expression Pose,"quiet chuckle, chin slightly raised","small chuckling expression with softened eyes and restrained open-mouth smile, chin elevated subtly, keeping the expression readable and anatomically natural",facial expression head angle
Expression + Head Position,Expression Pose,"quiet chuckle, head tilted left","small chuckling expression with softened eyes and restrained open-mouth smile, head tilted slightly toward the left shoulder, keeping the expression readable and anatomically natural",facial expression head angle
Expression + Head Position,Expression Pose,"quiet chuckle, head tilted right","small chuckling expression with softened eyes and restrained open-mouth smile, head tilted slightly toward the right shoulder, keeping the expression readable and anatomically natural",facial expression head angle
Expression + Head Position,Expression Pose,"quiet chuckle, head turned slightly left","small chuckling expression with softened eyes and restrained open-mouth smile, head rotated slightly left, keeping the expression readable and anatomically natural",facial expression head angle
Expression + Head Position,Expression Pose,"quiet chuckle, head turned slightly right","small chuckling expression with softened eyes and restrained open-mouth smile, head rotated slightly right, keeping the expression readable and anatomically natural",facial expression head angle
Expression + Head Position,Expression Pose,"surprised, head level","surprised expression with raised brows, widened eyes, and slightly open mouth, head held level, keeping the expression readable and anatomically natural",facial expression head angle
Expression + Head Position,Expression Pose,"surprised, chin slightly down","surprised expression with raised brows, widened eyes, and slightly open mouth, chin lowered subtly, keeping the expression readable and anatomically natural",facial expression head angle
Expression + Head Position,Expression Pose,"surprised, chin slightly raised","surprised expression with raised brows, widened eyes, and slightly open mouth, chin elevated subtly, keeping the expression readable and anatomically natural",facial expression head angle
Expression + Head Position,Expression Pose,"surprised, head tilted left","surprised expression with raised brows, widened eyes, and slightly open mouth, head tilted slightly toward the left shoulder, keeping the expression readable and anatomically natural",facial expression head angle
Expression + Head Position,Expression Pose,"surprised, head tilted right","surprised expression with raised brows, widened eyes, and slightly open mouth, head tilted slightly toward the right shoulder, keeping the expression readable and anatomically natural",facial expression head angle
Expression + Head Position,Expression Pose,"surprised, head turned slightly left","surprised expression with raised brows, widened eyes, and slightly open mouth, head rotated slightly left, keeping the expression readable and anatomically natural",facial expression head angle
Expression + Head Position,Expression Pose,"surprised, head turned slightly right","surprised expression with raised brows, widened eyes, and slightly open mouth, head rotated slightly right, keeping the expression readable and anatomically natural",facial expression head angle
Expression + Head Position,Expression Pose,"pleasant surprise, head level","positive surprise with raised brows, widened eyes, and emerging smile, head held level, keeping the expression readable and anatomically natural",facial expression head angle
Expression + Head Position,Expression Pose,"pleasant surprise, chin slightly down","positive surprise with raised brows, widened eyes, and emerging smile, chin lowered subtly, keeping the expression readable and anatomically natural",facial expression head angle
Expression + Head Position,Expression Pose,"pleasant surprise, chin slightly raised","positive surprise with raised brows, widened eyes, and emerging smile, chin elevated subtly, keeping the expression readable and anatomically natural",facial expression head angle
Expression + Head Position,Expression Pose,"pleasant surprise, head tilted left","positive surprise with raised brows, widened eyes, and emerging smile, head tilted slightly toward the left shoulder, keeping the expression readable and anatomically natural",facial expression head angle
Expression + Head Position,Expression Pose,"pleasant surprise, head tilted right","positive surprise with raised brows, widened eyes, and emerging smile, head tilted slightly toward the right shoulder, keeping the expression readable and anatomically natural",facial expression head angle
Expression + Head Position,Expression Pose,"pleasant surprise, head turned slightly left","positive surprise with raised brows, widened eyes, and emerging smile, head rotated slightly left, keeping the expression readable and anatomically natural",facial expression head angle
Expression + Head Position,Expression Pose,"pleasant surprise, head turned slightly right","positive surprise with raised brows, widened eyes, and emerging smile, head rotated slightly right, keeping the expression readable and anatomically natural",facial expression head angle
Expression + Head Position,Expression Pose,"shocked, head level","strong shock response with high brows, widened eyes, and open mouth, head held level, keeping the expression readable and anatomically natural",facial expression head angle
Expression + Head Position,Expression Pose,"shocked, chin slightly down","strong shock response with high brows, widened eyes, and open mouth, chin lowered subtly, keeping the expression readable and anatomically natural",facial expression head angle
Expression + Head Position,Expression Pose,"shocked, chin slightly raised","strong shock response with high brows, widened eyes, and open mouth, chin elevated subtly, keeping the expression readable and anatomically natural",facial expression head angle
Expression + Head Position,Expression Pose,"shocked, head tilted left","strong shock response with high brows, widened eyes, and open mouth, head tilted slightly toward the left shoulder, keeping the expression readable and anatomically natural",facial expression head angle
Expression + Head Position,Expression Pose,"shocked, head tilted right","strong shock response with high brows, widened eyes, and open mouth, head tilted slightly toward the right shoulder, keeping the expression readable and anatomically natural",facial expression head angle
Expression + Head Position,Expression Pose,"shocked, head turned slightly left","strong shock response with high brows, widened eyes, and open mouth, head rotated slightly left, keeping the expression readable and anatomically natural",facial expression head angle
Expression + Head Position,Expression Pose,"shocked, head turned slightly right","strong shock response with high brows, widened eyes, and open mouth, head rotated slightly right, keeping the expression readable and anatomically natural",facial expression head angle
Expression + Head Position,Expression Pose,"confused, head level","confused expression with uneven brow tension and questioning gaze, head held level, keeping the expression readable and anatomically natural",facial expression head angle
Expression + Head Position,Expression Pose,"confused, chin slightly down","confused expression with uneven brow tension and questioning gaze, chin lowered subtly, keeping the expression readable and anatomically natural",facial expression head angle
Expression + Head Position,Expression Pose,"confused, chin slightly raised","confused expression with uneven brow tension and questioning gaze, chin elevated subtly, keeping the expression readable and anatomically natural",facial expression head angle
Expression + Head Position,Expression Pose,"confused, head tilted left","confused expression with uneven brow tension and questioning gaze, head tilted slightly toward the left shoulder, keeping the expression readable and anatomically natural",facial expression head angle
Expression + Head Position,Expression Pose,"confused, head tilted right","confused expression with uneven brow tension and questioning gaze, head tilted slightly toward the right shoulder, keeping the expression readable and anatomically natural",facial expression head angle
Expression + Head Position,Expression Pose,"confused, head turned slightly left","confused expression with uneven brow tension and questioning gaze, head rotated slightly left, keeping the expression readable and anatomically natural",facial expression head angle
Expression + Head Position,Expression Pose,"confused, head turned slightly right","confused expression with uneven brow tension and questioning gaze, head rotated slightly right, keeping the expression readable and anatomically natural",facial expression head angle
Expression + Head Position,Expression Pose,"skeptical, head level","skeptical expression with one brow subtly raised and lips held in restrained uncertainty, head held level, keeping the expression readable and anatomically natural",facial expression head angle
Expression + Head Position,Expression Pose,"skeptical, chin slightly down","skeptical expression with one brow subtly raised and lips held in restrained uncertainty, chin lowered subtly, keeping the expression readable and anatomically natural",facial expression head angle
Expression + Head Position,Expression Pose,"skeptical, chin slightly raised","skeptical expression with one brow subtly raised and lips held in restrained uncertainty, chin elevated subtly, keeping the expression readable and anatomically natural",facial expression head angle
Expression + Head Position,Expression Pose,"skeptical, head tilted left","skeptical expression with one brow subtly raised and lips held in restrained uncertainty, head tilted slightly toward the left shoulder, keeping the expression readable and anatomically natural",facial expression head angle
Expression + Head Position,Expression Pose,"skeptical, head tilted right","skeptical expression with one brow subtly raised and lips held in restrained uncertainty, head tilted slightly toward the right shoulder, keeping the expression readable and anatomically natural",facial expression head angle
Expression + Head Position,Expression Pose,"skeptical, head turned slightly left","skeptical expression with one brow subtly raised and lips held in restrained uncertainty, head rotated slightly left, keeping the expression readable and anatomically natural",facial expression head angle
Expression + Head Position,Expression Pose,"skeptical, head turned slightly right","skeptical expression with one brow subtly raised and lips held in restrained uncertainty, head rotated slightly right, keeping the expression readable and anatomically natural",facial expression head angle
Expression + Head Position,Expression Pose,"suspicious, head level","suspicious expression with narrowed eyes, slight brow lowering, and guarded mouth, head held level, keeping the expression readable and anatomically natural",facial expression head angle
Expression + Head Position,Expression Pose,"suspicious, chin slightly down","suspicious expression with narrowed eyes, slight brow lowering, and guarded mouth, chin lowered subtly, keeping the expression readable and anatomically natural",facial expression head angle
Expression + Head Position,Expression Pose,"suspicious, chin slightly raised","suspicious expression with narrowed eyes, slight brow lowering, and guarded mouth, chin elevated subtly, keeping the expression readable and anatomically natural",facial expression head angle
Expression + Head Position,Expression Pose,"suspicious, head tilted left","suspicious expression with narrowed eyes, slight brow lowering, and guarded mouth, head tilted slightly toward the left shoulder, keeping the expression readable and anatomically natural",facial expression head angle
Expression + Head Position,Expression Pose,"suspicious, head tilted right","suspicious expression with narrowed eyes, slight brow lowering, and guarded mouth, head tilted slightly toward the right shoulder, keeping the expression readable and anatomically natural",facial expression head angle
Expression + Head Position,Expression Pose,"suspicious, head turned slightly left","suspicious expression with narrowed eyes, slight brow lowering, and guarded mouth, head rotated slightly left, keeping the expression readable and anatomically natural",facial expression head angle
Expression + Head Position,Expression Pose,"suspicious, head turned slightly right","suspicious expression with narrowed eyes, slight brow lowering, and guarded mouth, head rotated slightly right, keeping the expression readable and anatomically natural",facial expression head angle
Expression + Head Position,Expression Pose,"focused, head level","focused expression with steady gaze, slight brow engagement, and relaxed mouth, head held level, keeping the expression readable and anatomically natural",facial expression head angle
Expression + Head Position,Expression Pose,"focused, chin slightly down","focused expression with steady gaze, slight brow engagement, and relaxed mouth, chin lowered subtly, keeping the expression readable and anatomically natural",facial expression head angle
Expression + Head Position,Expression Pose,"focused, chin slightly raised","focused expression with steady gaze, slight brow engagement, and relaxed mouth, chin elevated subtly, keeping the expression readable and anatomically natural",facial expression head angle
Expression + Head Position,Expression Pose,"focused, head tilted left","focused expression with steady gaze, slight brow engagement, and relaxed mouth, head tilted slightly toward the left shoulder, keeping the expression readable and anatomically natural",facial expression head angle
Expression + Head Position,Expression Pose,"focused, head tilted right","focused expression with steady gaze, slight brow engagement, and relaxed mouth, head tilted slightly toward the right shoulder, keeping the expression readable and anatomically natural",facial expression head angle
Expression + Head Position,Expression Pose,"focused, head turned slightly left","focused expression with steady gaze, slight brow engagement, and relaxed mouth, head rotated slightly left, keeping the expression readable and anatomically natural",facial expression head angle
Expression + Head Position,Expression Pose,"focused, head turned slightly right","focused expression with steady gaze, slight brow engagement, and relaxed mouth, head rotated slightly right, keeping the expression readable and anatomically natural",facial expression head angle
Expression + Head Position,Expression Pose,"concentrating, head level","concentrated expression with mild brow draw and fixed visual attention, head held level, keeping the expression readable and anatomically natural",facial expression head angle
Expression + Head Position,Expression Pose,"concentrating, chin slightly down","concentrated expression with mild brow draw and fixed visual attention, chin lowered subtly, keeping the expression readable and anatomically natural",facial expression head angle
Expression + Head Position,Expression Pose,"concentrating, chin slightly raised","concentrated expression with mild brow draw and fixed visual attention, chin elevated subtly, keeping the expression readable and anatomically natural",facial expression head angle
Expression + Head Position,Expression Pose,"concentrating, head tilted left","concentrated expression with mild brow draw and fixed visual attention, head tilted slightly toward the left shoulder, keeping the expression readable and anatomically natural",facial expression head angle
Expression + Head Position,Expression Pose,"concentrating, head tilted right","concentrated expression with mild brow draw and fixed visual attention, head tilted slightly toward the right shoulder, keeping the expression readable and anatomically natural",facial expression head angle
Expression + Head Position,Expression Pose,"concentrating, head turned slightly left","concentrated expression with mild brow draw and fixed visual attention, head rotated slightly left, keeping the expression readable and anatomically natural",facial expression head angle
Expression + Head Position,Expression Pose,"concentrating, head turned slightly right","concentrated expression with mild brow draw and fixed visual attention, head rotated slightly right, keeping the expression readable and anatomically natural",facial expression head angle
Expression + Head Position,Expression Pose,"determined, head level","determined expression with firm gaze, subtly set jaw, and controlled brow tension, head held level, keeping the expression readable and anatomically natural",facial expression head angle
Expression + Head Position,Expression Pose,"determined, chin slightly down","determined expression with firm gaze, subtly set jaw, and controlled brow tension, chin lowered subtly, keeping the expression readable and anatomically natural",facial expression head angle
Expression + Head Position,Expression Pose,"determined, chin slightly raised","determined expression with firm gaze, subtly set jaw, and controlled brow tension, chin elevated subtly, keeping the expression readable and anatomically natural",facial expression head angle
Expression + Head Position,Expression Pose,"determined, head tilted left","determined expression with firm gaze, subtly set jaw, and controlled brow tension, head tilted slightly toward the left shoulder, keeping the expression readable and anatomically natural",facial expression head angle
Expression + Head Position,Expression Pose,"determined, head tilted right","determined expression with firm gaze, subtly set jaw, and controlled brow tension, head tilted slightly toward the right shoulder, keeping the expression readable and anatomically natural",facial expression head angle
Expression + Head Position,Expression Pose,"determined, head turned slightly left","determined expression with firm gaze, subtly set jaw, and controlled brow tension, head rotated slightly left, keeping the expression readable and anatomically natural",facial expression head angle
Expression + Head Position,Expression Pose,"determined, head turned slightly right","determined expression with firm gaze, subtly set jaw, and controlled brow tension, head rotated slightly right, keeping the expression readable and anatomically natural",facial expression head angle
Expression + Head Position,Expression Pose,"serious, head level","serious expression with level gaze and minimal smiling, head held level, keeping the expression readable and anatomically natural",facial expression head angle
Expression + Head Position,Expression Pose,"serious, chin slightly down","serious expression with level gaze and minimal smiling, chin lowered subtly, keeping the expression readable and anatomically natural",facial expression head angle
Expression + Head Position,Expression Pose,"serious, chin slightly raised","serious expression with level gaze and minimal smiling, chin elevated subtly, keeping the expression readable and anatomically natural",facial expression head angle
Expression + Head Position,Expression Pose,"serious, head tilted left","serious expression with level gaze and minimal smiling, head tilted slightly toward the left shoulder, keeping the expression readable and anatomically natural",facial expression head angle
Expression + Head Position,Expression Pose,"serious, head tilted right","serious expression with level gaze and minimal smiling, head tilted slightly toward the right shoulder, keeping the expression readable and anatomically natural",facial expression head angle
Expression + Head Position,Expression Pose,"serious, head turned slightly left","serious expression with level gaze and minimal smiling, head rotated slightly left, keeping the expression readable and anatomically natural",facial expression head angle
Expression + Head Position,Expression Pose,"serious, head turned slightly right","serious expression with level gaze and minimal smiling, head rotated slightly right, keeping the expression readable and anatomically natural",facial expression head angle
Expression + Head Position,Expression Pose,"annoyed, head level","annoyed expression with mild brow lowering, compressed lips, and narrowed eyes, head held level, keeping the expression readable and anatomically natural",facial expression head angle
Expression + Head Position,Expression Pose,"annoyed, chin slightly down","annoyed expression with mild brow lowering, compressed lips, and narrowed eyes, chin lowered subtly, keeping the expression readable and anatomically natural",facial expression head angle
Expression + Head Position,Expression Pose,"annoyed, chin slightly raised","annoyed expression with mild brow lowering, compressed lips, and narrowed eyes, chin elevated subtly, keeping the expression readable and anatomically natural",facial expression head angle
Expression + Head Position,Expression Pose,"annoyed, head tilted left","annoyed expression with mild brow lowering, compressed lips, and narrowed eyes, head tilted slightly toward the left shoulder, keeping the expression readable and anatomically natural",facial expression head angle
Expression + Head Position,Expression Pose,"annoyed, head tilted right","annoyed expression with mild brow lowering, compressed lips, and narrowed eyes, head tilted slightly toward the right shoulder, keeping the expression readable and anatomically natural",facial expression head angle
Expression + Head Position,Expression Pose,"annoyed, head turned slightly left","annoyed expression with mild brow lowering, compressed lips, and narrowed eyes, head rotated slightly left, keeping the expression readable and anatomically natural",facial expression head angle
Expression + Head Position,Expression Pose,"annoyed, head turned slightly right","annoyed expression with mild brow lowering, compressed lips, and narrowed eyes, head rotated slightly right, keeping the expression readable and anatomically natural",facial expression head angle
Expression + Head Position,Expression Pose,"angry, head level","angry expression with lowered drawn brows, tightened eyelids, and firm mouth, head held level, keeping the expression readable and anatomically natural",facial expression head angle
Expression + Head Position,Expression Pose,"angry, chin slightly down","angry expression with lowered drawn brows, tightened eyelids, and firm mouth, chin lowered subtly, keeping the expression readable and anatomically natural",facial expression head angle
Expression + Head Position,Expression Pose,"angry, chin slightly raised","angry expression with lowered drawn brows, tightened eyelids, and firm mouth, chin elevated subtly, keeping the expression readable and anatomically natural",facial expression head angle
Expression + Head Position,Expression Pose,"angry, head tilted left","angry expression with lowered drawn brows, tightened eyelids, and firm mouth, head tilted slightly toward the left shoulder, keeping the expression readable and anatomically natural",facial expression head angle
Expression + Head Position,Expression Pose,"angry, head tilted right","angry expression with lowered drawn brows, tightened eyelids, and firm mouth, head tilted slightly toward the right shoulder, keeping the expression readable and anatomically natural",facial expression head angle
Expression + Head Position,Expression Pose,"angry, head turned slightly left","angry expression with lowered drawn brows, tightened eyelids, and firm mouth, head rotated slightly left, keeping the expression readable and anatomically natural",facial expression head angle
Expression + Head Position,Expression Pose,"angry, head turned slightly right","angry expression with lowered drawn brows, tightened eyelids, and firm mouth, head rotated slightly right, keeping the expression readable and anatomically natural",facial expression head angle
Expression + Head Position,Expression Pose,"furious, head level","intense anger with strongly lowered brows, tense jaw, and high facial muscle activation, head held level, keeping the expression readable and anatomically natural",facial expression head angle
Expression + Head Position,Expression Pose,"furious, chin slightly down","intense anger with strongly lowered brows, tense jaw, and high facial muscle activation, chin lowered subtly, keeping the expression readable and anatomically natural",facial expression head angle
Expression + Head Position,Expression Pose,"furious, chin slightly raised","intense anger with strongly lowered brows, tense jaw, and high facial muscle activation, chin elevated subtly, keeping the expression readable and anatomically natural",facial expression head angle
Expression + Head Position,Expression Pose,"furious, head tilted left","intense anger with strongly lowered brows, tense jaw, and high facial muscle activation, head tilted slightly toward the left shoulder, keeping the expression readable and anatomically natural",facial expression head angle
Expression + Head Position,Expression Pose,"furious, head tilted right","intense anger with strongly lowered brows, tense jaw, and high facial muscle activation, head tilted slightly toward the right shoulder, keeping the expression readable and anatomically natural",facial expression head angle
Expression + Head Position,Expression Pose,"furious, head turned slightly left","intense anger with strongly lowered brows, tense jaw, and high facial muscle activation, head rotated slightly left, keeping the expression readable and anatomically natural",facial expression head angle
Expression + Head Position,Expression Pose,"furious, head turned slightly right","intense anger with strongly lowered brows, tense jaw, and high facial muscle activation, head rotated slightly right, keeping the expression readable and anatomically natural",facial expression head angle
Expression + Head Position,Expression Pose,"sad, head level","sad expression with inner brows slightly raised, softened eyes, and downturned mouth corners, head held level, keeping the expression readable and anatomically natural",facial expression head angle
Expression + Head Position,Expression Pose,"sad, chin slightly down","sad expression with inner brows slightly raised, softened eyes, and downturned mouth corners, chin lowered subtly, keeping the expression readable and anatomically natural",facial expression head angle
Expression + Head Position,Expression Pose,"sad, chin slightly raised","sad expression with inner brows slightly raised, softened eyes, and downturned mouth corners, chin elevated subtly, keeping the expression readable and anatomically natural",facial expression head angle
Expression + Head Position,Expression Pose,"sad, head tilted left","sad expression with inner brows slightly raised, softened eyes, and downturned mouth corners, head tilted slightly toward the left shoulder, keeping the expression readable and anatomically natural",facial expression head angle
Expression + Head Position,Expression Pose,"sad, head tilted right","sad expression with inner brows slightly raised, softened eyes, and downturned mouth corners, head tilted slightly toward the right shoulder, keeping the expression readable and anatomically natural",facial expression head angle
Expression + Head Position,Expression Pose,"sad, head turned slightly left","sad expression with inner brows slightly raised, softened eyes, and downturned mouth corners, head rotated slightly left, keeping the expression readable and anatomically natural",facial expression head angle
Expression + Head Position,Expression Pose,"sad, head turned slightly right","sad expression with inner brows slightly raised, softened eyes, and downturned mouth corners, head rotated slightly right, keeping the expression readable and anatomically natural",facial expression head angle
Expression + Head Position,Expression Pose,"disappointed, head level","disappointed expression with lowered gaze, subdued mouth, and mild inner-brow lift, head held level, keeping the expression readable and anatomically natural",facial expression head angle
Expression + Head Position,Expression Pose,"disappointed, chin slightly down","disappointed expression with lowered gaze, subdued mouth, and mild inner-brow lift, chin lowered subtly, keeping the expression readable and anatomically natural",facial expression head angle
Expression + Head Position,Expression Pose,"disappointed, chin slightly raised","disappointed expression with lowered gaze, subdued mouth, and mild inner-brow lift, chin elevated subtly, keeping the expression readable and anatomically natural",facial expression head angle
Expression + Head Position,Expression Pose,"disappointed, head tilted left","disappointed expression with lowered gaze, subdued mouth, and mild inner-brow lift, head tilted slightly toward the left shoulder, keeping the expression readable and anatomically natural",facial expression head angle
Expression + Head Position,Expression Pose,"disappointed, head tilted right","disappointed expression with lowered gaze, subdued mouth, and mild inner-brow lift, head tilted slightly toward the right shoulder, keeping the expression readable and anatomically natural",facial expression head angle
Expression + Head Position,Expression Pose,"disappointed, head turned slightly left","disappointed expression with lowered gaze, subdued mouth, and mild inner-brow lift, head rotated slightly left, keeping the expression readable and anatomically natural",facial expression head angle
Expression + Head Position,Expression Pose,"disappointed, head turned slightly right","disappointed expression with lowered gaze, subdued mouth, and mild inner-brow lift, head rotated slightly right, keeping the expression readable and anatomically natural",facial expression head angle
Expression + Head Position,Expression Pose,"worried, head level","worried expression with raised inner brows, tense eyes, and slightly parted lips, head held level, keeping the expression readable and anatomically natural",facial expression head angle
Expression + Head Position,Expression Pose,"worried, chin slightly down","worried expression with raised inner brows, tense eyes, and slightly parted lips, chin lowered subtly, keeping the expression readable and anatomically natural",facial expression head angle
Expression + Head Position,Expression Pose,"worried, chin slightly raised","worried expression with raised inner brows, tense eyes, and slightly parted lips, chin elevated subtly, keeping the expression readable and anatomically natural",facial expression head angle
Expression + Head Position,Expression Pose,"worried, head tilted left","worried expression with raised inner brows, tense eyes, and slightly parted lips, head tilted slightly toward the left shoulder, keeping the expression readable and anatomically natural",facial expression head angle
Expression + Head Position,Expression Pose,"worried, head tilted right","worried expression with raised inner brows, tense eyes, and slightly parted lips, head tilted slightly toward the right shoulder, keeping the expression readable and anatomically natural",facial expression head angle
Expression + Head Position,Expression Pose,"worried, head turned slightly left","worried expression with raised inner brows, tense eyes, and slightly parted lips, head rotated slightly left, keeping the expression readable and anatomically natural",facial expression head angle
Expression + Head Position,Expression Pose,"worried, head turned slightly right","worried expression with raised inner brows, tense eyes, and slightly parted lips, head rotated slightly right, keeping the expression readable and anatomically natural",facial expression head angle
Expression + Head Position,Expression Pose,"anxious, head level","anxious expression with visible brow tension, alert eyes, and restrained mouth tension, head held level, keeping the expression readable and anatomically natural",facial expression head angle
Expression + Head Position,Expression Pose,"anxious, chin slightly down","anxious expression with visible brow tension, alert eyes, and restrained mouth tension, chin lowered subtly, keeping the expression readable and anatomically natural",facial expression head angle
Expression + Head Position,Expression Pose,"anxious, chin slightly raised","anxious expression with visible brow tension, alert eyes, and restrained mouth tension, chin elevated subtly, keeping the expression readable and anatomically natural",facial expression head angle
Expression + Head Position,Expression Pose,"anxious, head tilted left","anxious expression with visible brow tension, alert eyes, and restrained mouth tension, head tilted slightly toward the left shoulder, keeping the expression readable and anatomically natural",facial expression head angle
Expression + Head Position,Expression Pose,"anxious, head tilted right","anxious expression with visible brow tension, alert eyes, and restrained mouth tension, head tilted slightly toward the right shoulder, keeping the expression readable and anatomically natural",facial expression head angle
Expression + Head Position,Expression Pose,"anxious, head turned slightly left","anxious expression with visible brow tension, alert eyes, and restrained mouth tension, head rotated slightly left, keeping the expression readable and anatomically natural",facial expression head angle
Expression + Head Position,Expression Pose,"anxious, head turned slightly right","anxious expression with visible brow tension, alert eyes, and restrained mouth tension, head rotated slightly right, keeping the expression readable and anatomically natural",facial expression head angle
Expression + Head Position,Expression Pose,"fearful, head level","fearful expression with raised drawn brows, widened eyes, and tense parted lips, head held level, keeping the expression readable and anatomically natural",facial expression head angle
Expression + Head Position,Expression Pose,"fearful, chin slightly down","fearful expression with raised drawn brows, widened eyes, and tense parted lips, chin lowered subtly, keeping the expression readable and anatomically natural",facial expression head angle
Expression + Head Position,Expression Pose,"fearful, chin slightly raised","fearful expression with raised drawn brows, widened eyes, and tense parted lips, chin elevated subtly, keeping the expression readable and anatomically natural",facial expression head angle
Expression + Head Position,Expression Pose,"fearful, head tilted left","fearful expression with raised drawn brows, widened eyes, and tense parted lips, head tilted slightly toward the left shoulder, keeping the expression readable and anatomically natural",facial expression head angle
Expression + Head Position,Expression Pose,"fearful, head tilted right","fearful expression with raised drawn brows, widened eyes, and tense parted lips, head tilted slightly toward the right shoulder, keeping the expression readable and anatomically natural",facial expression head angle
Expression + Head Position,Expression Pose,"fearful, head turned slightly left","fearful expression with raised drawn brows, widened eyes, and tense parted lips, head rotated slightly left, keeping the expression readable and anatomically natural",facial expression head angle
Expression + Head Position,Expression Pose,"fearful, head turned slightly right","fearful expression with raised drawn brows, widened eyes, and tense parted lips, head rotated slightly right, keeping the expression readable and anatomically natural",facial expression head angle
Expression + Head Position,Expression Pose,"disgusted, head level","disgust expression with raised upper lip, nose wrinkling, and lowered brow tension, head held level, keeping the expression readable and anatomically natural",facial expression head angle
Expression + Head Position,Expression Pose,"disgusted, chin slightly down","disgust expression with raised upper lip, nose wrinkling, and lowered brow tension, chin lowered subtly, keeping the expression readable and anatomically natural",facial expression head angle
Expression + Head Position,Expression Pose,"disgusted, chin slightly raised","disgust expression with raised upper lip, nose wrinkling, and lowered brow tension, chin elevated subtly, keeping the expression readable and anatomically natural",facial expression head angle
Expression + Head Position,Expression Pose,"disgusted, head tilted left","disgust expression with raised upper lip, nose wrinkling, and lowered brow tension, head tilted slightly toward the left shoulder, keeping the expression readable and anatomically natural",facial expression head angle
Expression + Head Position,Expression Pose,"disgusted, head tilted right","disgust expression with raised upper lip, nose wrinkling, and lowered brow tension, head tilted slightly toward the right shoulder, keeping the expression readable and anatomically natural",facial expression head angle
Expression + Head Position,Expression Pose,"disgusted, head turned slightly left","disgust expression with raised upper lip, nose wrinkling, and lowered brow tension, head rotated slightly left, keeping the expression readable and anatomically natural",facial expression head angle
Expression + Head Position,Expression Pose,"disgusted, head turned slightly right","disgust expression with raised upper lip, nose wrinkling, and lowered brow tension, head rotated slightly right, keeping the expression readable and anatomically natural",facial expression head angle
Expression + Head Position,Expression Pose,"embarrassed, head level","embarrassed expression with shy smile, slight gaze avoidance, and cheek tension, head held level, keeping the expression readable and anatomically natural",facial expression head angle
Expression + Head Position,Expression Pose,"embarrassed, chin slightly down","embarrassed expression with shy smile, slight gaze avoidance, and cheek tension, chin lowered subtly, keeping the expression readable and anatomically natural",facial expression head angle
Expression + Head Position,Expression Pose,"embarrassed, chin slightly raised","embarrassed expression with shy smile, slight gaze avoidance, and cheek tension, chin elevated subtly, keeping the expression readable and anatomically natural",facial expression head angle
Expression + Head Position,Expression Pose,"embarrassed, head tilted left","embarrassed expression with shy smile, slight gaze avoidance, and cheek tension, head tilted slightly toward the left shoulder, keeping the expression readable and anatomically natural",facial expression head angle
Expression + Head Position,Expression Pose,"embarrassed, head tilted right","embarrassed expression with shy smile, slight gaze avoidance, and cheek tension, head tilted slightly toward the right shoulder, keeping the expression readable and anatomically natural",facial expression head angle
Expression + Head Position,Expression Pose,"embarrassed, head turned slightly left","embarrassed expression with shy smile, slight gaze avoidance, and cheek tension, head rotated slightly left, keeping the expression readable and anatomically natural",facial expression head angle
Expression + Head Position,Expression Pose,"embarrassed, head turned slightly right","embarrassed expression with shy smile, slight gaze avoidance, and cheek tension, head rotated slightly right, keeping the expression readable and anatomically natural",facial expression head angle
Expression + Head Position,Expression Pose,"bashful, head level","bashful expression with small smile, lowered gaze, and gentle head inclination, head held level, keeping the expression readable and anatomically natural",facial expression head angle
Expression + Head Position,Expression Pose,"bashful, chin slightly down","bashful expression with small smile, lowered gaze, and gentle head inclination, chin lowered subtly, keeping the expression readable and anatomically natural",facial expression head angle
Expression + Head Position,Expression Pose,"bashful, chin slightly raised","bashful expression with small smile, lowered gaze, and gentle head inclination, chin elevated subtly, keeping the expression readable and anatomically natural",facial expression head angle
Expression + Head Position,Expression Pose,"bashful, head tilted left","bashful expression with small smile, lowered gaze, and gentle head inclination, head tilted slightly toward the left shoulder, keeping the expression readable and anatomically natural",facial expression head angle
Expression + Head Position,Expression Pose,"bashful, head tilted right","bashful expression with small smile, lowered gaze, and gentle head inclination, head tilted slightly toward the right shoulder, keeping the expression readable and anatomically natural",facial expression head angle
Expression + Head Position,Expression Pose,"bashful, head turned slightly left","bashful expression with small smile, lowered gaze, and gentle head inclination, head rotated slightly left, keeping the expression readable and anatomically natural",facial expression head angle
Expression + Head Position,Expression Pose,"bashful, head turned slightly right","bashful expression with small smile, lowered gaze, and gentle head inclination, head rotated slightly right, keeping the expression readable and anatomically natural",facial expression head angle
Expression + Head Position,Expression Pose,"proud, head level","proud expression with lifted chin, restrained smile, and confident eyes, head held level, keeping the expression readable and anatomically natural",facial expression head angle
Expression + Head Position,Expression Pose,"proud, chin slightly down","proud expression with lifted chin, restrained smile, and confident eyes, chin lowered subtly, keeping the expression readable and anatomically natural",facial expression head angle
Expression + Head Position,Expression Pose,"proud, chin slightly raised","proud expression with lifted chin, restrained smile, and confident eyes, chin elevated subtly, keeping the expression readable and anatomically natural",facial expression head angle
Expression + Head Position,Expression Pose,"proud, head tilted left","proud expression with lifted chin, restrained smile, and confident eyes, head tilted slightly toward the left shoulder, keeping the expression readable and anatomically natural",facial expression head angle
Expression + Head Position,Expression Pose,"proud, head tilted right","proud expression with lifted chin, restrained smile, and confident eyes, head tilted slightly toward the right shoulder, keeping the expression readable and anatomically natural",facial expression head angle
Expression + Head Position,Expression Pose,"proud, head turned slightly left","proud expression with lifted chin, restrained smile, and confident eyes, head rotated slightly left, keeping the expression readable and anatomically natural",facial expression head angle
Expression + Head Position,Expression Pose,"proud, head turned slightly right","proud expression with lifted chin, restrained smile, and confident eyes, head rotated slightly right, keeping the expression readable and anatomically natural",facial expression head angle
Expression + Head Position,Expression Pose,"confident, head level","confident expression with steady direct gaze and subtle controlled smile, head held level, keeping the expression readable and anatomically natural",facial expression head angle
Expression + Head Position,Expression Pose,"confident, chin slightly down","confident expression with steady direct gaze and subtle controlled smile, chin lowered subtly, keeping the expression readable and anatomically natural",facial expression head angle
Expression + Head Position,Expression Pose,"confident, chin slightly raised","confident expression with steady direct gaze and subtle controlled smile, chin elevated subtly, keeping the expression readable and anatomically natural",facial expression head angle
Expression + Head Position,Expression Pose,"confident, head tilted left","confident expression with steady direct gaze and subtle controlled smile, head tilted slightly toward the left shoulder, keeping the expression readable and anatomically natural",facial expression head angle
Expression + Head Position,Expression Pose,"confident, head tilted right","confident expression with steady direct gaze and subtle controlled smile, head tilted slightly toward the right shoulder, keeping the expression readable and anatomically natural",facial expression head angle
Expression + Head Position,Expression Pose,"confident, head turned slightly left","confident expression with steady direct gaze and subtle controlled smile, head rotated slightly left, keeping the expression readable and anatomically natural",facial expression head angle
Expression + Head Position,Expression Pose,"confident, head turned slightly right","confident expression with steady direct gaze and subtle controlled smile, head rotated slightly right, keeping the expression readable and anatomically natural",facial expression head angle
Expression + Head Position,Expression Pose,"playful, head level","playful expression with lively eyes, subtle brow movement, and teasing half-smile, head held level, keeping the expression readable and anatomically natural",facial expression head angle
Expression + Head Position,Expression Pose,"playful, chin slightly down","playful expression with lively eyes, subtle brow movement, and teasing half-smile, chin lowered subtly, keeping the expression readable and anatomically natural",facial expression head angle
Expression + Head Position,Expression Pose,"playful, chin slightly raised","playful expression with lively eyes, subtle brow movement, and teasing half-smile, chin elevated subtly, keeping the expression readable and anatomically natural",facial expression head angle
Expression + Head Position,Expression Pose,"playful, head tilted left","playful expression with lively eyes, subtle brow movement, and teasing half-smile, head tilted slightly toward the left shoulder, keeping the expression readable and anatomically natural",facial expression head angle
Expression + Head Position,Expression Pose,"playful, head tilted right","playful expression with lively eyes, subtle brow movement, and teasing half-smile, head tilted slightly toward the right shoulder, keeping the expression readable and anatomically natural",facial expression head angle
Expression + Head Position,Expression Pose,"playful, head turned slightly left","playful expression with lively eyes, subtle brow movement, and teasing half-smile, head rotated slightly left, keeping the expression readable and anatomically natural",facial expression head angle
Expression + Head Position,Expression Pose,"playful, head turned slightly right","playful expression with lively eyes, subtle brow movement, and teasing half-smile, head rotated slightly right, keeping the expression readable and anatomically natural",facial expression head angle
Expression + Head Position,Expression Pose,"mischievous, head level","mischievous expression with knowing half-smile and slightly narrowed lively eyes, head held level, keeping the expression readable and anatomically natural",facial expression head angle
Expression + Head Position,Expression Pose,"mischievous, chin slightly down","mischievous expression with knowing half-smile and slightly narrowed lively eyes, chin lowered subtly, keeping the expression readable and anatomically natural",facial expression head angle
Expression + Head Position,Expression Pose,"mischievous, chin slightly raised","mischievous expression with knowing half-smile and slightly narrowed lively eyes, chin elevated subtly, keeping the expression readable and anatomically natural",facial expression head angle
Expression + Head Position,Expression Pose,"mischievous, head tilted left","mischievous expression with knowing half-smile and slightly narrowed lively eyes, head tilted slightly toward the left shoulder, keeping the expression readable and anatomically natural",facial expression head angle
Expression + Head Position,Expression Pose,"mischievous, head tilted right","mischievous expression with knowing half-smile and slightly narrowed lively eyes, head tilted slightly toward the right shoulder, keeping the expression readable and anatomically natural",facial expression head angle
Expression + Head Position,Expression Pose,"mischievous, head turned slightly left","mischievous expression with knowing half-smile and slightly narrowed lively eyes, head rotated slightly left, keeping the expression readable and anatomically natural",facial expression head angle
Expression + Head Position,Expression Pose,"mischievous, head turned slightly right","mischievous expression with knowing half-smile and slightly narrowed lively eyes, head rotated slightly right, keeping the expression readable and anatomically natural",facial expression head angle
Expression + Head Position,Expression Pose,"teasing, head level","teasing expression with asymmetric smile and playful eye contact, head held level, keeping the expression readable and anatomically natural",facial expression head angle
Expression + Head Position,Expression Pose,"teasing, chin slightly down","teasing expression with asymmetric smile and playful eye contact, chin lowered subtly, keeping the expression readable and anatomically natural",facial expression head angle
Expression + Head Position,Expression Pose,"teasing, chin slightly raised","teasing expression with asymmetric smile and playful eye contact, chin elevated subtly, keeping the expression readable and anatomically natural",facial expression head angle
Expression + Head Position,Expression Pose,"teasing, head tilted left","teasing expression with asymmetric smile and playful eye contact, head tilted slightly toward the left shoulder, keeping the expression readable and anatomically natural",facial expression head angle
Expression + Head Position,Expression Pose,"teasing, head tilted right","teasing expression with asymmetric smile and playful eye contact, head tilted slightly toward the right shoulder, keeping the expression readable and anatomically natural",facial expression head angle
Expression + Head Position,Expression Pose,"teasing, head turned slightly left","teasing expression with asymmetric smile and playful eye contact, head rotated slightly left, keeping the expression readable and anatomically natural",facial expression head angle
Expression + Head Position,Expression Pose,"teasing, head turned slightly right","teasing expression with asymmetric smile and playful eye contact, head rotated slightly right, keeping the expression readable and anatomically natural",facial expression head angle
Expression + Head Position,Expression Pose,"smirk, head level","asymmetric smirk with one mouth corner raised, head held level, keeping the expression readable and anatomically natural",facial expression head angle
Expression + Head Position,Expression Pose,"smirk, chin slightly down","asymmetric smirk with one mouth corner raised, chin lowered subtly, keeping the expression readable and anatomically natural",facial expression head angle
Expression + Head Position,Expression Pose,"smirk, chin slightly raised","asymmetric smirk with one mouth corner raised, chin elevated subtly, keeping the expression readable and anatomically natural",facial expression head angle
Expression + Head Position,Expression Pose,"smirk, head tilted left","asymmetric smirk with one mouth corner raised, head tilted slightly toward the left shoulder, keeping the expression readable and anatomically natural",facial expression head angle
Expression + Head Position,Expression Pose,"smirk, head tilted right","asymmetric smirk with one mouth corner raised, head tilted slightly toward the right shoulder, keeping the expression readable and anatomically natural",facial expression head angle
Expression + Head Position,Expression Pose,"smirk, head turned slightly left","asymmetric smirk with one mouth corner raised, head rotated slightly left, keeping the expression readable and anatomically natural",facial expression head angle
Expression + Head Position,Expression Pose,"smirk, head turned slightly right","asymmetric smirk with one mouth corner raised, head rotated slightly right, keeping the expression readable and anatomically natural",facial expression head angle
Expression + Head Position,Expression Pose,"half-smile, head level","subtle half-smile with one side of the mouth slightly more active, head held level, keeping the expression readable and anatomically natural",facial expression head angle
Expression + Head Position,Expression Pose,"half-smile, chin slightly down","subtle half-smile with one side of the mouth slightly more active, chin lowered subtly, keeping the expression readable and anatomically natural",facial expression head angle
Expression + Head Position,Expression Pose,"half-smile, chin slightly raised","subtle half-smile with one side of the mouth slightly more active, chin elevated subtly, keeping the expression readable and anatomically natural",facial expression head angle
Expression + Head Position,Expression Pose,"half-smile, head tilted left","subtle half-smile with one side of the mouth slightly more active, head tilted slightly toward the left shoulder, keeping the expression readable and anatomically natural",facial expression head angle
Expression + Head Position,Expression Pose,"half-smile, head tilted right","subtle half-smile with one side of the mouth slightly more active, head tilted slightly toward the right shoulder, keeping the expression readable and anatomically natural",facial expression head angle
Expression + Head Position,Expression Pose,"half-smile, head turned slightly left","subtle half-smile with one side of the mouth slightly more active, head rotated slightly left, keeping the expression readable and anatomically natural",facial expression head angle
Expression + Head Position,Expression Pose,"half-smile, head turned slightly right","subtle half-smile with one side of the mouth slightly more active, head rotated slightly right, keeping the expression readable and anatomically natural",facial expression head angle
Expression + Head Position,Expression Pose,"pout, head level","soft pout with lips gently projected forward, head held level, keeping the expression readable and anatomically natural",facial expression head angle
Expression + Head Position,Expression Pose,"pout, chin slightly down","soft pout with lips gently projected forward, chin lowered subtly, keeping the expression readable and anatomically natural",facial expression head angle
Expression + Head Position,Expression Pose,"pout, chin slightly raised","soft pout with lips gently projected forward, chin elevated subtly, keeping the expression readable and anatomically natural",facial expression head angle
Expression + Head Position,Expression Pose,"pout, head tilted left","soft pout with lips gently projected forward, head tilted slightly toward the left shoulder, keeping the expression readable and anatomically natural",facial expression head angle
Expression + Head Position,Expression Pose,"pout, head tilted right","soft pout with lips gently projected forward, head tilted slightly toward the right shoulder, keeping the expression readable and anatomically natural",facial expression head angle
Expression + Head Position,Expression Pose,"pout, head turned slightly left","soft pout with lips gently projected forward, head rotated slightly left, keeping the expression readable and anatomically natural",facial expression head angle
Expression + Head Position,Expression Pose,"pout, head turned slightly right","soft pout with lips gently projected forward, head rotated slightly right, keeping the expression readable and anatomically natural",facial expression head angle
Expression + Head Position,Expression Pose,"mock pout, head level","playful exaggerated pout without distress, head held level, keeping the expression readable and anatomically natural",facial expression head angle
Expression + Head Position,Expression Pose,"mock pout, chin slightly down","playful exaggerated pout without distress, chin lowered subtly, keeping the expression readable and anatomically natural",facial expression head angle
Expression + Head Position,Expression Pose,"mock pout, chin slightly raised","playful exaggerated pout without distress, chin elevated subtly, keeping the expression readable and anatomically natural",facial expression head angle
Expression + Head Position,Expression Pose,"mock pout, head tilted left","playful exaggerated pout without distress, head tilted slightly toward the left shoulder, keeping the expression readable and anatomically natural",facial expression head angle
Expression + Head Position,Expression Pose,"mock pout, head tilted right","playful exaggerated pout without distress, head tilted slightly toward the right shoulder, keeping the expression readable and anatomically natural",facial expression head angle
Expression + Head Position,Expression Pose,"mock pout, head turned slightly left","playful exaggerated pout without distress, head rotated slightly left, keeping the expression readable and anatomically natural",facial expression head angle
Expression + Head Position,Expression Pose,"mock pout, head turned slightly right","playful exaggerated pout without distress, head rotated slightly right, keeping the expression readable and anatomically natural",facial expression head angle
Expression + Head Position,Expression Pose,"eye roll, head level","eyes rolling upward with mildly exasperated facial tension, head held level, keeping the expression readable and anatomically natural",facial expression head angle
Expression + Head Position,Expression Pose,"eye roll, chin slightly down","eyes rolling upward with mildly exasperated facial tension, chin lowered subtly, keeping the expression readable and anatomically natural",facial expression head angle
Expression + Head Position,Expression Pose,"eye roll, chin slightly raised","eyes rolling upward with mildly exasperated facial tension, chin elevated subtly, keeping the expression readable and anatomically natural",facial expression head angle
Expression + Head Position,Expression Pose,"eye roll, head tilted left","eyes rolling upward with mildly exasperated facial tension, head tilted slightly toward the left shoulder, keeping the expression readable and anatomically natural",facial expression head angle
Expression + Head Position,Expression Pose,"eye roll, head tilted right","eyes rolling upward with mildly exasperated facial tension, head tilted slightly toward the right shoulder, keeping the expression readable and anatomically natural",facial expression head angle
Expression + Head Position,Expression Pose,"eye roll, head turned slightly left","eyes rolling upward with mildly exasperated facial tension, head rotated slightly left, keeping the expression readable and anatomically natural",facial expression head angle
Expression + Head Position,Expression Pose,"eye roll, head turned slightly right","eyes rolling upward with mildly exasperated facial tension, head rotated slightly right, keeping the expression readable and anatomically natural",facial expression head angle
Expression + Head Position,Expression Pose,"side-eye, head level","eyes shifted sideways while head remains mostly forward, conveying skeptical attention, head held level, keeping the expression readable and anatomically natural",facial expression head angle
Expression + Head Position,Expression Pose,"side-eye, chin slightly down","eyes shifted sideways while head remains mostly forward, conveying skeptical attention, chin lowered subtly, keeping the expression readable and anatomically natural",facial expression head angle
Expression + Head Position,Expression Pose,"side-eye, chin slightly raised","eyes shifted sideways while head remains mostly forward, conveying skeptical attention, chin elevated subtly, keeping the expression readable and anatomically natural",facial expression head angle
Expression + Head Position,Expression Pose,"side-eye, head tilted left","eyes shifted sideways while head remains mostly forward, conveying skeptical attention, head tilted slightly toward the left shoulder, keeping the expression readable and anatomically natural",facial expression head angle
Expression + Head Position,Expression Pose,"side-eye, head tilted right","eyes shifted sideways while head remains mostly forward, conveying skeptical attention, head tilted slightly toward the right shoulder, keeping the expression readable and anatomically natural",facial expression head angle
Expression + Head Position,Expression Pose,"side-eye, head turned slightly left","eyes shifted sideways while head remains mostly forward, conveying skeptical attention, head rotated slightly left, keeping the expression readable and anatomically natural",facial expression head angle
Expression + Head Position,Expression Pose,"side-eye, head turned slightly right","eyes shifted sideways while head remains mostly forward, conveying skeptical attention, head rotated slightly right, keeping the expression readable and anatomically natural",facial expression head angle
Expression + Head Position,Expression Pose,"caught off guard, head level","brief unprepared expression with widened attention and partially formed mouth response, head held level, keeping the expression readable and anatomically natural",facial expression head angle
Expression + Head Position,Expression Pose,"caught off guard, chin slightly down","brief unprepared expression with widened attention and partially formed mouth response, chin lowered subtly, keeping the expression readable and anatomically natural",facial expression head angle
Expression + Head Position,Expression Pose,"caught off guard, chin slightly raised","brief unprepared expression with widened attention and partially formed mouth response, chin elevated subtly, keeping the expression readable and anatomically natural",facial expression head angle
Expression + Head Position,Expression Pose,"caught off guard, head tilted left","brief unprepared expression with widened attention and partially formed mouth response, head tilted slightly toward the left shoulder, keeping the expression readable and anatomically natural",facial expression head angle
Expression + Head Position,Expression Pose,"caught off guard, head tilted right","brief unprepared expression with widened attention and partially formed mouth response, head tilted slightly toward the right shoulder, keeping the expression readable and anatomically natural",facial expression head angle
Expression + Head Position,Expression Pose,"caught off guard, head turned slightly left","brief unprepared expression with widened attention and partially formed mouth response, head rotated slightly left, keeping the expression readable and anatomically natural",facial expression head angle
Expression + Head Position,Expression Pose,"caught off guard, head turned slightly right","brief unprepared expression with widened attention and partially formed mouth response, head rotated slightly right, keeping the expression readable and anatomically natural",facial expression head angle
Expression + Head Position,Expression Pose,"daydreaming, head level","distant relaxed gaze with softened facial muscles, head held level, keeping the expression readable and anatomically natural",facial expression head angle
Expression + Head Position,Expression Pose,"daydreaming, chin slightly down","distant relaxed gaze with softened facial muscles, chin lowered subtly, keeping the expression readable and anatomically natural",facial expression head angle
Expression + Head Position,Expression Pose,"daydreaming, chin slightly raised","distant relaxed gaze with softened facial muscles, chin elevated subtly, keeping the expression readable and anatomically natural",facial expression head angle
Expression + Head Position,Expression Pose,"daydreaming, head tilted left","distant relaxed gaze with softened facial muscles, head tilted slightly toward the left shoulder, keeping the expression readable and anatomically natural",facial expression head angle
Expression + Head Position,Expression Pose,"daydreaming, head tilted right","distant relaxed gaze with softened facial muscles, head tilted slightly toward the right shoulder, keeping the expression readable and anatomically natural",facial expression head angle
Expression + Head Position,Expression Pose,"daydreaming, head turned slightly left","distant relaxed gaze with softened facial muscles, head rotated slightly left, keeping the expression readable and anatomically natural",facial expression head angle
Expression + Head Position,Expression Pose,"daydreaming, head turned slightly right","distant relaxed gaze with softened facial muscles, head rotated slightly right, keeping the expression readable and anatomically natural",facial expression head angle
Expression + Head Position,Expression Pose,"curious, head level","curious expression with slightly raised brows and attentive eyes, head held level, keeping the expression readable and anatomically natural",facial expression head angle
Expression + Head Position,Expression Pose,"curious, chin slightly down","curious expression with slightly raised brows and attentive eyes, chin lowered subtly, keeping the expression readable and anatomically natural",facial expression head angle
Expression + Head Position,Expression Pose,"curious, chin slightly raised","curious expression with slightly raised brows and attentive eyes, chin elevated subtly, keeping the expression readable and anatomically natural",facial expression head angle
Expression + Head Position,Expression Pose,"curious, head tilted left","curious expression with slightly raised brows and attentive eyes, head tilted slightly toward the left shoulder, keeping the expression readable and anatomically natural",facial expression head angle
Expression + Head Position,Expression Pose,"curious, head tilted right","curious expression with slightly raised brows and attentive eyes, head tilted slightly toward the right shoulder, keeping the expression readable and anatomically natural",facial expression head angle
Expression + Head Position,Expression Pose,"curious, head turned slightly left","curious expression with slightly raised brows and attentive eyes, head rotated slightly left, keeping the expression readable and anatomically natural",facial expression head angle
Expression + Head Position,Expression Pose,"curious, head turned slightly right","curious expression with slightly raised brows and attentive eyes, head rotated slightly right, keeping the expression readable and anatomically natural",facial expression head angle
Expression + Head Position,Expression Pose,"amused, head level","amused expression with restrained smile and brightened eyes, head held level, keeping the expression readable and anatomically natural",facial expression head angle
Expression + Head Position,Expression Pose,"amused, chin slightly down","amused expression with restrained smile and brightened eyes, chin lowered subtly, keeping the expression readable and anatomically natural",facial expression head angle
Expression + Head Position,Expression Pose,"amused, chin slightly raised","amused expression with restrained smile and brightened eyes, chin elevated subtly, keeping the expression readable and anatomically natural",facial expression head angle
Expression + Head Position,Expression Pose,"amused, head tilted left","amused expression with restrained smile and brightened eyes, head tilted slightly toward the left shoulder, keeping the expression readable and anatomically natural",facial expression head angle
Expression + Head Position,Expression Pose,"amused, head tilted right","amused expression with restrained smile and brightened eyes, head tilted slightly toward the right shoulder, keeping the expression readable and anatomically natural",facial expression head angle
Expression + Head Position,Expression Pose,"amused, head turned slightly left","amused expression with restrained smile and brightened eyes, head rotated slightly left, keeping the expression readable and anatomically natural",facial expression head angle
Expression + Head Position,Expression Pose,"amused, head turned slightly right","amused expression with restrained smile and brightened eyes, head rotated slightly right, keeping the expression readable and anatomically natural",facial expression head angle
Expression + Head Position,Expression Pose,"relieved, head level","relieved expression with reduced brow tension, softened eyes, and a small exhale-like smile, head held level, keeping the expression readable and anatomically natural",facial expression head angle
Expression + Head Position,Expression Pose,"relieved, chin slightly down","relieved expression with reduced brow tension, softened eyes, and a small exhale-like smile, chin lowered subtly, keeping the expression readable and anatomically natural",facial expression head angle
Expression + Head Position,Expression Pose,"relieved, chin slightly raised","relieved expression with reduced brow tension, softened eyes, and a small exhale-like smile, chin elevated subtly, keeping the expression readable and anatomically natural",facial expression head angle
Expression + Head Position,Expression Pose,"relieved, head tilted left","relieved expression with reduced brow tension, softened eyes, and a small exhale-like smile, head tilted slightly toward the left shoulder, keeping the expression readable and anatomically natural",facial expression head angle
Expression + Head Position,Expression Pose,"relieved, head tilted right","relieved expression with reduced brow tension, softened eyes, and a small exhale-like smile, head tilted slightly toward the right shoulder, keeping the expression readable and anatomically natural",facial expression head angle
Expression + Head Position,Expression Pose,"relieved, head turned slightly left","relieved expression with reduced brow tension, softened eyes, and a small exhale-like smile, head rotated slightly left, keeping the expression readable and anatomically natural",facial expression head angle
Expression + Head Position,Expression Pose,"relieved, head turned slightly right","relieved expression with reduced brow tension, softened eyes, and a small exhale-like smile, head rotated slightly right, keeping the expression readable and anatomically natural",facial expression head angle
Expression + Head Position,Expression Pose,"impressed, head level","impressed expression with lifted brows, attentive eyes, and an approving mouth response, head held level, keeping the expression readable and anatomically natural",facial expression head angle
Expression + Head Position,Expression Pose,"impressed, chin slightly down","impressed expression with lifted brows, attentive eyes, and an approving mouth response, chin lowered subtly, keeping the expression readable and anatomically natural",facial expression head angle
Expression + Head Position,Expression Pose,"impressed, chin slightly raised","impressed expression with lifted brows, attentive eyes, and an approving mouth response, chin elevated subtly, keeping the expression readable and anatomically natural",facial expression head angle
Expression + Head Position,Expression Pose,"impressed, head tilted left","impressed expression with lifted brows, attentive eyes, and an approving mouth response, head tilted slightly toward the left shoulder, keeping the expression readable and anatomically natural",facial expression head angle
Expression + Head Position,Expression Pose,"impressed, head tilted right","impressed expression with lifted brows, attentive eyes, and an approving mouth response, head tilted slightly toward the right shoulder, keeping the expression readable and anatomically natural",facial expression head angle
Expression + Head Position,Expression Pose,"impressed, head turned slightly left","impressed expression with lifted brows, attentive eyes, and an approving mouth response, head rotated slightly left, keeping the expression readable and anatomically natural",facial expression head angle
Expression + Head Position,Expression Pose,"impressed, head turned slightly right","impressed expression with lifted brows, attentive eyes, and an approving mouth response, head rotated slightly right, keeping the expression readable and anatomically natural",facial expression head angle
Expression + Head Position,Expression Pose,"unimpressed, head level","unimpressed expression with low facial activation, flat mouth, and mildly narrowed eyes, head held level, keeping the expression readable and anatomically natural",facial expression head angle
Expression + Head Position,Expression Pose,"unimpressed, chin slightly down","unimpressed expression with low facial activation, flat mouth, and mildly narrowed eyes, chin lowered subtly, keeping the expression readable and anatomically natural",facial expression head angle
Expression + Head Position,Expression Pose,"unimpressed, chin slightly raised","unimpressed expression with low facial activation, flat mouth, and mildly narrowed eyes, chin elevated subtly, keeping the expression readable and anatomically natural",facial expression head angle
Expression + Head Position,Expression Pose,"unimpressed, head tilted left","unimpressed expression with low facial activation, flat mouth, and mildly narrowed eyes, head tilted slightly toward the left shoulder, keeping the expression readable and anatomically natural",facial expression head angle
Expression + Head Position,Expression Pose,"unimpressed, head tilted right","unimpressed expression with low facial activation, flat mouth, and mildly narrowed eyes, head tilted slightly toward the right shoulder, keeping the expression readable and anatomically natural",facial expression head angle
Expression + Head Position,Expression Pose,"unimpressed, head turned slightly left","unimpressed expression with low facial activation, flat mouth, and mildly narrowed eyes, head rotated slightly left, keeping the expression readable and anatomically natural",facial expression head angle
Expression + Head Position,Expression Pose,"unimpressed, head turned slightly right","unimpressed expression with low facial activation, flat mouth, and mildly narrowed eyes, head rotated slightly right, keeping the expression readable and anatomically natural",facial expression head angle
Candid Expression Transitions,Transitional Expression,smile beginning,mouth corners just beginning to rise before a full smile forms,candid microexpression transition
Candid Expression Transitions,Transitional Expression,smile fading,smile relaxing toward neutral with residual cheek lift,candid microexpression transition
Candid Expression Transitions,Transitional Expression,about to laugh,lips parting and cheeks lifting immediately before laughter,candid microexpression transition
Candid Expression Transitions,Transitional Expression,mid-laugh,captured during active laughter with changing mouth shape and eye narrowing,candid microexpression transition
Candid Expression Transitions,Transitional Expression,post-laugh smile,residual broad smile immediately after laughter,candid microexpression transition
Candid Expression Transitions,Transitional Expression,about to speak,lips and jaw positioned at the start of speech,candid microexpression transition
Candid Expression Transitions,Transitional Expression,mid-sentence,natural asymmetrical mouth shape captured during speech,candid microexpression transition
Candid Expression Transitions,Transitional Expression,listening attentively,mouth relaxed while eyes and brows show active attention,candid microexpression transition
Candid Expression Transitions,Transitional Expression,processing a thought,brief concentrated pause with small brow and eye adjustments,candid microexpression transition
Candid Expression Transitions,Transitional Expression,realizing something,expression transitioning from neutral attention toward recognition or surprise,candid microexpression transition
Candid Expression Transitions,Transitional Expression,trying not to laugh,lips compressed or curled while cheeks and eyes reveal suppressed amusement,candid microexpression transition
Candid Expression Transitions,Transitional Expression,holding back a smile,restrained mouth corners with subtle cheek activation,candid microexpression transition
Candid Expression Transitions,Transitional Expression,caught mid-reaction,expression captured between two emotional states rather than at a posed endpoint,candid microexpression transition
Candid Expression Transitions,Transitional Expression,brief eyebrow flash,very short upward eyebrow movement signaling recognition or surprise,candid microexpression transition
Facial Micro-Expressions,Eye Expression,direct eye contact,eyes looking directly into the camera,facial expression eyes gaze
Facial Micro-Expressions,Eye Expression,eyes slightly narrowed,upper and lower eyelids narrowed slightly without strain,facial expression eyes gaze
Facial Micro-Expressions,Eye Expression,eyes wide,eyes widened with increased visible sclera,facial expression eyes gaze
Facial Micro-Expressions,Eye Expression,soft eyes,eyelids relaxed with gentle low-tension gaze,facial expression eyes gaze
Facial Micro-Expressions,Eye Expression,slight squint,slight natural squint without excessive facial strain,facial expression eyes gaze
Facial Micro-Expressions,Eye Expression,gaze downward,eyes directed downward,facial expression eyes gaze
Facial Micro-Expressions,Eye Expression,gaze upward,eyes directed upward,facial expression eyes gaze
Facial Micro-Expressions,Eye Expression,side glance left,eyes shifted to the subject's left,facial expression eyes gaze
Facial Micro-Expressions,Eye Expression,side glance right,eyes shifted to the subject's right,facial expression eyes gaze
Facial Micro-Expressions,Eye Expression,eyes closed,both eyelids naturally closed,facial expression eyes gaze
Facial Micro-Expressions,Eye Expression,wink,one eye briefly closed in a playful wink,facial expression eyes gaze
Facial Micro-Expressions,Brow Expression,relaxed brows,eyebrows resting in a neutral relaxed position,facial expression eyebrows
Facial Micro-Expressions,Brow Expression,raised brows,both eyebrows raised,facial expression eyebrows
Facial Micro-Expressions,Brow Expression,raised inner brows,inner eyebrow corners raised,facial expression eyebrows
Facial Micro-Expressions,Brow Expression,lowered brows,eyebrows lowered toward the eyes,facial expression eyebrows
Facial Micro-Expressions,Brow Expression,brows drawn together,eyebrows pulled inward toward the glabella,facial expression eyebrows
Facial Micro-Expressions,Brow Expression,one eyebrow raised,one eyebrow raised asymmetrically,facial expression eyebrows
Facial Micro-Expressions,Brow Expression,slightly arched brows,eyebrows held in a subtle arched shape,facial expression eyebrows
Facial Micro-Expressions,Mouth Expression,relaxed closed lips,lips gently closed without compression,facial expression lips mouth
Facial Micro-Expressions,Mouth Expression,lips slightly parted,lips separated slightly with relaxed jaw,facial expression lips mouth
Facial Micro-Expressions,Mouth Expression,mouth slightly open,mouth slightly open with natural jaw relaxation,facial expression lips mouth
Facial Micro-Expressions,Mouth Expression,upper teeth showing,upper teeth visible naturally,facial expression lips mouth
Facial Micro-Expressions,Mouth Expression,teeth showing,teeth visible naturally without forced clenching,facial expression lips mouth
Facial Micro-Expressions,Mouth Expression,lips pressed together,lips lightly pressed together,facial expression lips mouth
Facial Micro-Expressions,Mouth Expression,lower lip tucked,lower lip tucked inward slightly,facial expression lips mouth
Facial Micro-Expressions,Mouth Expression,subtle lip bite,one lip gently caught between the teeth in a brief natural gesture,facial expression lips mouth
Facial Micro-Expressions,Mouth Expression,mouth corners lifted,mouth corners lifted into a small smile,facial expression lips mouth
Facial Micro-Expressions,Mouth Expression,mouth corners downturned,mouth corners turned slightly downward,facial expression lips mouth
Facial Micro-Expressions,Mouth Expression,one mouth corner raised,one mouth corner lifted asymmetrically,facial expression lips mouth
