Major Category,Subcategory,Keyword,Prompt-Ready Phrase,Tags
Nail Shape,Shape,round nails,rounded nail tips following the natural fingertip curve,nails manicure shape
Nail Shape,Shape,soft square nails,square nail shape with subtly softened corners,nails manicure shape
Nail Shape,Shape,square nails,straight sidewalls with a flat square free edge,nails manicure shape
Nail Shape,Shape,tapered square nails,square free edge with gently tapered sidewalls,nails manicure shape
Nail Shape,Shape,squoval nails,balanced square-oval shape with softened corners,nails manicure shape
Nail Shape,Shape,oval nails,smooth oval silhouette with gently rounded tip,nails manicure shape
Nail Shape,Shape,almond nails,tapered almond silhouette with softly pointed tip,nails manicure shape
Nail Shape,Shape,coffin nails,tapered sidewalls ending in a flat squared tip,nails manicure shape
Nail Shape,Shape,ballerina nails,long tapered ballerina shape with a flat narrow tip,nails manicure shape
Nail Shape,Shape,stiletto nails,long sharply tapered pointed nail shape,nails manicure shape
Nail Shape,Shape,mountain-peak nails,shorter pointed peak shape with symmetrical taper,nails manicure shape
Nail Shape,Shape,lipstick nails,asymmetrical slanted free edge resembling a lipstick bullet,nails manicure shape
Nail Shape,Shape,flare nails,outward-flared sidewalls with a wider free edge,nails manicure shape
Nail Shape,Shape,edge nails,faceted angular nail shape with a central ridge,nails manicure shape
Nail Length,Length,extra-short nails,very short nail length with minimal free edge,nails manicure length
Nail Length,Length,short nails,short practical nail length extending just past the fingertip,nails manicure length
Nail Length,Length,medium-length nails,medium nail length with balanced extension beyond the fingertip,nails manicure length
Nail Length,Length,long nails,long nail length with visibly extended free edge,nails manicure length
Nail Length,Length,extra-long nails,extra-long dramatic nail length with extended proportions,nails manicure length
Nail Color,Color,clear manicure,clear transparent manicure with even color coverage and realistic polished nail surface,nails manicure color polish
Nail Color,Color,sheer nude manicure,sheer nude manicure with even color coverage and realistic polished nail surface,nails manicure color polish
Nail Color,Color,milky nude manicure,milky nude manicure with even color coverage and realistic polished nail surface,nails manicure color polish
Nail Color,Color,beige nude manicure,beige-nude manicure with even color coverage and realistic polished nail surface,nails manicure color polish
Nail Color,Color,pink nude manicure,pink-nude manicure with even color coverage and realistic polished nail surface,nails manicure color polish
Nail Color,Color,rose nude manicure,rose-nude manicure with even color coverage and realistic polished nail surface,nails manicure color polish
Nail Color,Color,taupe manicure,taupe manicure with even color coverage and realistic polished nail surface,nails manicure color polish
Nail Color,Color,mocha manicure,mocha brown manicure with even color coverage and realistic polished nail surface,nails manicure color polish
Nail Color,Color,chocolate brown manicure,chocolate-brown manicure with even color coverage and realistic polished nail surface,nails manicure color polish
Nail Color,Color,espresso brown manicure,espresso-brown manicure with even color coverage and realistic polished nail surface,nails manicure color polish
Nail Color,Color,soft white manicure,soft white manicure with even color coverage and realistic polished nail surface,nails manicure color polish
Nail Color,Color,milky white manicure,milky white manicure with even color coverage and realistic polished nail surface,nails manicure color polish
Nail Color,Color,bright white manicure,bright white manicure with even color coverage and realistic polished nail surface,nails manicure color polish
Nail Color,Color,black manicure,black manicure with even color coverage and realistic polished nail surface,nails manicure color polish
Nail Color,Color,charcoal manicure,charcoal gray manicure with even color coverage and realistic polished nail surface,nails manicure color polish
Nail Color,Color,silver manicure,silver manicure with even color coverage and realistic polished nail surface,nails manicure color polish
Nail Color,Color,gunmetal manicure,gunmetal gray manicure with even color coverage and realistic polished nail surface,nails manicure color polish
Nail Color,Color,gold manicure,gold manicure with even color coverage and realistic polished nail surface,nails manicure color polish
Nail Color,Color,champagne gold manicure,champagne-gold manicure with even color coverage and realistic polished nail surface,nails manicure color polish
Nail Color,Color,rose gold manicure,rose-gold manicure with even color coverage and realistic polished nail surface,nails manicure color polish
Nail Color,Color,cherry red manicure,cherry red manicure with even color coverage and realistic polished nail surface,nails manicure color polish
Nail Color,Color,true red manicure,true red manicure with even color coverage and realistic polished nail surface,nails manicure color polish
Nail Color,Color,scarlet red manicure,scarlet red manicure with even color coverage and realistic polished nail surface,nails manicure color polish
Nail Color,Color,crimson manicure,crimson red manicure with even color coverage and realistic polished nail surface,nails manicure color polish
Nail Color,Color,burgundy manicure,burgundy wine manicure with even color coverage and realistic polished nail surface,nails manicure color polish
Nail Color,Color,oxblood manicure,deep oxblood manicure with even color coverage and realistic polished nail surface,nails manicure color polish
Nail Color,Color,coral manicure,coral manicure with even color coverage and realistic polished nail surface,nails manicure color polish
Nail Color,Color,peach manicure,peach manicure with even color coverage and realistic polished nail surface,nails manicure color polish
Nail Color,Color,blush pink manicure,blush pink manicure with even color coverage and realistic polished nail surface,nails manicure color polish
Nail Color,Color,soft pink manicure,soft pink manicure with even color coverage and realistic polished nail surface,nails manicure color polish
Nail Color,Color,bubblegum pink manicure,bubblegum pink manicure with even color coverage and realistic polished nail surface,nails manicure color polish
Nail Color,Color,hot pink manicure,hot pink manicure with even color coverage and realistic polished nail surface,nails manicure color polish
Nail Color,Color,magenta manicure,magenta manicure with even color coverage and realistic polished nail surface,nails manicure color polish
Nail Color,Color,lavender manicure,lavender manicure with even color coverage and realistic polished nail surface,nails manicure color polish
Nail Color,Color,lilac manicure,lilac manicure with even color coverage and realistic polished nail surface,nails manicure color polish
Nail Color,Color,plum manicure,plum manicure with even color coverage and realistic polished nail surface,nails manicure color polish
Nail Color,Color,violet manicure,violet manicure with even color coverage and realistic polished nail surface,nails manicure color polish
Nail Color,Color,pastel blue manicure,pastel blue manicure with even color coverage and realistic polished nail surface,nails manicure color polish
Nail Color,Color,baby blue manicure,baby blue manicure with even color coverage and realistic polished nail surface,nails manicure color polish
Nail Color,Color,sky blue manicure,sky blue manicure with even color coverage and realistic polished nail surface,nails manicure color polish
Nail Color,Color,royal blue manicure,royal blue manicure with even color coverage and realistic polished nail surface,nails manicure color polish
Nail Color,Color,navy manicure,navy blue manicure with even color coverage and realistic polished nail surface,nails manicure color polish
Nail Color,Color,teal manicure,teal manicure with even color coverage and realistic polished nail surface,nails manicure color polish
Nail Color,Color,turquoise manicure,turquoise manicure with even color coverage and realistic polished nail surface,nails manicure color polish
Nail Color,Color,mint manicure,mint green manicure with even color coverage and realistic polished nail surface,nails manicure color polish
Nail Color,Color,sage green manicure,sage green manicure with even color coverage and realistic polished nail surface,nails manicure color polish
Nail Color,Color,emerald manicure,emerald green manicure with even color coverage and realistic polished nail surface,nails manicure color polish
Nail Color,Color,forest green manicure,forest green manicure with even color coverage and realistic polished nail surface,nails manicure color polish
Nail Color,Color,olive manicure,olive green manicure with even color coverage and realistic polished nail surface,nails manicure color polish
Nail Color,Color,yellow manicure,yellow manicure with even color coverage and realistic polished nail surface,nails manicure color polish
Nail Color,Color,butter yellow manicure,butter yellow manicure with even color coverage and realistic polished nail surface,nails manicure color polish
Nail Color,Color,mustard manicure,mustard yellow manicure with even color coverage and realistic polished nail surface,nails manicure color polish
Nail Color,Color,orange manicure,orange manicure with even color coverage and realistic polished nail surface,nails manicure color polish
Nail Color,Color,terracotta manicure,terracotta manicure with even color coverage and realistic polished nail surface,nails manicure color polish
Nail Color,Color,pastel rainbow manicure,pastel rainbow manicure with even color coverage and realistic polished nail surface,nails manicure color polish
Nail Color,Color,neon rainbow manicure,neon rainbow manicure with even color coverage and realistic polished nail surface,nails manicure color polish
Nail Finish,Finish,high-gloss finish,high-gloss lacquer finish with crisp reflected highlights,nails manicure finish polish
Nail Finish,Finish,glossy finish,smooth glossy polish finish,nails manicure finish polish
Nail Finish,Finish,satin finish,soft satin sheen with restrained reflectivity,nails manicure finish polish
Nail Finish,Finish,matte finish,fully matte low-reflectance surface,nails manicure finish polish
Nail Finish,Finish,velvet finish,velvety magnetic shimmer with soft depth,nails manicure finish polish
Nail Finish,Finish,cat-eye finish,magnetic cat-eye stripe with dimensional light movement,nails manicure finish polish
Nail Finish,Finish,jelly finish,translucent jelly-like colored finish,nails manicure finish polish
Nail Finish,Finish,syrup finish,sheer syrup-like tinted translucency,nails manicure finish polish
Nail Finish,Finish,milky finish,soft cloudy milky translucency,nails manicure finish polish
Nail Finish,Finish,chrome finish,high-shine chrome metallic surface,nails manicure finish polish
Nail Finish,Finish,mirror-chrome finish,mirror-like metallic chrome reflectivity,nails manicure finish polish
Nail Finish,Finish,pearl-chrome finish,pearly chrome finish with soft luminous shift,nails manicure finish polish
Nail Finish,Finish,glazed finish,glazed pearlescent sheen with translucent depth,nails manicure finish polish
Nail Finish,Finish,metallic finish,opaque metallic polish finish,nails manicure finish polish
Nail Finish,Finish,shimmer finish,fine uniform shimmer suspended in the polish,nails manicure finish polish
Nail Finish,Finish,fine-glitter finish,fine glitter distributed evenly across the nail,nails manicure finish polish
Nail Finish,Finish,holographic finish,holographic rainbow-reflective particles,nails manicure finish polish
Nail Finish,Finish,iridescent finish,iridescent color-shifting sheen,nails manicure finish polish
Nail Finish,Finish,frosted finish,soft frosted pearly sheen,nails manicure finish polish
Nail Finish,Finish,translucent finish,clean translucent color with visible natural nail depth,nails manicure finish polish
French Manicure,French Style,classic French manicure,sheer nude or pink base with crisp white tips,nails manicure french tips
French Manicure,French Style,micro French manicure,sheer neutral base with ultra-thin precise tip line,nails manicure french tips
French Manicure,French Style,deep French manicure,French tip extending deeper along the sidewalls,nails manicure french tips
French Manicure,French Style,reverse French manicure,contrast crescent accent tracing the cuticle line,nails manicure french tips
French Manicure,French Style,side French manicure,French accent sweeping along one side of the nail,nails manicure french tips
French Manicure,French Style,double French manicure,two parallel tip lines creating a layered French effect,nails manicure french tips
French Manicure,French Style,V-French manicure,angled V-shaped French tips,nails manicure french tips
French Manicure,French Style,floating French manicure,detached tip line floating slightly below the free edge,nails manicure french tips
French Manicure,French Style,ombre French manicure,softly blended French transition from nude base to pale tip,nails manicure french tips
French Manicure,French Style,baby-boomer manicure,soft airbrushed nude-to-white ombre French effect,nails manicure french tips
French Manicure,French Style,black-tip French manicure,neutral base with crisp black French tips,nails manicure french tips
French Manicure,French Style,red-tip French manicure,neutral base with crisp red French tips,nails manicure french tips
French Manicure,French Style,pink-tip French manicure,neutral base with crisp pink French tips,nails manicure french tips
French Manicure,French Style,blue-tip French manicure,neutral base with crisp blue French tips,nails manicure french tips
French Manicure,French Style,pastel-tip French manicure,neutral base with softly colored pastel French tips,nails manicure french tips
French Manicure,French Style,rainbow-tip French manicure,neutral base with different rainbow-colored French tips,nails manicure french tips
French Manicure,French Style,chrome-tip French manicure,neutral base with metallic chrome French tips,nails manicure french tips
French Manicure,French Style,gold-tip French manicure,neutral base with metallic gold French tips,nails manicure french tips
French Manicure,French Style,silver-tip French manicure,neutral base with metallic silver French tips,nails manicure french tips
French Manicure,French Style,glitter-tip French manicure,neutral base with glitter French tips,nails manicure french tips
French Manicure,French Style,outline French manicure,fine outline tracing the French tip perimeter,nails manicure french tips
French Manicure,French Style,negative-space French manicure,French tips paired with visible negative-space base,nails manicure french tips
French Manicure,French Style,diagonal French manicure,French tip angled diagonally across the free edge,nails manicure french tips
French Manicure,French Style,scalloped French manicure,French tips with a soft scalloped decorative edge,nails manicure french tips
Nail Art,Art Style,ombre nail art,smooth color gradient transitioning across each nail,nails manicure nail art
Nail Art,Art Style,aura nails,soft airbrushed center glow fading into a contrasting outer color,nails manicure nail art
Nail Art,Art Style,marble nail art,marbled veining with organic stone-like swirls,nails manicure nail art
Nail Art,Art Style,tortoiseshell nail art,layered amber-brown tortoiseshell pattern,nails manicure nail art
Nail Art,Art Style,floral nail art,delicate painted floral motifs,nails manicure nail art
Nail Art,Art Style,daisy nail art,small painted daisy motifs with clean petal detail,nails manicure nail art
Nail Art,Art Style,rose nail art,painted rose motifs with layered petal detail,nails manicure nail art
Nail Art,Art Style,botanical nail art,fine leaves and botanical linework,nails manicure nail art
Nail Art,Art Style,abstract swirl nail art,flowing abstract painted swirls,nails manicure nail art
Nail Art,Art Style,wave nail art,curving wave motifs across the nail surface,nails manicure nail art
Nail Art,Art Style,geometric nail art,clean geometric shapes and linework,nails manicure nail art
Nail Art,Art Style,minimal line-art nails,fine minimalist line drawings,nails manicure nail art
Nail Art,Art Style,negative-space nail art,intentional unpainted sections forming the design,nails manicure nail art
Nail Art,Art Style,checkerboard nail art,alternating checkerboard squares,nails manicure nail art
Nail Art,Art Style,polka-dot nail art,evenly spaced painted dots,nails manicure nail art
Nail Art,Art Style,striped nail art,clean linear stripe pattern,nails manicure nail art
Nail Art,Art Style,color-block nail art,bold separated blocks of contrasting color,nails manicure nail art
Nail Art,Art Style,French swirl nails,French-tip structure blended with curved swirl accents,nails manicure nail art
Nail Art,Art Style,chrome swirl nails,raised-looking or painted metallic chrome swirl accents,nails manicure nail art
Nail Art,Art Style,flame nail art,stylized flame motifs rising from the nail edge,nails manicure nail art
Nail Art,Art Style,heart nail art,small heart motifs,nails manicure nail art
Nail Art,Art Style,star nail art,small star motifs,nails manicure nail art
Nail Art,Art Style,celestial nail art,"moon, star, and constellation-inspired motifs",nails manicure nail art
Nail Art,Art Style,cloud nail art,soft painted cloud motifs,nails manicure nail art
Nail Art,Art Style,smiley-face nail art,small playful smiley-face motifs,nails manicure nail art
Nail Art,Art Style,bow nail art,small ribbon and bow motifs,nails manicure nail art
Nail Art,Art Style,cherry nail art,small painted cherry motifs,nails manicure nail art
Nail Art,Art Style,fruit nail art,small colorful fruit motifs,nails manicure nail art
Nail Art,Art Style,leopard-print nail art,leopard-spot pattern,nails manicure nail art
Nail Art,Art Style,zebra-print nail art,high-contrast zebra stripe pattern,nails manicure nail art
Nail Art,Art Style,cow-print nail art,irregular cow-print patches,nails manicure nail art
Nail Art,Art Style,snake-print nail art,scaled snake-inspired pattern,nails manicure nail art
Nail Art,Art Style,lace nail art,fine lace-inspired painted detailing,nails manicure nail art
Nail Art,Art Style,crochet-inspired nail art,textured-looking crochet-inspired painted pattern,nails manicure nail art
Nail Art,Art Style,denim-look nail art,painted denim-inspired blue texture and seam details,nails manicure nail art
Nail Art,Art Style,airbrushed nail art,soft airbrushed gradients and diffused motifs,nails manicure nail art
Nail Art,Art Style,graffiti nail art,layered graffiti-inspired lettering and marks,nails manicure nail art
Nail Art,Art Style,comic-book nail art,graphic comic-style outlines and pop-art accents,nails manicure nail art
Nail Art,Art Style,3D gel nail art,raised sculptural clear or colored gel accents,nails manicure nail art
Nail Art,Art Style,rhinestone nail art,strategically placed rhinestone embellishments,nails manicure nail art
Nail Art,Art Style,pearl-accent nails,small pearl embellishments placed on the nail surface,nails manicure nail art
Nail Art,Art Style,metal-stud nail art,small metallic stud embellishments,nails manicure nail art
Nail Art,Art Style,foil-flake nail art,irregular metallic foil flakes embedded in the finish,nails manicure nail art
Nail Art,Art Style,pressed-flower nail art,delicate pressed-flower elements sealed under clear gel,nails manicure nail art
Nail Art,Art Style,encapsulated glitter nails,glitter suspended beneath a smooth clear overlay,nails manicure nail art
Nail Art,Art Style,watercolor nail art,soft translucent watercolor-style painted washes,nails manicure nail art
Nail Art,Art Style,tie-dye nail art,blended multicolor tie-dye swirls,nails manicure nail art
Nail Art,Art Style,galaxy nail art,deep-space gradient with star-like speckles,nails manicure nail art
Nail Art,Art Style,sunset-gradient nails,warm gradient transitioning through sunset tones,nails manicure nail art
Nail Art,Art Style,ocean-inspired nail art,blue-green gradients with wave and water details,nails manicure nail art
Manicure Themes,Theme,1950s retro manicure,polished 1950s-inspired manicure with classic red or soft pink lacquer and clean rounded shaping,nails manicure theme style
Manicure Themes,Theme,1960s mod manicure,1960s-inspired mod manicure with crisp graphic blocks and high-contrast color,nails manicure theme style
Manicure Themes,Theme,1970s retro manicure,"1970s-inspired manicure with warm earthy tones, curved graphic motifs, and glossy vintage styling",nails manicure theme style
Manicure Themes,Theme,1980s neon manicure,1980s-inspired manicure with bright neon color and bold graphic accents,nails manicure theme style
Manicure Themes,Theme,1990s minimalist manicure,1990s-inspired manicure with clean neutral polish and understated glossy finish,nails manicure theme style
Manicure Themes,Theme,Y2K chrome manicure,"Y2K-inspired manicure with icy chrome, glossy pastel accents, and playful futuristic detail",nails manicure theme style
Manicure Themes,Theme,old-money nude manicure,"refined neutral manicure with sheer nude polish, immaculate cuticles, and understated gloss",nails manicure theme style
Manicure Themes,Theme,clean-girl manicure,minimal sheer pink or milky nude manicure with high-shine clean finish,nails manicure theme style
Manicure Themes,Theme,bridal manicure,refined bridal manicure with sheer nude or soft pink base and delicate luminous finish,nails manicure theme style
Manicure Themes,Theme,office-neutral manicure,professional neutral manicure with short practical shape and restrained polish,nails manicure theme style
Manicure Themes,Theme,vacation manicure,bright vacation-ready manicure with playful color and glossy finish,nails manicure theme style
Manicure Themes,Theme,beach manicure,"coastal manicure with oceanic color, pearly accents, or subtle wave details",nails manicure theme style
Manicure Themes,Theme,spring floral manicure,spring manicure with fresh pastel color and delicate floral detail,nails manicure theme style
Manicure Themes,Theme,summer bright manicure,summer manicure with saturated bright color and glossy finish,nails manicure theme style
Manicure Themes,Theme,autumn manicure,"autumn manicure with warm rust, burgundy, olive, and brown tones",nails manicure theme style
Manicure Themes,Theme,winter manicure,"winter manicure with cool jewel tones, icy shimmer, or crisp neutral polish",nails manicure theme style
Manicure Themes,Theme,Halloween manicure,"Halloween-themed manicure with black, orange, ghost, web, or spooky graphic accents",nails manicure theme style
Manicure Themes,Theme,Christmas manicure,"Christmas-themed manicure with red, green, white, gold, snowflake, or festive accents",nails manicure theme style
Manicure Themes,Theme,holiday glitter manicure,festive holiday manicure with refined glitter and metallic accents,nails manicure theme style
Manicure Themes,Theme,Valentine manicure,"romantic manicure with red, pink, heart, or French-tip details",nails manicure theme style
Manicure Themes,Theme,New Year's Eve manicure,"celebratory manicure with metallic, chrome, glitter, or crystal accents",nails manicure theme style
Manicure Themes,Theme,coquette manicure,"soft feminine manicure with pink, pearl, bow, and delicate French details",nails manicure theme style
Manicure Themes,Theme,grunge manicure,"dark grunge-inspired manicure with black, charcoal, metallic, distressed, or graphic detail",nails manicure theme style
Manicure Themes,Theme,gothic manicure,"gothic manicure with deep black, oxblood, metallic, lace, or dark ornamental detail",nails manicure theme style
Manicure Themes,Theme,sporty manicure,clean durable manicure with short-to-medium shape and bold or team-inspired color blocking,nails manicure theme style
Color + Shape,Combination,clear round nails,"rounded nail tips following the natural fingertip curve, finished in clear transparent polish with even coverage, realistic cuticle spacing, and believable nail thickness",nails manicure color shape
Color + Shape,Combination,clear soft square nails,"square nail shape with subtly softened corners, finished in clear transparent polish with even coverage, realistic cuticle spacing, and believable nail thickness",nails manicure color shape
Color + Shape,Combination,clear square nails,"straight sidewalls with a flat square free edge, finished in clear transparent polish with even coverage, realistic cuticle spacing, and believable nail thickness",nails manicure color shape
Color + Shape,Combination,clear tapered square nails,"square free edge with gently tapered sidewalls, finished in clear transparent polish with even coverage, realistic cuticle spacing, and believable nail thickness",nails manicure color shape
Color + Shape,Combination,clear squoval nails,"balanced square-oval shape with softened corners, finished in clear transparent polish with even coverage, realistic cuticle spacing, and believable nail thickness",nails manicure color shape
Color + Shape,Combination,clear oval nails,"smooth oval silhouette with gently rounded tip, finished in clear transparent polish with even coverage, realistic cuticle spacing, and believable nail thickness",nails manicure color shape
Color + Shape,Combination,clear almond nails,"tapered almond silhouette with softly pointed tip, finished in clear transparent polish with even coverage, realistic cuticle spacing, and believable nail thickness",nails manicure color shape
Color + Shape,Combination,clear coffin nails,"tapered sidewalls ending in a flat squared tip, finished in clear transparent polish with even coverage, realistic cuticle spacing, and believable nail thickness",nails manicure color shape
Color + Shape,Combination,clear ballerina nails,"long tapered ballerina shape with a flat narrow tip, finished in clear transparent polish with even coverage, realistic cuticle spacing, and believable nail thickness",nails manicure color shape
Color + Shape,Combination,clear stiletto nails,"long sharply tapered pointed nail shape, finished in clear transparent polish with even coverage, realistic cuticle spacing, and believable nail thickness",nails manicure color shape
Color + Shape,Combination,clear mountain-peak nails,"shorter pointed peak shape with symmetrical taper, finished in clear transparent polish with even coverage, realistic cuticle spacing, and believable nail thickness",nails manicure color shape
Color + Shape,Combination,clear lipstick nails,"asymmetrical slanted free edge resembling a lipstick bullet, finished in clear transparent polish with even coverage, realistic cuticle spacing, and believable nail thickness",nails manicure color shape
Color + Shape,Combination,sheer nude round nails,"rounded nail tips following the natural fingertip curve, finished in sheer nude polish with even coverage, realistic cuticle spacing, and believable nail thickness",nails manicure color shape
Color + Shape,Combination,sheer nude soft square nails,"square nail shape with subtly softened corners, finished in sheer nude polish with even coverage, realistic cuticle spacing, and believable nail thickness",nails manicure color shape
Color + Shape,Combination,sheer nude square nails,"straight sidewalls with a flat square free edge, finished in sheer nude polish with even coverage, realistic cuticle spacing, and believable nail thickness",nails manicure color shape
Color + Shape,Combination,sheer nude tapered square nails,"square free edge with gently tapered sidewalls, finished in sheer nude polish with even coverage, realistic cuticle spacing, and believable nail thickness",nails manicure color shape
Color + Shape,Combination,sheer nude squoval nails,"balanced square-oval shape with softened corners, finished in sheer nude polish with even coverage, realistic cuticle spacing, and believable nail thickness",nails manicure color shape
Color + Shape,Combination,sheer nude oval nails,"smooth oval silhouette with gently rounded tip, finished in sheer nude polish with even coverage, realistic cuticle spacing, and believable nail thickness",nails manicure color shape
Color + Shape,Combination,sheer nude almond nails,"tapered almond silhouette with softly pointed tip, finished in sheer nude polish with even coverage, realistic cuticle spacing, and believable nail thickness",nails manicure color shape
Color + Shape,Combination,sheer nude coffin nails,"tapered sidewalls ending in a flat squared tip, finished in sheer nude polish with even coverage, realistic cuticle spacing, and believable nail thickness",nails manicure color shape
Color + Shape,Combination,sheer nude ballerina nails,"long tapered ballerina shape with a flat narrow tip, finished in sheer nude polish with even coverage, realistic cuticle spacing, and believable nail thickness",nails manicure color shape
Color + Shape,Combination,sheer nude stiletto nails,"long sharply tapered pointed nail shape, finished in sheer nude polish with even coverage, realistic cuticle spacing, and believable nail thickness",nails manicure color shape
Color + Shape,Combination,sheer nude mountain-peak nails,"shorter pointed peak shape with symmetrical taper, finished in sheer nude polish with even coverage, realistic cuticle spacing, and believable nail thickness",nails manicure color shape
Color + Shape,Combination,sheer nude lipstick nails,"asymmetrical slanted free edge resembling a lipstick bullet, finished in sheer nude polish with even coverage, realistic cuticle spacing, and believable nail thickness",nails manicure color shape
Color + Shape,Combination,milky nude round nails,"rounded nail tips following the natural fingertip curve, finished in milky nude polish with even coverage, realistic cuticle spacing, and believable nail thickness",nails manicure color shape
Color + Shape,Combination,milky nude soft square nails,"square nail shape with subtly softened corners, finished in milky nude polish with even coverage, realistic cuticle spacing, and believable nail thickness",nails manicure color shape
Color + Shape,Combination,milky nude square nails,"straight sidewalls with a flat square free edge, finished in milky nude polish with even coverage, realistic cuticle spacing, and believable nail thickness",nails manicure color shape
Color + Shape,Combination,milky nude tapered square nails,"square free edge with gently tapered sidewalls, finished in milky nude polish with even coverage, realistic cuticle spacing, and believable nail thickness",nails manicure color shape
Color + Shape,Combination,milky nude squoval nails,"balanced square-oval shape with softened corners, finished in milky nude polish with even coverage, realistic cuticle spacing, and believable nail thickness",nails manicure color shape
Color + Shape,Combination,milky nude oval nails,"smooth oval silhouette with gently rounded tip, finished in milky nude polish with even coverage, realistic cuticle spacing, and believable nail thickness",nails manicure color shape
Color + Shape,Combination,milky nude almond nails,"tapered almond silhouette with softly pointed tip, finished in milky nude polish with even coverage, realistic cuticle spacing, and believable nail thickness",nails manicure color shape
Color + Shape,Combination,milky nude coffin nails,"tapered sidewalls ending in a flat squared tip, finished in milky nude polish with even coverage, realistic cuticle spacing, and believable nail thickness",nails manicure color shape
Color + Shape,Combination,milky nude ballerina nails,"long tapered ballerina shape with a flat narrow tip, finished in milky nude polish with even coverage, realistic cuticle spacing, and believable nail thickness",nails manicure color shape
Color + Shape,Combination,milky nude stiletto nails,"long sharply tapered pointed nail shape, finished in milky nude polish with even coverage, realistic cuticle spacing, and believable nail thickness",nails manicure color shape
Color + Shape,Combination,milky nude mountain-peak nails,"shorter pointed peak shape with symmetrical taper, finished in milky nude polish with even coverage, realistic cuticle spacing, and believable nail thickness",nails manicure color shape
Color + Shape,Combination,milky nude lipstick nails,"asymmetrical slanted free edge resembling a lipstick bullet, finished in milky nude polish with even coverage, realistic cuticle spacing, and believable nail thickness",nails manicure color shape
Color + Shape,Combination,beige nude round nails,"rounded nail tips following the natural fingertip curve, finished in beige-nude polish with even coverage, realistic cuticle spacing, and believable nail thickness",nails manicure color shape
Color + Shape,Combination,beige nude soft square nails,"square nail shape with subtly softened corners, finished in beige-nude polish with even coverage, realistic cuticle spacing, and believable nail thickness",nails manicure color shape
Color + Shape,Combination,beige nude square nails,"straight sidewalls with a flat square free edge, finished in beige-nude polish with even coverage, realistic cuticle spacing, and believable nail thickness",nails manicure color shape
Color + Shape,Combination,beige nude tapered square nails,"square free edge with gently tapered sidewalls, finished in beige-nude polish with even coverage, realistic cuticle spacing, and believable nail thickness",nails manicure color shape
Color + Shape,Combination,beige nude squoval nails,"balanced square-oval shape with softened corners, finished in beige-nude polish with even coverage, realistic cuticle spacing, and believable nail thickness",nails manicure color shape
Color + Shape,Combination,beige nude oval nails,"smooth oval silhouette with gently rounded tip, finished in beige-nude polish with even coverage, realistic cuticle spacing, and believable nail thickness",nails manicure color shape
Color + Shape,Combination,beige nude almond nails,"tapered almond silhouette with softly pointed tip, finished in beige-nude polish with even coverage, realistic cuticle spacing, and believable nail thickness",nails manicure color shape
Color + Shape,Combination,beige nude coffin nails,"tapered sidewalls ending in a flat squared tip, finished in beige-nude polish with even coverage, realistic cuticle spacing, and believable nail thickness",nails manicure color shape
Color + Shape,Combination,beige nude ballerina nails,"long tapered ballerina shape with a flat narrow tip, finished in beige-nude polish with even coverage, realistic cuticle spacing, and believable nail thickness",nails manicure color shape
Color + Shape,Combination,beige nude stiletto nails,"long sharply tapered pointed nail shape, finished in beige-nude polish with even coverage, realistic cuticle spacing, and believable nail thickness",nails manicure color shape
Color + Shape,Combination,beige nude mountain-peak nails,"shorter pointed peak shape with symmetrical taper, finished in beige-nude polish with even coverage, realistic cuticle spacing, and believable nail thickness",nails manicure color shape
Color + Shape,Combination,beige nude lipstick nails,"asymmetrical slanted free edge resembling a lipstick bullet, finished in beige-nude polish with even coverage, realistic cuticle spacing, and believable nail thickness",nails manicure color shape
Color + Shape,Combination,pink nude round nails,"rounded nail tips following the natural fingertip curve, finished in pink-nude polish with even coverage, realistic cuticle spacing, and believable nail thickness",nails manicure color shape
Color + Shape,Combination,pink nude soft square nails,"square nail shape with subtly softened corners, finished in pink-nude polish with even coverage, realistic cuticle spacing, and believable nail thickness",nails manicure color shape
Color + Shape,Combination,pink nude square nails,"straight sidewalls with a flat square free edge, finished in pink-nude polish with even coverage, realistic cuticle spacing, and believable nail thickness",nails manicure color shape
Color + Shape,Combination,pink nude tapered square nails,"square free edge with gently tapered sidewalls, finished in pink-nude polish with even coverage, realistic cuticle spacing, and believable nail thickness",nails manicure color shape
Color + Shape,Combination,pink nude squoval nails,"balanced square-oval shape with softened corners, finished in pink-nude polish with even coverage, realistic cuticle spacing, and believable nail thickness",nails manicure color shape
Color + Shape,Combination,pink nude oval nails,"smooth oval silhouette with gently rounded tip, finished in pink-nude polish with even coverage, realistic cuticle spacing, and believable nail thickness",nails manicure color shape
Color + Shape,Combination,pink nude almond nails,"tapered almond silhouette with softly pointed tip, finished in pink-nude polish with even coverage, realistic cuticle spacing, and believable nail thickness",nails manicure color shape
Color + Shape,Combination,pink nude coffin nails,"tapered sidewalls ending in a flat squared tip, finished in pink-nude polish with even coverage, realistic cuticle spacing, and believable nail thickness",nails manicure color shape
Color + Shape,Combination,pink nude ballerina nails,"long tapered ballerina shape with a flat narrow tip, finished in pink-nude polish with even coverage, realistic cuticle spacing, and believable nail thickness",nails manicure color shape
Color + Shape,Combination,pink nude stiletto nails,"long sharply tapered pointed nail shape, finished in pink-nude polish with even coverage, realistic cuticle spacing, and believable nail thickness",nails manicure color shape
Color + Shape,Combination,pink nude mountain-peak nails,"shorter pointed peak shape with symmetrical taper, finished in pink-nude polish with even coverage, realistic cuticle spacing, and believable nail thickness",nails manicure color shape
Color + Shape,Combination,pink nude lipstick nails,"asymmetrical slanted free edge resembling a lipstick bullet, finished in pink-nude polish with even coverage, realistic cuticle spacing, and believable nail thickness",nails manicure color shape
Color + Shape,Combination,rose nude round nails,"rounded nail tips following the natural fingertip curve, finished in rose-nude polish with even coverage, realistic cuticle spacing, and believable nail thickness",nails manicure color shape
Color + Shape,Combination,rose nude soft square nails,"square nail shape with subtly softened corners, finished in rose-nude polish with even coverage, realistic cuticle spacing, and believable nail thickness",nails manicure color shape
Color + Shape,Combination,rose nude square nails,"straight sidewalls with a flat square free edge, finished in rose-nude polish with even coverage, realistic cuticle spacing, and believable nail thickness",nails manicure color shape
Color + Shape,Combination,rose nude tapered square nails,"square free edge with gently tapered sidewalls, finished in rose-nude polish with even coverage, realistic cuticle spacing, and believable nail thickness",nails manicure color shape
Color + Shape,Combination,rose nude squoval nails,"balanced square-oval shape with softened corners, finished in rose-nude polish with even coverage, realistic cuticle spacing, and believable nail thickness",nails manicure color shape
Color + Shape,Combination,rose nude oval nails,"smooth oval silhouette with gently rounded tip, finished in rose-nude polish with even coverage, realistic cuticle spacing, and believable nail thickness",nails manicure color shape
Color + Shape,Combination,rose nude almond nails,"tapered almond silhouette with softly pointed tip, finished in rose-nude polish with even coverage, realistic cuticle spacing, and believable nail thickness",nails manicure color shape
Color + Shape,Combination,rose nude coffin nails,"tapered sidewalls ending in a flat squared tip, finished in rose-nude polish with even coverage, realistic cuticle spacing, and believable nail thickness",nails manicure color shape
Color + Shape,Combination,rose nude ballerina nails,"long tapered ballerina shape with a flat narrow tip, finished in rose-nude polish with even coverage, realistic cuticle spacing, and believable nail thickness",nails manicure color shape
Color + Shape,Combination,rose nude stiletto nails,"long sharply tapered pointed nail shape, finished in rose-nude polish with even coverage, realistic cuticle spacing, and believable nail thickness",nails manicure color shape
Color + Shape,Combination,rose nude mountain-peak nails,"shorter pointed peak shape with symmetrical taper, finished in rose-nude polish with even coverage, realistic cuticle spacing, and believable nail thickness",nails manicure color shape
Color + Shape,Combination,rose nude lipstick nails,"asymmetrical slanted free edge resembling a lipstick bullet, finished in rose-nude polish with even coverage, realistic cuticle spacing, and believable nail thickness",nails manicure color shape
Color + Shape,Combination,taupe round nails,"rounded nail tips following the natural fingertip curve, finished in taupe polish with even coverage, realistic cuticle spacing, and believable nail thickness",nails manicure color shape
Color + Shape,Combination,taupe soft square nails,"square nail shape with subtly softened corners, finished in taupe polish with even coverage, realistic cuticle spacing, and believable nail thickness",nails manicure color shape
Color + Shape,Combination,taupe square nails,"straight sidewalls with a flat square free edge, finished in taupe polish with even coverage, realistic cuticle spacing, and believable nail thickness",nails manicure color shape
Color + Shape,Combination,taupe tapered square nails,"square free edge with gently tapered sidewalls, finished in taupe polish with even coverage, realistic cuticle spacing, and believable nail thickness",nails manicure color shape
Color + Shape,Combination,taupe squoval nails,"balanced square-oval shape with softened corners, finished in taupe polish with even coverage, realistic cuticle spacing, and believable nail thickness",nails manicure color shape
Color + Shape,Combination,taupe oval nails,"smooth oval silhouette with gently rounded tip, finished in taupe polish with even coverage, realistic cuticle spacing, and believable nail thickness",nails manicure color shape
Color + Shape,Combination,taupe almond nails,"tapered almond silhouette with softly pointed tip, finished in taupe polish with even coverage, realistic cuticle spacing, and believable nail thickness",nails manicure color shape
Color + Shape,Combination,taupe coffin nails,"tapered sidewalls ending in a flat squared tip, finished in taupe polish with even coverage, realistic cuticle spacing, and believable nail thickness",nails manicure color shape
Color + Shape,Combination,taupe ballerina nails,"long tapered ballerina shape with a flat narrow tip, finished in taupe polish with even coverage, realistic cuticle spacing, and believable nail thickness",nails manicure color shape
Color + Shape,Combination,taupe stiletto nails,"long sharply tapered pointed nail shape, finished in taupe polish with even coverage, realistic cuticle spacing, and believable nail thickness",nails manicure color shape
Color + Shape,Combination,taupe mountain-peak nails,"shorter pointed peak shape with symmetrical taper, finished in taupe polish with even coverage, realistic cuticle spacing, and believable nail thickness",nails manicure color shape
Color + Shape,Combination,taupe lipstick nails,"asymmetrical slanted free edge resembling a lipstick bullet, finished in taupe polish with even coverage, realistic cuticle spacing, and believable nail thickness",nails manicure color shape
Color + Shape,Combination,mocha round nails,"rounded nail tips following the natural fingertip curve, finished in mocha brown polish with even coverage, realistic cuticle spacing, and believable nail thickness",nails manicure color shape
Color + Shape,Combination,mocha soft square nails,"square nail shape with subtly softened corners, finished in mocha brown polish with even coverage, realistic cuticle spacing, and believable nail thickness",nails manicure color shape
Color + Shape,Combination,mocha square nails,"straight sidewalls with a flat square free edge, finished in mocha brown polish with even coverage, realistic cuticle spacing, and believable nail thickness",nails manicure color shape
Color + Shape,Combination,mocha tapered square nails,"square free edge with gently tapered sidewalls, finished in mocha brown polish with even coverage, realistic cuticle spacing, and believable nail thickness",nails manicure color shape
Color + Shape,Combination,mocha squoval nails,"balanced square-oval shape with softened corners, finished in mocha brown polish with even coverage, realistic cuticle spacing, and believable nail thickness",nails manicure color shape
Color + Shape,Combination,mocha oval nails,"smooth oval silhouette with gently rounded tip, finished in mocha brown polish with even coverage, realistic cuticle spacing, and believable nail thickness",nails manicure color shape
Color + Shape,Combination,mocha almond nails,"tapered almond silhouette with softly pointed tip, finished in mocha brown polish with even coverage, realistic cuticle spacing, and believable nail thickness",nails manicure color shape
Color + Shape,Combination,mocha coffin nails,"tapered sidewalls ending in a flat squared tip, finished in mocha brown polish with even coverage, realistic cuticle spacing, and believable nail thickness",nails manicure color shape
Color + Shape,Combination,mocha ballerina nails,"long tapered ballerina shape with a flat narrow tip, finished in mocha brown polish with even coverage, realistic cuticle spacing, and believable nail thickness",nails manicure color shape
Color + Shape,Combination,mocha stiletto nails,"long sharply tapered pointed nail shape, finished in mocha brown polish with even coverage, realistic cuticle spacing, and believable nail thickness",nails manicure color shape
Color + Shape,Combination,mocha mountain-peak nails,"shorter pointed peak shape with symmetrical taper, finished in mocha brown polish with even coverage, realistic cuticle spacing, and believable nail thickness",nails manicure color shape
Color + Shape,Combination,mocha lipstick nails,"asymmetrical slanted free edge resembling a lipstick bullet, finished in mocha brown polish with even coverage, realistic cuticle spacing, and believable nail thickness",nails manicure color shape
Color + Shape,Combination,chocolate brown round nails,"rounded nail tips following the natural fingertip curve, finished in chocolate-brown polish with even coverage, realistic cuticle spacing, and believable nail thickness",nails manicure color shape
Color + Shape,Combination,chocolate brown soft square nails,"square nail shape with subtly softened corners, finished in chocolate-brown polish with even coverage, realistic cuticle spacing, and believable nail thickness",nails manicure color shape
Color + Shape,Combination,chocolate brown square nails,"straight sidewalls with a flat square free edge, finished in chocolate-brown polish with even coverage, realistic cuticle spacing, and believable nail thickness",nails manicure color shape
Color + Shape,Combination,chocolate brown tapered square nails,"square free edge with gently tapered sidewalls, finished in chocolate-brown polish with even coverage, realistic cuticle spacing, and believable nail thickness",nails manicure color shape
Color + Shape,Combination,chocolate brown squoval nails,"balanced square-oval shape with softened corners, finished in chocolate-brown polish with even coverage, realistic cuticle spacing, and believable nail thickness",nails manicure color shape
Color + Shape,Combination,chocolate brown oval nails,"smooth oval silhouette with gently rounded tip, finished in chocolate-brown polish with even coverage, realistic cuticle spacing, and believable nail thickness",nails manicure color shape
Color + Shape,Combination,chocolate brown almond nails,"tapered almond silhouette with softly pointed tip, finished in chocolate-brown polish with even coverage, realistic cuticle spacing, and believable nail thickness",nails manicure color shape
Color + Shape,Combination,chocolate brown coffin nails,"tapered sidewalls ending in a flat squared tip, finished in chocolate-brown polish with even coverage, realistic cuticle spacing, and believable nail thickness",nails manicure color shape
Color + Shape,Combination,chocolate brown ballerina nails,"long tapered ballerina shape with a flat narrow tip, finished in chocolate-brown polish with even coverage, realistic cuticle spacing, and believable nail thickness",nails manicure color shape
Color + Shape,Combination,chocolate brown stiletto nails,"long sharply tapered pointed nail shape, finished in chocolate-brown polish with even coverage, realistic cuticle spacing, and believable nail thickness",nails manicure color shape
Color + Shape,Combination,chocolate brown mountain-peak nails,"shorter pointed peak shape with symmetrical taper, finished in chocolate-brown polish with even coverage, realistic cuticle spacing, and believable nail thickness",nails manicure color shape
Color + Shape,Combination,chocolate brown lipstick nails,"asymmetrical slanted free edge resembling a lipstick bullet, finished in chocolate-brown polish with even coverage, realistic cuticle spacing, and believable nail thickness",nails manicure color shape
Color + Shape,Combination,espresso brown round nails,"rounded nail tips following the natural fingertip curve, finished in espresso-brown polish with even coverage, realistic cuticle spacing, and believable nail thickness",nails manicure color shape
Color + Shape,Combination,espresso brown soft square nails,"square nail shape with subtly softened corners, finished in espresso-brown polish with even coverage, realistic cuticle spacing, and believable nail thickness",nails manicure color shape
Color + Shape,Combination,espresso brown square nails,"straight sidewalls with a flat square free edge, finished in espresso-brown polish with even coverage, realistic cuticle spacing, and believable nail thickness",nails manicure color shape
Color + Shape,Combination,espresso brown tapered square nails,"square free edge with gently tapered sidewalls, finished in espresso-brown polish with even coverage, realistic cuticle spacing, and believable nail thickness",nails manicure color shape
Color + Shape,Combination,espresso brown squoval nails,"balanced square-oval shape with softened corners, finished in espresso-brown polish with even coverage, realistic cuticle spacing, and believable nail thickness",nails manicure color shape
Color + Shape,Combination,espresso brown oval nails,"smooth oval silhouette with gently rounded tip, finished in espresso-brown polish with even coverage, realistic cuticle spacing, and believable nail thickness",nails manicure color shape
Color + Shape,Combination,espresso brown almond nails,"tapered almond silhouette with softly pointed tip, finished in espresso-brown polish with even coverage, realistic cuticle spacing, and believable nail thickness",nails manicure color shape
Color + Shape,Combination,espresso brown coffin nails,"tapered sidewalls ending in a flat squared tip, finished in espresso-brown polish with even coverage, realistic cuticle spacing, and believable nail thickness",nails manicure color shape
Color + Shape,Combination,espresso brown ballerina nails,"long tapered ballerina shape with a flat narrow tip, finished in espresso-brown polish with even coverage, realistic cuticle spacing, and believable nail thickness",nails manicure color shape
Color + Shape,Combination,espresso brown stiletto nails,"long sharply tapered pointed nail shape, finished in espresso-brown polish with even coverage, realistic cuticle spacing, and believable nail thickness",nails manicure color shape
Color + Shape,Combination,espresso brown mountain-peak nails,"shorter pointed peak shape with symmetrical taper, finished in espresso-brown polish with even coverage, realistic cuticle spacing, and believable nail thickness",nails manicure color shape
Color + Shape,Combination,espresso brown lipstick nails,"asymmetrical slanted free edge resembling a lipstick bullet, finished in espresso-brown polish with even coverage, realistic cuticle spacing, and believable nail thickness",nails manicure color shape
Color + Shape,Combination,soft white round nails,"rounded nail tips following the natural fingertip curve, finished in soft white polish with even coverage, realistic cuticle spacing, and believable nail thickness",nails manicure color shape
Color + Shape,Combination,soft white soft square nails,"square nail shape with subtly softened corners, finished in soft white polish with even coverage, realistic cuticle spacing, and believable nail thickness",nails manicure color shape
Color + Shape,Combination,soft white square nails,"straight sidewalls with a flat square free edge, finished in soft white polish with even coverage, realistic cuticle spacing, and believable nail thickness",nails manicure color shape
Color + Shape,Combination,soft white tapered square nails,"square free edge with gently tapered sidewalls, finished in soft white polish with even coverage, realistic cuticle spacing, and believable nail thickness",nails manicure color shape
Color + Shape,Combination,soft white squoval nails,"balanced square-oval shape with softened corners, finished in soft white polish with even coverage, realistic cuticle spacing, and believable nail thickness",nails manicure color shape
Color + Shape,Combination,soft white oval nails,"smooth oval silhouette with gently rounded tip, finished in soft white polish with even coverage, realistic cuticle spacing, and believable nail thickness",nails manicure color shape
Color + Shape,Combination,soft white almond nails,"tapered almond silhouette with softly pointed tip, finished in soft white polish with even coverage, realistic cuticle spacing, and believable nail thickness",nails manicure color shape
Color + Shape,Combination,soft white coffin nails,"tapered sidewalls ending in a flat squared tip, finished in soft white polish with even coverage, realistic cuticle spacing, and believable nail thickness",nails manicure color shape
Color + Shape,Combination,soft white ballerina nails,"long tapered ballerina shape with a flat narrow tip, finished in soft white polish with even coverage, realistic cuticle spacing, and believable nail thickness",nails manicure color shape
Color + Shape,Combination,soft white stiletto nails,"long sharply tapered pointed nail shape, finished in soft white polish with even coverage, realistic cuticle spacing, and believable nail thickness",nails manicure color shape
Color + Shape,Combination,soft white mountain-peak nails,"shorter pointed peak shape with symmetrical taper, finished in soft white polish with even coverage, realistic cuticle spacing, and believable nail thickness",nails manicure color shape
Color + Shape,Combination,soft white lipstick nails,"asymmetrical slanted free edge resembling a lipstick bullet, finished in soft white polish with even coverage, realistic cuticle spacing, and believable nail thickness",nails manicure color shape
Color + Shape,Combination,milky white round nails,"rounded nail tips following the natural fingertip curve, finished in milky white polish with even coverage, realistic cuticle spacing, and believable nail thickness",nails manicure color shape
Color + Shape,Combination,milky white soft square nails,"square nail shape with subtly softened corners, finished in milky white polish with even coverage, realistic cuticle spacing, and believable nail thickness",nails manicure color shape
Color + Shape,Combination,milky white square nails,"straight sidewalls with a flat square free edge, finished in milky white polish with even coverage, realistic cuticle spacing, and believable nail thickness",nails manicure color shape
Color + Shape,Combination,milky white tapered square nails,"square free edge with gently tapered sidewalls, finished in milky white polish with even coverage, realistic cuticle spacing, and believable nail thickness",nails manicure color shape
Color + Shape,Combination,milky white squoval nails,"balanced square-oval shape with softened corners, finished in milky white polish with even coverage, realistic cuticle spacing, and believable nail thickness",nails manicure color shape
Color + Shape,Combination,milky white oval nails,"smooth oval silhouette with gently rounded tip, finished in milky white polish with even coverage, realistic cuticle spacing, and believable nail thickness",nails manicure color shape
Color + Shape,Combination,milky white almond nails,"tapered almond silhouette with softly pointed tip, finished in milky white polish with even coverage, realistic cuticle spacing, and believable nail thickness",nails manicure color shape
Color + Shape,Combination,milky white coffin nails,"tapered sidewalls ending in a flat squared tip, finished in milky white polish with even coverage, realistic cuticle spacing, and believable nail thickness",nails manicure color shape
Color + Shape,Combination,milky white ballerina nails,"long tapered ballerina shape with a flat narrow tip, finished in milky white polish with even coverage, realistic cuticle spacing, and believable nail thickness",nails manicure color shape
Color + Shape,Combination,milky white stiletto nails,"long sharply tapered pointed nail shape, finished in milky white polish with even coverage, realistic cuticle spacing, and believable nail thickness",nails manicure color shape
Color + Shape,Combination,milky white mountain-peak nails,"shorter pointed peak shape with symmetrical taper, finished in milky white polish with even coverage, realistic cuticle spacing, and believable nail thickness",nails manicure color shape
Color + Shape,Combination,milky white lipstick nails,"asymmetrical slanted free edge resembling a lipstick bullet, finished in milky white polish with even coverage, realistic cuticle spacing, and believable nail thickness",nails manicure color shape
Color + Shape,Combination,bright white round nails,"rounded nail tips following the natural fingertip curve, finished in bright white polish with even coverage, realistic cuticle spacing, and believable nail thickness",nails manicure color shape
Color + Shape,Combination,bright white soft square nails,"square nail shape with subtly softened corners, finished in bright white polish with even coverage, realistic cuticle spacing, and believable nail thickness",nails manicure color shape
Color + Shape,Combination,bright white square nails,"straight sidewalls with a flat square free edge, finished in bright white polish with even coverage, realistic cuticle spacing, and believable nail thickness",nails manicure color shape
Color + Shape,Combination,bright white tapered square nails,"square free edge with gently tapered sidewalls, finished in bright white polish with even coverage, realistic cuticle spacing, and believable nail thickness",nails manicure color shape
Color + Shape,Combination,bright white squoval nails,"balanced square-oval shape with softened corners, finished in bright white polish with even coverage, realistic cuticle spacing, and believable nail thickness",nails manicure color shape
Color + Shape,Combination,bright white oval nails,"smooth oval silhouette with gently rounded tip, finished in bright white polish with even coverage, realistic cuticle spacing, and believable nail thickness",nails manicure color shape
Color + Shape,Combination,bright white almond nails,"tapered almond silhouette with softly pointed tip, finished in bright white polish with even coverage, realistic cuticle spacing, and believable nail thickness",nails manicure color shape
Color + Shape,Combination,bright white coffin nails,"tapered sidewalls ending in a flat squared tip, finished in bright white polish with even coverage, realistic cuticle spacing, and believable nail thickness",nails manicure color shape
Color + Shape,Combination,bright white ballerina nails,"long tapered ballerina shape with a flat narrow tip, finished in bright white polish with even coverage, realistic cuticle spacing, and believable nail thickness",nails manicure color shape
Color + Shape,Combination,bright white stiletto nails,"long sharply tapered pointed nail shape, finished in bright white polish with even coverage, realistic cuticle spacing, and believable nail thickness",nails manicure color shape
Color + Shape,Combination,bright white mountain-peak nails,"shorter pointed peak shape with symmetrical taper, finished in bright white polish with even coverage, realistic cuticle spacing, and believable nail thickness",nails manicure color shape
Color + Shape,Combination,bright white lipstick nails,"asymmetrical slanted free edge resembling a lipstick bullet, finished in bright white polish with even coverage, realistic cuticle spacing, and believable nail thickness",nails manicure color shape
Color + Shape,Combination,black round nails,"rounded nail tips following the natural fingertip curve, finished in black polish with even coverage, realistic cuticle spacing, and believable nail thickness",nails manicure color shape
Color + Shape,Combination,black soft square nails,"square nail shape with subtly softened corners, finished in black polish with even coverage, realistic cuticle spacing, and believable nail thickness",nails manicure color shape
Color + Shape,Combination,black square nails,"straight sidewalls with a flat square free edge, finished in black polish with even coverage, realistic cuticle spacing, and believable nail thickness",nails manicure color shape
Color + Shape,Combination,black tapered square nails,"square free edge with gently tapered sidewalls, finished in black polish with even coverage, realistic cuticle spacing, and believable nail thickness",nails manicure color shape
Color + Shape,Combination,black squoval nails,"balanced square-oval shape with softened corners, finished in black polish with even coverage, realistic cuticle spacing, and believable nail thickness",nails manicure color shape
Color + Shape,Combination,black oval nails,"smooth oval silhouette with gently rounded tip, finished in black polish with even coverage, realistic cuticle spacing, and believable nail thickness",nails manicure color shape
Color + Shape,Combination,black almond nails,"tapered almond silhouette with softly pointed tip, finished in black polish with even coverage, realistic cuticle spacing, and believable nail thickness",nails manicure color shape
Color + Shape,Combination,black coffin nails,"tapered sidewalls ending in a flat squared tip, finished in black polish with even coverage, realistic cuticle spacing, and believable nail thickness",nails manicure color shape
Color + Shape,Combination,black ballerina nails,"long tapered ballerina shape with a flat narrow tip, finished in black polish with even coverage, realistic cuticle spacing, and believable nail thickness",nails manicure color shape
Color + Shape,Combination,black stiletto nails,"long sharply tapered pointed nail shape, finished in black polish with even coverage, realistic cuticle spacing, and believable nail thickness",nails manicure color shape
Color + Shape,Combination,black mountain-peak nails,"shorter pointed peak shape with symmetrical taper, finished in black polish with even coverage, realistic cuticle spacing, and believable nail thickness",nails manicure color shape
Color + Shape,Combination,black lipstick nails,"asymmetrical slanted free edge resembling a lipstick bullet, finished in black polish with even coverage, realistic cuticle spacing, and believable nail thickness",nails manicure color shape
Color + Shape,Combination,charcoal round nails,"rounded nail tips following the natural fingertip curve, finished in charcoal gray polish with even coverage, realistic cuticle spacing, and believable nail thickness",nails manicure color shape
Color + Shape,Combination,charcoal soft square nails,"square nail shape with subtly softened corners, finished in charcoal gray polish with even coverage, realistic cuticle spacing, and believable nail thickness",nails manicure color shape
Color + Shape,Combination,charcoal square nails,"straight sidewalls with a flat square free edge, finished in charcoal gray polish with even coverage, realistic cuticle spacing, and believable nail thickness",nails manicure color shape
Color + Shape,Combination,charcoal tapered square nails,"square free edge with gently tapered sidewalls, finished in charcoal gray polish with even coverage, realistic cuticle spacing, and believable nail thickness",nails manicure color shape
Color + Shape,Combination,charcoal squoval nails,"balanced square-oval shape with softened corners, finished in charcoal gray polish with even coverage, realistic cuticle spacing, and believable nail thickness",nails manicure color shape
Color + Shape,Combination,charcoal oval nails,"smooth oval silhouette with gently rounded tip, finished in charcoal gray polish with even coverage, realistic cuticle spacing, and believable nail thickness",nails manicure color shape
Color + Shape,Combination,charcoal almond nails,"tapered almond silhouette with softly pointed tip, finished in charcoal gray polish with even coverage, realistic cuticle spacing, and believable nail thickness",nails manicure color shape
Color + Shape,Combination,charcoal coffin nails,"tapered sidewalls ending in a flat squared tip, finished in charcoal gray polish with even coverage, realistic cuticle spacing, and believable nail thickness",nails manicure color shape
Color + Shape,Combination,charcoal ballerina nails,"long tapered ballerina shape with a flat narrow tip, finished in charcoal gray polish with even coverage, realistic cuticle spacing, and believable nail thickness",nails manicure color shape
Color + Shape,Combination,charcoal stiletto nails,"long sharply tapered pointed nail shape, finished in charcoal gray polish with even coverage, realistic cuticle spacing, and believable nail thickness",nails manicure color shape
Color + Shape,Combination,charcoal mountain-peak nails,"shorter pointed peak shape with symmetrical taper, finished in charcoal gray polish with even coverage, realistic cuticle spacing, and believable nail thickness",nails manicure color shape
Color + Shape,Combination,charcoal lipstick nails,"asymmetrical slanted free edge resembling a lipstick bullet, finished in charcoal gray polish with even coverage, realistic cuticle spacing, and believable nail thickness",nails manicure color shape
Color + Shape,Combination,silver round nails,"rounded nail tips following the natural fingertip curve, finished in silver polish with even coverage, realistic cuticle spacing, and believable nail thickness",nails manicure color shape
Color + Shape,Combination,silver soft square nails,"square nail shape with subtly softened corners, finished in silver polish with even coverage, realistic cuticle spacing, and believable nail thickness",nails manicure color shape
Color + Shape,Combination,silver square nails,"straight sidewalls with a flat square free edge, finished in silver polish with even coverage, realistic cuticle spacing, and believable nail thickness",nails manicure color shape
Color + Shape,Combination,silver tapered square nails,"square free edge with gently tapered sidewalls, finished in silver polish with even coverage, realistic cuticle spacing, and believable nail thickness",nails manicure color shape
Color + Shape,Combination,silver squoval nails,"balanced square-oval shape with softened corners, finished in silver polish with even coverage, realistic cuticle spacing, and believable nail thickness",nails manicure color shape
Color + Shape,Combination,silver oval nails,"smooth oval silhouette with gently rounded tip, finished in silver polish with even coverage, realistic cuticle spacing, and believable nail thickness",nails manicure color shape
Color + Shape,Combination,silver almond nails,"tapered almond silhouette with softly pointed tip, finished in silver polish with even coverage, realistic cuticle spacing, and believable nail thickness",nails manicure color shape
Color + Shape,Combination,silver coffin nails,"tapered sidewalls ending in a flat squared tip, finished in silver polish with even coverage, realistic cuticle spacing, and believable nail thickness",nails manicure color shape
Color + Shape,Combination,silver ballerina nails,"long tapered ballerina shape with a flat narrow tip, finished in silver polish with even coverage, realistic cuticle spacing, and believable nail thickness",nails manicure color shape
Color + Shape,Combination,silver stiletto nails,"long sharply tapered pointed nail shape, finished in silver polish with even coverage, realistic cuticle spacing, and believable nail thickness",nails manicure color shape
Color + Shape,Combination,silver mountain-peak nails,"shorter pointed peak shape with symmetrical taper, finished in silver polish with even coverage, realistic cuticle spacing, and believable nail thickness",nails manicure color shape
Color + Shape,Combination,silver lipstick nails,"asymmetrical slanted free edge resembling a lipstick bullet, finished in silver polish with even coverage, realistic cuticle spacing, and believable nail thickness",nails manicure color shape
Color + Shape,Combination,gunmetal round nails,"rounded nail tips following the natural fingertip curve, finished in gunmetal gray polish with even coverage, realistic cuticle spacing, and believable nail thickness",nails manicure color shape
Color + Shape,Combination,gunmetal soft square nails,"square nail shape with subtly softened corners, finished in gunmetal gray polish with even coverage, realistic cuticle spacing, and believable nail thickness",nails manicure color shape
Color + Shape,Combination,gunmetal square nails,"straight sidewalls with a flat square free edge, finished in gunmetal gray polish with even coverage, realistic cuticle spacing, and believable nail thickness",nails manicure color shape
Color + Shape,Combination,gunmetal tapered square nails,"square free edge with gently tapered sidewalls, finished in gunmetal gray polish with even coverage, realistic cuticle spacing, and believable nail thickness",nails manicure color shape
Color + Shape,Combination,gunmetal squoval nails,"balanced square-oval shape with softened corners, finished in gunmetal gray polish with even coverage, realistic cuticle spacing, and believable nail thickness",nails manicure color shape
Color + Shape,Combination,gunmetal oval nails,"smooth oval silhouette with gently rounded tip, finished in gunmetal gray polish with even coverage, realistic cuticle spacing, and believable nail thickness",nails manicure color shape
Color + Shape,Combination,gunmetal almond nails,"tapered almond silhouette with softly pointed tip, finished in gunmetal gray polish with even coverage, realistic cuticle spacing, and believable nail thickness",nails manicure color shape
Color + Shape,Combination,gunmetal coffin nails,"tapered sidewalls ending in a flat squared tip, finished in gunmetal gray polish with even coverage, realistic cuticle spacing, and believable nail thickness",nails manicure color shape
Color + Shape,Combination,gunmetal ballerina nails,"long tapered ballerina shape with a flat narrow tip, finished in gunmetal gray polish with even coverage, realistic cuticle spacing, and believable nail thickness",nails manicure color shape
Color + Shape,Combination,gunmetal stiletto nails,"long sharply tapered pointed nail shape, finished in gunmetal gray polish with even coverage, realistic cuticle spacing, and believable nail thickness",nails manicure color shape
Color + Shape,Combination,gunmetal mountain-peak nails,"shorter pointed peak shape with symmetrical taper, finished in gunmetal gray polish with even coverage, realistic cuticle spacing, and believable nail thickness",nails manicure color shape
Color + Shape,Combination,gunmetal lipstick nails,"asymmetrical slanted free edge resembling a lipstick bullet, finished in gunmetal gray polish with even coverage, realistic cuticle spacing, and believable nail thickness",nails manicure color shape
Color + Shape,Combination,gold round nails,"rounded nail tips following the natural fingertip curve, finished in gold polish with even coverage, realistic cuticle spacing, and believable nail thickness",nails manicure color shape
Color + Shape,Combination,gold soft square nails,"square nail shape with subtly softened corners, finished in gold polish with even coverage, realistic cuticle spacing, and believable nail thickness",nails manicure color shape
Color + Shape,Combination,gold square nails,"straight sidewalls with a flat square free edge, finished in gold polish with even coverage, realistic cuticle spacing, and believable nail thickness",nails manicure color shape
Color + Shape,Combination,gold tapered square nails,"square free edge with gently tapered sidewalls, finished in gold polish with even coverage, realistic cuticle spacing, and believable nail thickness",nails manicure color shape
Color + Shape,Combination,gold squoval nails,"balanced square-oval shape with softened corners, finished in gold polish with even coverage, realistic cuticle spacing, and believable nail thickness",nails manicure color shape
Color + Shape,Combination,gold oval nails,"smooth oval silhouette with gently rounded tip, finished in gold polish with even coverage, realistic cuticle spacing, and believable nail thickness",nails manicure color shape
Color + Shape,Combination,gold almond nails,"tapered almond silhouette with softly pointed tip, finished in gold polish with even coverage, realistic cuticle spacing, and believable nail thickness",nails manicure color shape
Color + Shape,Combination,gold coffin nails,"tapered sidewalls ending in a flat squared tip, finished in gold polish with even coverage, realistic cuticle spacing, and believable nail thickness",nails manicure color shape
Color + Shape,Combination,gold ballerina nails,"long tapered ballerina shape with a flat narrow tip, finished in gold polish with even coverage, realistic cuticle spacing, and believable nail thickness",nails manicure color shape
Color + Shape,Combination,gold stiletto nails,"long sharply tapered pointed nail shape, finished in gold polish with even coverage, realistic cuticle spacing, and believable nail thickness",nails manicure color shape
Color + Shape,Combination,gold mountain-peak nails,"shorter pointed peak shape with symmetrical taper, finished in gold polish with even coverage, realistic cuticle spacing, and believable nail thickness",nails manicure color shape
Color + Shape,Combination,gold lipstick nails,"asymmetrical slanted free edge resembling a lipstick bullet, finished in gold polish with even coverage, realistic cuticle spacing, and believable nail thickness",nails manicure color shape
Color + Shape,Combination,champagne gold round nails,"rounded nail tips following the natural fingertip curve, finished in champagne-gold polish with even coverage, realistic cuticle spacing, and believable nail thickness",nails manicure color shape
Color + Shape,Combination,champagne gold soft square nails,"square nail shape with subtly softened corners, finished in champagne-gold polish with even coverage, realistic cuticle spacing, and believable nail thickness",nails manicure color shape
Color + Shape,Combination,champagne gold square nails,"straight sidewalls with a flat square free edge, finished in champagne-gold polish with even coverage, realistic cuticle spacing, and believable nail thickness",nails manicure color shape
Color + Shape,Combination,champagne gold tapered square nails,"square free edge with gently tapered sidewalls, finished in champagne-gold polish with even coverage, realistic cuticle spacing, and believable nail thickness",nails manicure color shape
Color + Shape,Combination,champagne gold squoval nails,"balanced square-oval shape with softened corners, finished in champagne-gold polish with even coverage, realistic cuticle spacing, and believable nail thickness",nails manicure color shape
Color + Shape,Combination,champagne gold oval nails,"smooth oval silhouette with gently rounded tip, finished in champagne-gold polish with even coverage, realistic cuticle spacing, and believable nail thickness",nails manicure color shape
Color + Shape,Combination,champagne gold almond nails,"tapered almond silhouette with softly pointed tip, finished in champagne-gold polish with even coverage, realistic cuticle spacing, and believable nail thickness",nails manicure color shape
Color + Shape,Combination,champagne gold coffin nails,"tapered sidewalls ending in a flat squared tip, finished in champagne-gold polish with even coverage, realistic cuticle spacing, and believable nail thickness",nails manicure color shape
Color + Shape,Combination,champagne gold ballerina nails,"long tapered ballerina shape with a flat narrow tip, finished in champagne-gold polish with even coverage, realistic cuticle spacing, and believable nail thickness",nails manicure color shape
Color + Shape,Combination,champagne gold stiletto nails,"long sharply tapered pointed nail shape, finished in champagne-gold polish with even coverage, realistic cuticle spacing, and believable nail thickness",nails manicure color shape
Color + Shape,Combination,champagne gold mountain-peak nails,"shorter pointed peak shape with symmetrical taper, finished in champagne-gold polish with even coverage, realistic cuticle spacing, and believable nail thickness",nails manicure color shape
Color + Shape,Combination,champagne gold lipstick nails,"asymmetrical slanted free edge resembling a lipstick bullet, finished in champagne-gold polish with even coverage, realistic cuticle spacing, and believable nail thickness",nails manicure color shape
Color + Shape,Combination,rose gold round nails,"rounded nail tips following the natural fingertip curve, finished in rose-gold polish with even coverage, realistic cuticle spacing, and believable nail thickness",nails manicure color shape
Color + Shape,Combination,rose gold soft square nails,"square nail shape with subtly softened corners, finished in rose-gold polish with even coverage, realistic cuticle spacing, and believable nail thickness",nails manicure color shape
Color + Shape,Combination,rose gold square nails,"straight sidewalls with a flat square free edge, finished in rose-gold polish with even coverage, realistic cuticle spacing, and believable nail thickness",nails manicure color shape
Color + Shape,Combination,rose gold tapered square nails,"square free edge with gently tapered sidewalls, finished in rose-gold polish with even coverage, realistic cuticle spacing, and believable nail thickness",nails manicure color shape
Color + Shape,Combination,rose gold squoval nails,"balanced square-oval shape with softened corners, finished in rose-gold polish with even coverage, realistic cuticle spacing, and believable nail thickness",nails manicure color shape
Color + Shape,Combination,rose gold oval nails,"smooth oval silhouette with gently rounded tip, finished in rose-gold polish with even coverage, realistic cuticle spacing, and believable nail thickness",nails manicure color shape
Color + Shape,Combination,rose gold almond nails,"tapered almond silhouette with softly pointed tip, finished in rose-gold polish with even coverage, realistic cuticle spacing, and believable nail thickness",nails manicure color shape
Color + Shape,Combination,rose gold coffin nails,"tapered sidewalls ending in a flat squared tip, finished in rose-gold polish with even coverage, realistic cuticle spacing, and believable nail thickness",nails manicure color shape
Color + Shape,Combination,rose gold ballerina nails,"long tapered ballerina shape with a flat narrow tip, finished in rose-gold polish with even coverage, realistic cuticle spacing, and believable nail thickness",nails manicure color shape
Color + Shape,Combination,rose gold stiletto nails,"long sharply tapered pointed nail shape, finished in rose-gold polish with even coverage, realistic cuticle spacing, and believable nail thickness",nails manicure color shape
Color + Shape,Combination,rose gold mountain-peak nails,"shorter pointed peak shape with symmetrical taper, finished in rose-gold polish with even coverage, realistic cuticle spacing, and believable nail thickness",nails manicure color shape
Color + Shape,Combination,rose gold lipstick nails,"asymmetrical slanted free edge resembling a lipstick bullet, finished in rose-gold polish with even coverage, realistic cuticle spacing, and believable nail thickness",nails manicure color shape
Color + Shape,Combination,cherry red round nails,"rounded nail tips following the natural fingertip curve, finished in cherry red polish with even coverage, realistic cuticle spacing, and believable nail thickness",nails manicure color shape
Color + Shape,Combination,cherry red soft square nails,"square nail shape with subtly softened corners, finished in cherry red polish with even coverage, realistic cuticle spacing, and believable nail thickness",nails manicure color shape
Color + Shape,Combination,cherry red square nails,"straight sidewalls with a flat square free edge, finished in cherry red polish with even coverage, realistic cuticle spacing, and believable nail thickness",nails manicure color shape
Color + Shape,Combination,cherry red tapered square nails,"square free edge with gently tapered sidewalls, finished in cherry red polish with even coverage, realistic cuticle spacing, and believable nail thickness",nails manicure color shape
Color + Shape,Combination,cherry red squoval nails,"balanced square-oval shape with softened corners, finished in cherry red polish with even coverage, realistic cuticle spacing, and believable nail thickness",nails manicure color shape
Color + Shape,Combination,cherry red oval nails,"smooth oval silhouette with gently rounded tip, finished in cherry red polish with even coverage, realistic cuticle spacing, and believable nail thickness",nails manicure color shape
Color + Shape,Combination,cherry red almond nails,"tapered almond silhouette with softly pointed tip, finished in cherry red polish with even coverage, realistic cuticle spacing, and believable nail thickness",nails manicure color shape
Color + Shape,Combination,cherry red coffin nails,"tapered sidewalls ending in a flat squared tip, finished in cherry red polish with even coverage, realistic cuticle spacing, and believable nail thickness",nails manicure color shape
Color + Shape,Combination,cherry red ballerina nails,"long tapered ballerina shape with a flat narrow tip, finished in cherry red polish with even coverage, realistic cuticle spacing, and believable nail thickness",nails manicure color shape
Color + Shape,Combination,cherry red stiletto nails,"long sharply tapered pointed nail shape, finished in cherry red polish with even coverage, realistic cuticle spacing, and believable nail thickness",nails manicure color shape
Color + Shape,Combination,cherry red mountain-peak nails,"shorter pointed peak shape with symmetrical taper, finished in cherry red polish with even coverage, realistic cuticle spacing, and believable nail thickness",nails manicure color shape
Color + Shape,Combination,cherry red lipstick nails,"asymmetrical slanted free edge resembling a lipstick bullet, finished in cherry red polish with even coverage, realistic cuticle spacing, and believable nail thickness",nails manicure color shape
Color + Shape,Combination,true red round nails,"rounded nail tips following the natural fingertip curve, finished in true red polish with even coverage, realistic cuticle spacing, and believable nail thickness",nails manicure color shape
Color + Shape,Combination,true red soft square nails,"square nail shape with subtly softened corners, finished in true red polish with even coverage, realistic cuticle spacing, and believable nail thickness",nails manicure color shape
Color + Shape,Combination,true red square nails,"straight sidewalls with a flat square free edge, finished in true red polish with even coverage, realistic cuticle spacing, and believable nail thickness",nails manicure color shape
Color + Shape,Combination,true red tapered square nails,"square free edge with gently tapered sidewalls, finished in true red polish with even coverage, realistic cuticle spacing, and believable nail thickness",nails manicure color shape
Color + Shape,Combination,true red squoval nails,"balanced square-oval shape with softened corners, finished in true red polish with even coverage, realistic cuticle spacing, and believable nail thickness",nails manicure color shape
Color + Shape,Combination,true red oval nails,"smooth oval silhouette with gently rounded tip, finished in true red polish with even coverage, realistic cuticle spacing, and believable nail thickness",nails manicure color shape
Color + Shape,Combination,true red almond nails,"tapered almond silhouette with softly pointed tip, finished in true red polish with even coverage, realistic cuticle spacing, and believable nail thickness",nails manicure color shape
Color + Shape,Combination,true red coffin nails,"tapered sidewalls ending in a flat squared tip, finished in true red polish with even coverage, realistic cuticle spacing, and believable nail thickness",nails manicure color shape
Color + Shape,Combination,true red ballerina nails,"long tapered ballerina shape with a flat narrow tip, finished in true red polish with even coverage, realistic cuticle spacing, and believable nail thickness",nails manicure color shape
Color + Shape,Combination,true red stiletto nails,"long sharply tapered pointed nail shape, finished in true red polish with even coverage, realistic cuticle spacing, and believable nail thickness",nails manicure color shape
Color + Shape,Combination,true red mountain-peak nails,"shorter pointed peak shape with symmetrical taper, finished in true red polish with even coverage, realistic cuticle spacing, and believable nail thickness",nails manicure color shape
Color + Shape,Combination,true red lipstick nails,"asymmetrical slanted free edge resembling a lipstick bullet, finished in true red polish with even coverage, realistic cuticle spacing, and believable nail thickness",nails manicure color shape
Color + Shape,Combination,scarlet red round nails,"rounded nail tips following the natural fingertip curve, finished in scarlet red polish with even coverage, realistic cuticle spacing, and believable nail thickness",nails manicure color shape
Color + Shape,Combination,scarlet red soft square nails,"square nail shape with subtly softened corners, finished in scarlet red polish with even coverage, realistic cuticle spacing, and believable nail thickness",nails manicure color shape
Color + Shape,Combination,scarlet red square nails,"straight sidewalls with a flat square free edge, finished in scarlet red polish with even coverage, realistic cuticle spacing, and believable nail thickness",nails manicure color shape
Color + Shape,Combination,scarlet red tapered square nails,"square free edge with gently tapered sidewalls, finished in scarlet red polish with even coverage, realistic cuticle spacing, and believable nail thickness",nails manicure color shape
Color + Shape,Combination,scarlet red squoval nails,"balanced square-oval shape with softened corners, finished in scarlet red polish with even coverage, realistic cuticle spacing, and believable nail thickness",nails manicure color shape
Color + Shape,Combination,scarlet red oval nails,"smooth oval silhouette with gently rounded tip, finished in scarlet red polish with even coverage, realistic cuticle spacing, and believable nail thickness",nails manicure color shape
Color + Shape,Combination,scarlet red almond nails,"tapered almond silhouette with softly pointed tip, finished in scarlet red polish with even coverage, realistic cuticle spacing, and believable nail thickness",nails manicure color shape
Color + Shape,Combination,scarlet red coffin nails,"tapered sidewalls ending in a flat squared tip, finished in scarlet red polish with even coverage, realistic cuticle spacing, and believable nail thickness",nails manicure color shape
Color + Shape,Combination,scarlet red ballerina nails,"long tapered ballerina shape with a flat narrow tip, finished in scarlet red polish with even coverage, realistic cuticle spacing, and believable nail thickness",nails manicure color shape
Color + Shape,Combination,scarlet red stiletto nails,"long sharply tapered pointed nail shape, finished in scarlet red polish with even coverage, realistic cuticle spacing, and believable nail thickness",nails manicure color shape
Color + Shape,Combination,scarlet red mountain-peak nails,"shorter pointed peak shape with symmetrical taper, finished in scarlet red polish with even coverage, realistic cuticle spacing, and believable nail thickness",nails manicure color shape
Color + Shape,Combination,scarlet red lipstick nails,"asymmetrical slanted free edge resembling a lipstick bullet, finished in scarlet red polish with even coverage, realistic cuticle spacing, and believable nail thickness",nails manicure color shape
Color + Shape,Combination,crimson round nails,"rounded nail tips following the natural fingertip curve, finished in crimson red polish with even coverage, realistic cuticle spacing, and believable nail thickness",nails manicure color shape
Color + Shape,Combination,crimson soft square nails,"square nail shape with subtly softened corners, finished in crimson red polish with even coverage, realistic cuticle spacing, and believable nail thickness",nails manicure color shape
Color + Shape,Combination,crimson square nails,"straight sidewalls with a flat square free edge, finished in crimson red polish with even coverage, realistic cuticle spacing, and believable nail thickness",nails manicure color shape
Color + Shape,Combination,crimson tapered square nails,"square free edge with gently tapered sidewalls, finished in crimson red polish with even coverage, realistic cuticle spacing, and believable nail thickness",nails manicure color shape
Color + Shape,Combination,crimson squoval nails,"balanced square-oval shape with softened corners, finished in crimson red polish with even coverage, realistic cuticle spacing, and believable nail thickness",nails manicure color shape
Color + Shape,Combination,crimson oval nails,"smooth oval silhouette with gently rounded tip, finished in crimson red polish with even coverage, realistic cuticle spacing, and believable nail thickness",nails manicure color shape
Color + Shape,Combination,crimson almond nails,"tapered almond silhouette with softly pointed tip, finished in crimson red polish with even coverage, realistic cuticle spacing, and believable nail thickness",nails manicure color shape
Color + Shape,Combination,crimson coffin nails,"tapered sidewalls ending in a flat squared tip, finished in crimson red polish with even coverage, realistic cuticle spacing, and believable nail thickness",nails manicure color shape
Color + Shape,Combination,crimson ballerina nails,"long tapered ballerina shape with a flat narrow tip, finished in crimson red polish with even coverage, realistic cuticle spacing, and believable nail thickness",nails manicure color shape
Color + Shape,Combination,crimson stiletto nails,"long sharply tapered pointed nail shape, finished in crimson red polish with even coverage, realistic cuticle spacing, and believable nail thickness",nails manicure color shape
Color + Shape,Combination,crimson mountain-peak nails,"shorter pointed peak shape with symmetrical taper, finished in crimson red polish with even coverage, realistic cuticle spacing, and believable nail thickness",nails manicure color shape
Color + Shape,Combination,crimson lipstick nails,"asymmetrical slanted free edge resembling a lipstick bullet, finished in crimson red polish with even coverage, realistic cuticle spacing, and believable nail thickness",nails manicure color shape
Color + Shape,Combination,burgundy round nails,"rounded nail tips following the natural fingertip curve, finished in burgundy wine polish with even coverage, realistic cuticle spacing, and believable nail thickness",nails manicure color shape
Color + Shape,Combination,burgundy soft square nails,"square nail shape with subtly softened corners, finished in burgundy wine polish with even coverage, realistic cuticle spacing, and believable nail thickness",nails manicure color shape
Color + Shape,Combination,burgundy square nails,"straight sidewalls with a flat square free edge, finished in burgundy wine polish with even coverage, realistic cuticle spacing, and believable nail thickness",nails manicure color shape
Color + Shape,Combination,burgundy tapered square nails,"square free edge with gently tapered sidewalls, finished in burgundy wine polish with even coverage, realistic cuticle spacing, and believable nail thickness",nails manicure color shape
Color + Shape,Combination,burgundy squoval nails,"balanced square-oval shape with softened corners, finished in burgundy wine polish with even coverage, realistic cuticle spacing, and believable nail thickness",nails manicure color shape
Color + Shape,Combination,burgundy oval nails,"smooth oval silhouette with gently rounded tip, finished in burgundy wine polish with even coverage, realistic cuticle spacing, and believable nail thickness",nails manicure color shape
Color + Shape,Combination,burgundy almond nails,"tapered almond silhouette with softly pointed tip, finished in burgundy wine polish with even coverage, realistic cuticle spacing, and believable nail thickness",nails manicure color shape
Color + Shape,Combination,burgundy coffin nails,"tapered sidewalls ending in a flat squared tip, finished in burgundy wine polish with even coverage, realistic cuticle spacing, and believable nail thickness",nails manicure color shape
Color + Shape,Combination,burgundy ballerina nails,"long tapered ballerina shape with a flat narrow tip, finished in burgundy wine polish with even coverage, realistic cuticle spacing, and believable nail thickness",nails manicure color shape
Color + Shape,Combination,burgundy stiletto nails,"long sharply tapered pointed nail shape, finished in burgundy wine polish with even coverage, realistic cuticle spacing, and believable nail thickness",nails manicure color shape
Color + Shape,Combination,burgundy mountain-peak nails,"shorter pointed peak shape with symmetrical taper, finished in burgundy wine polish with even coverage, realistic cuticle spacing, and believable nail thickness",nails manicure color shape
Color + Shape,Combination,burgundy lipstick nails,"asymmetrical slanted free edge resembling a lipstick bullet, finished in burgundy wine polish with even coverage, realistic cuticle spacing, and believable nail thickness",nails manicure color shape
Color + Shape,Combination,oxblood round nails,"rounded nail tips following the natural fingertip curve, finished in deep oxblood polish with even coverage, realistic cuticle spacing, and believable nail thickness",nails manicure color shape
Color + Shape,Combination,oxblood soft square nails,"square nail shape with subtly softened corners, finished in deep oxblood polish with even coverage, realistic cuticle spacing, and believable nail thickness",nails manicure color shape
Color + Shape,Combination,oxblood square nails,"straight sidewalls with a flat square free edge, finished in deep oxblood polish with even coverage, realistic cuticle spacing, and believable nail thickness",nails manicure color shape
Color + Shape,Combination,oxblood tapered square nails,"square free edge with gently tapered sidewalls, finished in deep oxblood polish with even coverage, realistic cuticle spacing, and believable nail thickness",nails manicure color shape
Color + Shape,Combination,oxblood squoval nails,"balanced square-oval shape with softened corners, finished in deep oxblood polish with even coverage, realistic cuticle spacing, and believable nail thickness",nails manicure color shape
Color + Shape,Combination,oxblood oval nails,"smooth oval silhouette with gently rounded tip, finished in deep oxblood polish with even coverage, realistic cuticle spacing, and believable nail thickness",nails manicure color shape
Color + Shape,Combination,oxblood almond nails,"tapered almond silhouette with softly pointed tip, finished in deep oxblood polish with even coverage, realistic cuticle spacing, and believable nail thickness",nails manicure color shape
Color + Shape,Combination,oxblood coffin nails,"tapered sidewalls ending in a flat squared tip, finished in deep oxblood polish with even coverage, realistic cuticle spacing, and believable nail thickness",nails manicure color shape
Color + Shape,Combination,oxblood ballerina nails,"long tapered ballerina shape with a flat narrow tip, finished in deep oxblood polish with even coverage, realistic cuticle spacing, and believable nail thickness",nails manicure color shape
Color + Shape,Combination,oxblood stiletto nails,"long sharply tapered pointed nail shape, finished in deep oxblood polish with even coverage, realistic cuticle spacing, and believable nail thickness",nails manicure color shape
Color + Shape,Combination,oxblood mountain-peak nails,"shorter pointed peak shape with symmetrical taper, finished in deep oxblood polish with even coverage, realistic cuticle spacing, and believable nail thickness",nails manicure color shape
Color + Shape,Combination,oxblood lipstick nails,"asymmetrical slanted free edge resembling a lipstick bullet, finished in deep oxblood polish with even coverage, realistic cuticle spacing, and believable nail thickness",nails manicure color shape
Color + Shape,Combination,coral round nails,"rounded nail tips following the natural fingertip curve, finished in coral polish with even coverage, realistic cuticle spacing, and believable nail thickness",nails manicure color shape
Color + Shape,Combination,coral soft square nails,"square nail shape with subtly softened corners, finished in coral polish with even coverage, realistic cuticle spacing, and believable nail thickness",nails manicure color shape
Color + Shape,Combination,coral square nails,"straight sidewalls with a flat square free edge, finished in coral polish with even coverage, realistic cuticle spacing, and believable nail thickness",nails manicure color shape
Color + Shape,Combination,coral tapered square nails,"square free edge with gently tapered sidewalls, finished in coral polish with even coverage, realistic cuticle spacing, and believable nail thickness",nails manicure color shape
Color + Shape,Combination,coral squoval nails,"balanced square-oval shape with softened corners, finished in coral polish with even coverage, realistic cuticle spacing, and believable nail thickness",nails manicure color shape
Color + Shape,Combination,coral oval nails,"smooth oval silhouette with gently rounded tip, finished in coral polish with even coverage, realistic cuticle spacing, and believable nail thickness",nails manicure color shape
Color + Shape,Combination,coral almond nails,"tapered almond silhouette with softly pointed tip, finished in coral polish with even coverage, realistic cuticle spacing, and believable nail thickness",nails manicure color shape
Color + Shape,Combination,coral coffin nails,"tapered sidewalls ending in a flat squared tip, finished in coral polish with even coverage, realistic cuticle spacing, and believable nail thickness",nails manicure color shape
Color + Shape,Combination,coral ballerina nails,"long tapered ballerina shape with a flat narrow tip, finished in coral polish with even coverage, realistic cuticle spacing, and believable nail thickness",nails manicure color shape
Color + Shape,Combination,coral stiletto nails,"long sharply tapered pointed nail shape, finished in coral polish with even coverage, realistic cuticle spacing, and believable nail thickness",nails manicure color shape
Color + Shape,Combination,coral mountain-peak nails,"shorter pointed peak shape with symmetrical taper, finished in coral polish with even coverage, realistic cuticle spacing, and believable nail thickness",nails manicure color shape
Color + Shape,Combination,coral lipstick nails,"asymmetrical slanted free edge resembling a lipstick bullet, finished in coral polish with even coverage, realistic cuticle spacing, and believable nail thickness",nails manicure color shape
Color + Shape,Combination,peach round nails,"rounded nail tips following the natural fingertip curve, finished in peach polish with even coverage, realistic cuticle spacing, and believable nail thickness",nails manicure color shape
Color + Shape,Combination,peach soft square nails,"square nail shape with subtly softened corners, finished in peach polish with even coverage, realistic cuticle spacing, and believable nail thickness",nails manicure color shape
Color + Shape,Combination,peach square nails,"straight sidewalls with a flat square free edge, finished in peach polish with even coverage, realistic cuticle spacing, and believable nail thickness",nails manicure color shape
Color + Shape,Combination,peach tapered square nails,"square free edge with gently tapered sidewalls, finished in peach polish with even coverage, realistic cuticle spacing, and believable nail thickness",nails manicure color shape
Color + Shape,Combination,peach squoval nails,"balanced square-oval shape with softened corners, finished in peach polish with even coverage, realistic cuticle spacing, and believable nail thickness",nails manicure color shape
Color + Shape,Combination,peach oval nails,"smooth oval silhouette with gently rounded tip, finished in peach polish with even coverage, realistic cuticle spacing, and believable nail thickness",nails manicure color shape
Color + Shape,Combination,peach almond nails,"tapered almond silhouette with softly pointed tip, finished in peach polish with even coverage, realistic cuticle spacing, and believable nail thickness",nails manicure color shape
Color + Shape,Combination,peach coffin nails,"tapered sidewalls ending in a flat squared tip, finished in peach polish with even coverage, realistic cuticle spacing, and believable nail thickness",nails manicure color shape
Color + Shape,Combination,peach ballerina nails,"long tapered ballerina shape with a flat narrow tip, finished in peach polish with even coverage, realistic cuticle spacing, and believable nail thickness",nails manicure color shape
Color + Shape,Combination,peach stiletto nails,"long sharply tapered pointed nail shape, finished in peach polish with even coverage, realistic cuticle spacing, and believable nail thickness",nails manicure color shape
Color + Shape,Combination,peach mountain-peak nails,"shorter pointed peak shape with symmetrical taper, finished in peach polish with even coverage, realistic cuticle spacing, and believable nail thickness",nails manicure color shape
Color + Shape,Combination,peach lipstick nails,"asymmetrical slanted free edge resembling a lipstick bullet, finished in peach polish with even coverage, realistic cuticle spacing, and believable nail thickness",nails manicure color shape
Color + Shape,Combination,blush pink round nails,"rounded nail tips following the natural fingertip curve, finished in blush pink polish with even coverage, realistic cuticle spacing, and believable nail thickness",nails manicure color shape
Color + Shape,Combination,blush pink soft square nails,"square nail shape with subtly softened corners, finished in blush pink polish with even coverage, realistic cuticle spacing, and believable nail thickness",nails manicure color shape
Color + Shape,Combination,blush pink square nails,"straight sidewalls with a flat square free edge, finished in blush pink polish with even coverage, realistic cuticle spacing, and believable nail thickness",nails manicure color shape
Color + Shape,Combination,blush pink tapered square nails,"square free edge with gently tapered sidewalls, finished in blush pink polish with even coverage, realistic cuticle spacing, and believable nail thickness",nails manicure color shape
Color + Shape,Combination,blush pink squoval nails,"balanced square-oval shape with softened corners, finished in blush pink polish with even coverage, realistic cuticle spacing, and believable nail thickness",nails manicure color shape
Color + Shape,Combination,blush pink oval nails,"smooth oval silhouette with gently rounded tip, finished in blush pink polish with even coverage, realistic cuticle spacing, and believable nail thickness",nails manicure color shape
Color + Shape,Combination,blush pink almond nails,"tapered almond silhouette with softly pointed tip, finished in blush pink polish with even coverage, realistic cuticle spacing, and believable nail thickness",nails manicure color shape
Color + Shape,Combination,blush pink coffin nails,"tapered sidewalls ending in a flat squared tip, finished in blush pink polish with even coverage, realistic cuticle spacing, and believable nail thickness",nails manicure color shape
Color + Shape,Combination,blush pink ballerina nails,"long tapered ballerina shape with a flat narrow tip, finished in blush pink polish with even coverage, realistic cuticle spacing, and believable nail thickness",nails manicure color shape
Color + Shape,Combination,blush pink stiletto nails,"long sharply tapered pointed nail shape, finished in blush pink polish with even coverage, realistic cuticle spacing, and believable nail thickness",nails manicure color shape
Color + Shape,Combination,blush pink mountain-peak nails,"shorter pointed peak shape with symmetrical taper, finished in blush pink polish with even coverage, realistic cuticle spacing, and believable nail thickness",nails manicure color shape
Color + Shape,Combination,blush pink lipstick nails,"asymmetrical slanted free edge resembling a lipstick bullet, finished in blush pink polish with even coverage, realistic cuticle spacing, and believable nail thickness",nails manicure color shape
Color + Shape,Combination,soft pink round nails,"rounded nail tips following the natural fingertip curve, finished in soft pink polish with even coverage, realistic cuticle spacing, and believable nail thickness",nails manicure color shape
Color + Shape,Combination,soft pink soft square nails,"square nail shape with subtly softened corners, finished in soft pink polish with even coverage, realistic cuticle spacing, and believable nail thickness",nails manicure color shape
Color + Shape,Combination,soft pink square nails,"straight sidewalls with a flat square free edge, finished in soft pink polish with even coverage, realistic cuticle spacing, and believable nail thickness",nails manicure color shape
Color + Shape,Combination,soft pink tapered square nails,"square free edge with gently tapered sidewalls, finished in soft pink polish with even coverage, realistic cuticle spacing, and believable nail thickness",nails manicure color shape
Color + Shape,Combination,soft pink squoval nails,"balanced square-oval shape with softened corners, finished in soft pink polish with even coverage, realistic cuticle spacing, and believable nail thickness",nails manicure color shape
Color + Shape,Combination,soft pink oval nails,"smooth oval silhouette with gently rounded tip, finished in soft pink polish with even coverage, realistic cuticle spacing, and believable nail thickness",nails manicure color shape
Color + Shape,Combination,soft pink almond nails,"tapered almond silhouette with softly pointed tip, finished in soft pink polish with even coverage, realistic cuticle spacing, and believable nail thickness",nails manicure color shape
Color + Shape,Combination,soft pink coffin nails,"tapered sidewalls ending in a flat squared tip, finished in soft pink polish with even coverage, realistic cuticle spacing, and believable nail thickness",nails manicure color shape
Color + Shape,Combination,soft pink ballerina nails,"long tapered ballerina shape with a flat narrow tip, finished in soft pink polish with even coverage, realistic cuticle spacing, and believable nail thickness",nails manicure color shape
Color + Shape,Combination,soft pink stiletto nails,"long sharply tapered pointed nail shape, finished in soft pink polish with even coverage, realistic cuticle spacing, and believable nail thickness",nails manicure color shape
Color + Shape,Combination,soft pink mountain-peak nails,"shorter pointed peak shape with symmetrical taper, finished in soft pink polish with even coverage, realistic cuticle spacing, and believable nail thickness",nails manicure color shape
Color + Shape,Combination,soft pink lipstick nails,"asymmetrical slanted free edge resembling a lipstick bullet, finished in soft pink polish with even coverage, realistic cuticle spacing, and believable nail thickness",nails manicure color shape
Color + Shape,Combination,bubblegum pink round nails,"rounded nail tips following the natural fingertip curve, finished in bubblegum pink polish with even coverage, realistic cuticle spacing, and believable nail thickness",nails manicure color shape
Color + Shape,Combination,bubblegum pink soft square nails,"square nail shape with subtly softened corners, finished in bubblegum pink polish with even coverage, realistic cuticle spacing, and believable nail thickness",nails manicure color shape
Color + Shape,Combination,bubblegum pink square nails,"straight sidewalls with a flat square free edge, finished in bubblegum pink polish with even coverage, realistic cuticle spacing, and believable nail thickness",nails manicure color shape
Color + Shape,Combination,bubblegum pink tapered square nails,"square free edge with gently tapered sidewalls, finished in bubblegum pink polish with even coverage, realistic cuticle spacing, and believable nail thickness",nails manicure color shape
Color + Shape,Combination,bubblegum pink squoval nails,"balanced square-oval shape with softened corners, finished in bubblegum pink polish with even coverage, realistic cuticle spacing, and believable nail thickness",nails manicure color shape
Color + Shape,Combination,bubblegum pink oval nails,"smooth oval silhouette with gently rounded tip, finished in bubblegum pink polish with even coverage, realistic cuticle spacing, and believable nail thickness",nails manicure color shape
Color + Shape,Combination,bubblegum pink almond nails,"tapered almond silhouette with softly pointed tip, finished in bubblegum pink polish with even coverage, realistic cuticle spacing, and believable nail thickness",nails manicure color shape
Color + Shape,Combination,bubblegum pink coffin nails,"tapered sidewalls ending in a flat squared tip, finished in bubblegum pink polish with even coverage, realistic cuticle spacing, and believable nail thickness",nails manicure color shape
Color + Shape,Combination,bubblegum pink ballerina nails,"long tapered ballerina shape with a flat narrow tip, finished in bubblegum pink polish with even coverage, realistic cuticle spacing, and believable nail thickness",nails manicure color shape
Color + Shape,Combination,bubblegum pink stiletto nails,"long sharply tapered pointed nail shape, finished in bubblegum pink polish with even coverage, realistic cuticle spacing, and believable nail thickness",nails manicure color shape
Color + Shape,Combination,bubblegum pink mountain-peak nails,"shorter pointed peak shape with symmetrical taper, finished in bubblegum pink polish with even coverage, realistic cuticle spacing, and believable nail thickness",nails manicure color shape
Color + Shape,Combination,bubblegum pink lipstick nails,"asymmetrical slanted free edge resembling a lipstick bullet, finished in bubblegum pink polish with even coverage, realistic cuticle spacing, and believable nail thickness",nails manicure color shape
Color + Shape,Combination,hot pink round nails,"rounded nail tips following the natural fingertip curve, finished in hot pink polish with even coverage, realistic cuticle spacing, and believable nail thickness",nails manicure color shape
Color + Shape,Combination,hot pink soft square nails,"square nail shape with subtly softened corners, finished in hot pink polish with even coverage, realistic cuticle spacing, and believable nail thickness",nails manicure color shape
Color + Shape,Combination,hot pink square nails,"straight sidewalls with a flat square free edge, finished in hot pink polish with even coverage, realistic cuticle spacing, and believable nail thickness",nails manicure color shape
Color + Shape,Combination,hot pink tapered square nails,"square free edge with gently tapered sidewalls, finished in hot pink polish with even coverage, realistic cuticle spacing, and believable nail thickness",nails manicure color shape
Color + Shape,Combination,hot pink squoval nails,"balanced square-oval shape with softened corners, finished in hot pink polish with even coverage, realistic cuticle spacing, and believable nail thickness",nails manicure color shape
Color + Shape,Combination,hot pink oval nails,"smooth oval silhouette with gently rounded tip, finished in hot pink polish with even coverage, realistic cuticle spacing, and believable nail thickness",nails manicure color shape
Color + Shape,Combination,hot pink almond nails,"tapered almond silhouette with softly pointed tip, finished in hot pink polish with even coverage, realistic cuticle spacing, and believable nail thickness",nails manicure color shape
Color + Shape,Combination,hot pink coffin nails,"tapered sidewalls ending in a flat squared tip, finished in hot pink polish with even coverage, realistic cuticle spacing, and believable nail thickness",nails manicure color shape
Color + Shape,Combination,hot pink ballerina nails,"long tapered ballerina shape with a flat narrow tip, finished in hot pink polish with even coverage, realistic cuticle spacing, and believable nail thickness",nails manicure color shape
Color + Shape,Combination,hot pink stiletto nails,"long sharply tapered pointed nail shape, finished in hot pink polish with even coverage, realistic cuticle spacing, and believable nail thickness",nails manicure color shape
Color + Shape,Combination,hot pink mountain-peak nails,"shorter pointed peak shape with symmetrical taper, finished in hot pink polish with even coverage, realistic cuticle spacing, and believable nail thickness",nails manicure color shape
Color + Shape,Combination,hot pink lipstick nails,"asymmetrical slanted free edge resembling a lipstick bullet, finished in hot pink polish with even coverage, realistic cuticle spacing, and believable nail thickness",nails manicure color shape
Color + Shape,Combination,magenta round nails,"rounded nail tips following the natural fingertip curve, finished in magenta polish with even coverage, realistic cuticle spacing, and believable nail thickness",nails manicure color shape
Color + Shape,Combination,magenta soft square nails,"square nail shape with subtly softened corners, finished in magenta polish with even coverage, realistic cuticle spacing, and believable nail thickness",nails manicure color shape
Color + Shape,Combination,magenta square nails,"straight sidewalls with a flat square free edge, finished in magenta polish with even coverage, realistic cuticle spacing, and believable nail thickness",nails manicure color shape
Color + Shape,Combination,magenta tapered square nails,"square free edge with gently tapered sidewalls, finished in magenta polish with even coverage, realistic cuticle spacing, and believable nail thickness",nails manicure color shape
Color + Shape,Combination,magenta squoval nails,"balanced square-oval shape with softened corners, finished in magenta polish with even coverage, realistic cuticle spacing, and believable nail thickness",nails manicure color shape
Color + Shape,Combination,magenta oval nails,"smooth oval silhouette with gently rounded tip, finished in magenta polish with even coverage, realistic cuticle spacing, and believable nail thickness",nails manicure color shape
Color + Shape,Combination,magenta almond nails,"tapered almond silhouette with softly pointed tip, finished in magenta polish with even coverage, realistic cuticle spacing, and believable nail thickness",nails manicure color shape
Color + Shape,Combination,magenta coffin nails,"tapered sidewalls ending in a flat squared tip, finished in magenta polish with even coverage, realistic cuticle spacing, and believable nail thickness",nails manicure color shape
Color + Shape,Combination,magenta ballerina nails,"long tapered ballerina shape with a flat narrow tip, finished in magenta polish with even coverage, realistic cuticle spacing, and believable nail thickness",nails manicure color shape
Color + Shape,Combination,magenta stiletto nails,"long sharply tapered pointed nail shape, finished in magenta polish with even coverage, realistic cuticle spacing, and believable nail thickness",nails manicure color shape
Color + Shape,Combination,magenta mountain-peak nails,"shorter pointed peak shape with symmetrical taper, finished in magenta polish with even coverage, realistic cuticle spacing, and believable nail thickness",nails manicure color shape
Color + Shape,Combination,magenta lipstick nails,"asymmetrical slanted free edge resembling a lipstick bullet, finished in magenta polish with even coverage, realistic cuticle spacing, and believable nail thickness",nails manicure color shape
Color + Shape,Combination,lavender round nails,"rounded nail tips following the natural fingertip curve, finished in lavender polish with even coverage, realistic cuticle spacing, and believable nail thickness",nails manicure color shape
Color + Shape,Combination,lavender soft square nails,"square nail shape with subtly softened corners, finished in lavender polish with even coverage, realistic cuticle spacing, and believable nail thickness",nails manicure color shape
Color + Shape,Combination,lavender square nails,"straight sidewalls with a flat square free edge, finished in lavender polish with even coverage, realistic cuticle spacing, and believable nail thickness",nails manicure color shape
Color + Shape,Combination,lavender tapered square nails,"square free edge with gently tapered sidewalls, finished in lavender polish with even coverage, realistic cuticle spacing, and believable nail thickness",nails manicure color shape
Color + Shape,Combination,lavender squoval nails,"balanced square-oval shape with softened corners, finished in lavender polish with even coverage, realistic cuticle spacing, and believable nail thickness",nails manicure color shape
Color + Shape,Combination,lavender oval nails,"smooth oval silhouette with gently rounded tip, finished in lavender polish with even coverage, realistic cuticle spacing, and believable nail thickness",nails manicure color shape
Color + Shape,Combination,lavender almond nails,"tapered almond silhouette with softly pointed tip, finished in lavender polish with even coverage, realistic cuticle spacing, and believable nail thickness",nails manicure color shape
Color + Shape,Combination,lavender coffin nails,"tapered sidewalls ending in a flat squared tip, finished in lavender polish with even coverage, realistic cuticle spacing, and believable nail thickness",nails manicure color shape
Color + Shape,Combination,lavender ballerina nails,"long tapered ballerina shape with a flat narrow tip, finished in lavender polish with even coverage, realistic cuticle spacing, and believable nail thickness",nails manicure color shape
Color + Shape,Combination,lavender stiletto nails,"long sharply tapered pointed nail shape, finished in lavender polish with even coverage, realistic cuticle spacing, and believable nail thickness",nails manicure color shape
Color + Shape,Combination,lavender mountain-peak nails,"shorter pointed peak shape with symmetrical taper, finished in lavender polish with even coverage, realistic cuticle spacing, and believable nail thickness",nails manicure color shape
Color + Shape,Combination,lavender lipstick nails,"asymmetrical slanted free edge resembling a lipstick bullet, finished in lavender polish with even coverage, realistic cuticle spacing, and believable nail thickness",nails manicure color shape
Color + Shape,Combination,lilac round nails,"rounded nail tips following the natural fingertip curve, finished in lilac polish with even coverage, realistic cuticle spacing, and believable nail thickness",nails manicure color shape
Color + Shape,Combination,lilac soft square nails,"square nail shape with subtly softened corners, finished in lilac polish with even coverage, realistic cuticle spacing, and believable nail thickness",nails manicure color shape
Color + Shape,Combination,lilac square nails,"straight sidewalls with a flat square free edge, finished in lilac polish with even coverage, realistic cuticle spacing, and believable nail thickness",nails manicure color shape
Color + Shape,Combination,lilac tapered square nails,"square free edge with gently tapered sidewalls, finished in lilac polish with even coverage, realistic cuticle spacing, and believable nail thickness",nails manicure color shape
Color + Shape,Combination,lilac squoval nails,"balanced square-oval shape with softened corners, finished in lilac polish with even coverage, realistic cuticle spacing, and believable nail thickness",nails manicure color shape
Color + Shape,Combination,lilac oval nails,"smooth oval silhouette with gently rounded tip, finished in lilac polish with even coverage, realistic cuticle spacing, and believable nail thickness",nails manicure color shape
Color + Shape,Combination,lilac almond nails,"tapered almond silhouette with softly pointed tip, finished in lilac polish with even coverage, realistic cuticle spacing, and believable nail thickness",nails manicure color shape
Color + Shape,Combination,lilac coffin nails,"tapered sidewalls ending in a flat squared tip, finished in lilac polish with even coverage, realistic cuticle spacing, and believable nail thickness",nails manicure color shape
Color + Shape,Combination,lilac ballerina nails,"long tapered ballerina shape with a flat narrow tip, finished in lilac polish with even coverage, realistic cuticle spacing, and believable nail thickness",nails manicure color shape
Color + Shape,Combination,lilac stiletto nails,"long sharply tapered pointed nail shape, finished in lilac polish with even coverage, realistic cuticle spacing, and believable nail thickness",nails manicure color shape
Color + Shape,Combination,lilac mountain-peak nails,"shorter pointed peak shape with symmetrical taper, finished in lilac polish with even coverage, realistic cuticle spacing, and believable nail thickness",nails manicure color shape
Color + Shape,Combination,lilac lipstick nails,"asymmetrical slanted free edge resembling a lipstick bullet, finished in lilac polish with even coverage, realistic cuticle spacing, and believable nail thickness",nails manicure color shape
Color + Shape,Combination,plum round nails,"rounded nail tips following the natural fingertip curve, finished in plum polish with even coverage, realistic cuticle spacing, and believable nail thickness",nails manicure color shape
Color + Shape,Combination,plum soft square nails,"square nail shape with subtly softened corners, finished in plum polish with even coverage, realistic cuticle spacing, and believable nail thickness",nails manicure color shape
Color + Shape,Combination,plum square nails,"straight sidewalls with a flat square free edge, finished in plum polish with even coverage, realistic cuticle spacing, and believable nail thickness",nails manicure color shape
Color + Shape,Combination,plum tapered square nails,"square free edge with gently tapered sidewalls, finished in plum polish with even coverage, realistic cuticle spacing, and believable nail thickness",nails manicure color shape
Color + Shape,Combination,plum squoval nails,"balanced square-oval shape with softened corners, finished in plum polish with even coverage, realistic cuticle spacing, and believable nail thickness",nails manicure color shape
Color + Shape,Combination,plum oval nails,"smooth oval silhouette with gently rounded tip, finished in plum polish with even coverage, realistic cuticle spacing, and believable nail thickness",nails manicure color shape
Color + Shape,Combination,plum almond nails,"tapered almond silhouette with softly pointed tip, finished in plum polish with even coverage, realistic cuticle spacing, and believable nail thickness",nails manicure color shape
Color + Shape,Combination,plum coffin nails,"tapered sidewalls ending in a flat squared tip, finished in plum polish with even coverage, realistic cuticle spacing, and believable nail thickness",nails manicure color shape
Color + Shape,Combination,plum ballerina nails,"long tapered ballerina shape with a flat narrow tip, finished in plum polish with even coverage, realistic cuticle spacing, and believable nail thickness",nails manicure color shape
Color + Shape,Combination,plum stiletto nails,"long sharply tapered pointed nail shape, finished in plum polish with even coverage, realistic cuticle spacing, and believable nail thickness",nails manicure color shape
Color + Shape,Combination,plum mountain-peak nails,"shorter pointed peak shape with symmetrical taper, finished in plum polish with even coverage, realistic cuticle spacing, and believable nail thickness",nails manicure color shape
Color + Shape,Combination,plum lipstick nails,"asymmetrical slanted free edge resembling a lipstick bullet, finished in plum polish with even coverage, realistic cuticle spacing, and believable nail thickness",nails manicure color shape
Color + Shape,Combination,violet round nails,"rounded nail tips following the natural fingertip curve, finished in violet polish with even coverage, realistic cuticle spacing, and believable nail thickness",nails manicure color shape
Color + Shape,Combination,violet soft square nails,"square nail shape with subtly softened corners, finished in violet polish with even coverage, realistic cuticle spacing, and believable nail thickness",nails manicure color shape
Color + Shape,Combination,violet square nails,"straight sidewalls with a flat square free edge, finished in violet polish with even coverage, realistic cuticle spacing, and believable nail thickness",nails manicure color shape
Color + Shape,Combination,violet tapered square nails,"square free edge with gently tapered sidewalls, finished in violet polish with even coverage, realistic cuticle spacing, and believable nail thickness",nails manicure color shape
Color + Shape,Combination,violet squoval nails,"balanced square-oval shape with softened corners, finished in violet polish with even coverage, realistic cuticle spacing, and believable nail thickness",nails manicure color shape
Color + Shape,Combination,violet oval nails,"smooth oval silhouette with gently rounded tip, finished in violet polish with even coverage, realistic cuticle spacing, and believable nail thickness",nails manicure color shape
Color + Shape,Combination,violet almond nails,"tapered almond silhouette with softly pointed tip, finished in violet polish with even coverage, realistic cuticle spacing, and believable nail thickness",nails manicure color shape
Color + Shape,Combination,violet coffin nails,"tapered sidewalls ending in a flat squared tip, finished in violet polish with even coverage, realistic cuticle spacing, and believable nail thickness",nails manicure color shape
Color + Shape,Combination,violet ballerina nails,"long tapered ballerina shape with a flat narrow tip, finished in violet polish with even coverage, realistic cuticle spacing, and believable nail thickness",nails manicure color shape
Color + Shape,Combination,violet stiletto nails,"long sharply tapered pointed nail shape, finished in violet polish with even coverage, realistic cuticle spacing, and believable nail thickness",nails manicure color shape
Color + Shape,Combination,violet mountain-peak nails,"shorter pointed peak shape with symmetrical taper, finished in violet polish with even coverage, realistic cuticle spacing, and believable nail thickness",nails manicure color shape
Color + Shape,Combination,violet lipstick nails,"asymmetrical slanted free edge resembling a lipstick bullet, finished in violet polish with even coverage, realistic cuticle spacing, and believable nail thickness",nails manicure color shape
Color + Shape,Combination,pastel blue round nails,"rounded nail tips following the natural fingertip curve, finished in pastel blue polish with even coverage, realistic cuticle spacing, and believable nail thickness",nails manicure color shape
Color + Shape,Combination,pastel blue soft square nails,"square nail shape with subtly softened corners, finished in pastel blue polish with even coverage, realistic cuticle spacing, and believable nail thickness",nails manicure color shape
Color + Shape,Combination,pastel blue square nails,"straight sidewalls with a flat square free edge, finished in pastel blue polish with even coverage, realistic cuticle spacing, and believable nail thickness",nails manicure color shape
Color + Shape,Combination,pastel blue tapered square nails,"square free edge with gently tapered sidewalls, finished in pastel blue polish with even coverage, realistic cuticle spacing, and believable nail thickness",nails manicure color shape
Color + Shape,Combination,pastel blue squoval nails,"balanced square-oval shape with softened corners, finished in pastel blue polish with even coverage, realistic cuticle spacing, and believable nail thickness",nails manicure color shape
Color + Shape,Combination,pastel blue oval nails,"smooth oval silhouette with gently rounded tip, finished in pastel blue polish with even coverage, realistic cuticle spacing, and believable nail thickness",nails manicure color shape
Color + Shape,Combination,pastel blue almond nails,"tapered almond silhouette with softly pointed tip, finished in pastel blue polish with even coverage, realistic cuticle spacing, and believable nail thickness",nails manicure color shape
Color + Shape,Combination,pastel blue coffin nails,"tapered sidewalls ending in a flat squared tip, finished in pastel blue polish with even coverage, realistic cuticle spacing, and believable nail thickness",nails manicure color shape
Color + Shape,Combination,pastel blue ballerina nails,"long tapered ballerina shape with a flat narrow tip, finished in pastel blue polish with even coverage, realistic cuticle spacing, and believable nail thickness",nails manicure color shape
Color + Shape,Combination,pastel blue stiletto nails,"long sharply tapered pointed nail shape, finished in pastel blue polish with even coverage, realistic cuticle spacing, and believable nail thickness",nails manicure color shape
Color + Shape,Combination,pastel blue mountain-peak nails,"shorter pointed peak shape with symmetrical taper, finished in pastel blue polish with even coverage, realistic cuticle spacing, and believable nail thickness",nails manicure color shape
Color + Shape,Combination,pastel blue lipstick nails,"asymmetrical slanted free edge resembling a lipstick bullet, finished in pastel blue polish with even coverage, realistic cuticle spacing, and believable nail thickness",nails manicure color shape
Color + Shape,Combination,baby blue round nails,"rounded nail tips following the natural fingertip curve, finished in baby blue polish with even coverage, realistic cuticle spacing, and believable nail thickness",nails manicure color shape
Color + Shape,Combination,baby blue soft square nails,"square nail shape with subtly softened corners, finished in baby blue polish with even coverage, realistic cuticle spacing, and believable nail thickness",nails manicure color shape
Color + Shape,Combination,baby blue square nails,"straight sidewalls with a flat square free edge, finished in baby blue polish with even coverage, realistic cuticle spacing, and believable nail thickness",nails manicure color shape
Color + Shape,Combination,baby blue tapered square nails,"square free edge with gently tapered sidewalls, finished in baby blue polish with even coverage, realistic cuticle spacing, and believable nail thickness",nails manicure color shape
Color + Shape,Combination,baby blue squoval nails,"balanced square-oval shape with softened corners, finished in baby blue polish with even coverage, realistic cuticle spacing, and believable nail thickness",nails manicure color shape
Color + Shape,Combination,baby blue oval nails,"smooth oval silhouette with gently rounded tip, finished in baby blue polish with even coverage, realistic cuticle spacing, and believable nail thickness",nails manicure color shape
Color + Shape,Combination,baby blue almond nails,"tapered almond silhouette with softly pointed tip, finished in baby blue polish with even coverage, realistic cuticle spacing, and believable nail thickness",nails manicure color shape
Color + Shape,Combination,baby blue coffin nails,"tapered sidewalls ending in a flat squared tip, finished in baby blue polish with even coverage, realistic cuticle spacing, and believable nail thickness",nails manicure color shape
Color + Shape,Combination,baby blue ballerina nails,"long tapered ballerina shape with a flat narrow tip, finished in baby blue polish with even coverage, realistic cuticle spacing, and believable nail thickness",nails manicure color shape
Color + Shape,Combination,baby blue stiletto nails,"long sharply tapered pointed nail shape, finished in baby blue polish with even coverage, realistic cuticle spacing, and believable nail thickness",nails manicure color shape
Color + Shape,Combination,baby blue mountain-peak nails,"shorter pointed peak shape with symmetrical taper, finished in baby blue polish with even coverage, realistic cuticle spacing, and believable nail thickness",nails manicure color shape
Color + Shape,Combination,baby blue lipstick nails,"asymmetrical slanted free edge resembling a lipstick bullet, finished in baby blue polish with even coverage, realistic cuticle spacing, and believable nail thickness",nails manicure color shape
Color + Shape,Combination,sky blue round nails,"rounded nail tips following the natural fingertip curve, finished in sky blue polish with even coverage, realistic cuticle spacing, and believable nail thickness",nails manicure color shape
Color + Shape,Combination,sky blue soft square nails,"square nail shape with subtly softened corners, finished in sky blue polish with even coverage, realistic cuticle spacing, and believable nail thickness",nails manicure color shape
Color + Shape,Combination,sky blue square nails,"straight sidewalls with a flat square free edge, finished in sky blue polish with even coverage, realistic cuticle spacing, and believable nail thickness",nails manicure color shape
Color + Shape,Combination,sky blue tapered square nails,"square free edge with gently tapered sidewalls, finished in sky blue polish with even coverage, realistic cuticle spacing, and believable nail thickness",nails manicure color shape
Color + Shape,Combination,sky blue squoval nails,"balanced square-oval shape with softened corners, finished in sky blue polish with even coverage, realistic cuticle spacing, and believable nail thickness",nails manicure color shape
Color + Shape,Combination,sky blue oval nails,"smooth oval silhouette with gently rounded tip, finished in sky blue polish with even coverage, realistic cuticle spacing, and believable nail thickness",nails manicure color shape
Color + Shape,Combination,sky blue almond nails,"tapered almond silhouette with softly pointed tip, finished in sky blue polish with even coverage, realistic cuticle spacing, and believable nail thickness",nails manicure color shape
Color + Shape,Combination,sky blue coffin nails,"tapered sidewalls ending in a flat squared tip, finished in sky blue polish with even coverage, realistic cuticle spacing, and believable nail thickness",nails manicure color shape
Color + Shape,Combination,sky blue ballerina nails,"long tapered ballerina shape with a flat narrow tip, finished in sky blue polish with even coverage, realistic cuticle spacing, and believable nail thickness",nails manicure color shape
Color + Shape,Combination,sky blue stiletto nails,"long sharply tapered pointed nail shape, finished in sky blue polish with even coverage, realistic cuticle spacing, and believable nail thickness",nails manicure color shape
Color + Shape,Combination,sky blue mountain-peak nails,"shorter pointed peak shape with symmetrical taper, finished in sky blue polish with even coverage, realistic cuticle spacing, and believable nail thickness",nails manicure color shape
Color + Shape,Combination,sky blue lipstick nails,"asymmetrical slanted free edge resembling a lipstick bullet, finished in sky blue polish with even coverage, realistic cuticle spacing, and believable nail thickness",nails manicure color shape
Color + Shape,Combination,royal blue round nails,"rounded nail tips following the natural fingertip curve, finished in royal blue polish with even coverage, realistic cuticle spacing, and believable nail thickness",nails manicure color shape
Color + Shape,Combination,royal blue soft square nails,"square nail shape with subtly softened corners, finished in royal blue polish with even coverage, realistic cuticle spacing, and believable nail thickness",nails manicure color shape
Color + Shape,Combination,royal blue square nails,"straight sidewalls with a flat square free edge, finished in royal blue polish with even coverage, realistic cuticle spacing, and believable nail thickness",nails manicure color shape
Color + Shape,Combination,royal blue tapered square nails,"square free edge with gently tapered sidewalls, finished in royal blue polish with even coverage, realistic cuticle spacing, and believable nail thickness",nails manicure color shape
Color + Shape,Combination,royal blue squoval nails,"balanced square-oval shape with softened corners, finished in royal blue polish with even coverage, realistic cuticle spacing, and believable nail thickness",nails manicure color shape
Color + Shape,Combination,royal blue oval nails,"smooth oval silhouette with gently rounded tip, finished in royal blue polish with even coverage, realistic cuticle spacing, and believable nail thickness",nails manicure color shape
Color + Shape,Combination,royal blue almond nails,"tapered almond silhouette with softly pointed tip, finished in royal blue polish with even coverage, realistic cuticle spacing, and believable nail thickness",nails manicure color shape
Color + Shape,Combination,royal blue coffin nails,"tapered sidewalls ending in a flat squared tip, finished in royal blue polish with even coverage, realistic cuticle spacing, and believable nail thickness",nails manicure color shape
Color + Shape,Combination,royal blue ballerina nails,"long tapered ballerina shape with a flat narrow tip, finished in royal blue polish with even coverage, realistic cuticle spacing, and believable nail thickness",nails manicure color shape
Color + Shape,Combination,royal blue stiletto nails,"long sharply tapered pointed nail shape, finished in royal blue polish with even coverage, realistic cuticle spacing, and believable nail thickness",nails manicure color shape
Color + Shape,Combination,royal blue mountain-peak nails,"shorter pointed peak shape with symmetrical taper, finished in royal blue polish with even coverage, realistic cuticle spacing, and believable nail thickness",nails manicure color shape
Color + Shape,Combination,royal blue lipstick nails,"asymmetrical slanted free edge resembling a lipstick bullet, finished in royal blue polish with even coverage, realistic cuticle spacing, and believable nail thickness",nails manicure color shape
Color + Shape,Combination,navy round nails,"rounded nail tips following the natural fingertip curve, finished in navy blue polish with even coverage, realistic cuticle spacing, and believable nail thickness",nails manicure color shape
Color + Shape,Combination,navy soft square nails,"square nail shape with subtly softened corners, finished in navy blue polish with even coverage, realistic cuticle spacing, and believable nail thickness",nails manicure color shape
Color + Shape,Combination,navy square nails,"straight sidewalls with a flat square free edge, finished in navy blue polish with even coverage, realistic cuticle spacing, and believable nail thickness",nails manicure color shape
Color + Shape,Combination,navy tapered square nails,"square free edge with gently tapered sidewalls, finished in navy blue polish with even coverage, realistic cuticle spacing, and believable nail thickness",nails manicure color shape
Color + Shape,Combination,navy squoval nails,"balanced square-oval shape with softened corners, finished in navy blue polish with even coverage, realistic cuticle spacing, and believable nail thickness",nails manicure color shape
Color + Shape,Combination,navy oval nails,"smooth oval silhouette with gently rounded tip, finished in navy blue polish with even coverage, realistic cuticle spacing, and believable nail thickness",nails manicure color shape
Color + Shape,Combination,navy almond nails,"tapered almond silhouette with softly pointed tip, finished in navy blue polish with even coverage, realistic cuticle spacing, and believable nail thickness",nails manicure color shape
Color + Shape,Combination,navy coffin nails,"tapered sidewalls ending in a flat squared tip, finished in navy blue polish with even coverage, realistic cuticle spacing, and believable nail thickness",nails manicure color shape
Color + Shape,Combination,navy ballerina nails,"long tapered ballerina shape with a flat narrow tip, finished in navy blue polish with even coverage, realistic cuticle spacing, and believable nail thickness",nails manicure color shape
Color + Shape,Combination,navy stiletto nails,"long sharply tapered pointed nail shape, finished in navy blue polish with even coverage, realistic cuticle spacing, and believable nail thickness",nails manicure color shape
Color + Shape,Combination,navy mountain-peak nails,"shorter pointed peak shape with symmetrical taper, finished in navy blue polish with even coverage, realistic cuticle spacing, and believable nail thickness",nails manicure color shape
Color + Shape,Combination,navy lipstick nails,"asymmetrical slanted free edge resembling a lipstick bullet, finished in navy blue polish with even coverage, realistic cuticle spacing, and believable nail thickness",nails manicure color shape
Color + Shape,Combination,teal round nails,"rounded nail tips following the natural fingertip curve, finished in teal polish with even coverage, realistic cuticle spacing, and believable nail thickness",nails manicure color shape
Color + Shape,Combination,teal soft square nails,"square nail shape with subtly softened corners, finished in teal polish with even coverage, realistic cuticle spacing, and believable nail thickness",nails manicure color shape
Color + Shape,Combination,teal square nails,"straight sidewalls with a flat square free edge, finished in teal polish with even coverage, realistic cuticle spacing, and believable nail thickness",nails manicure color shape
Color + Shape,Combination,teal tapered square nails,"square free edge with gently tapered sidewalls, finished in teal polish with even coverage, realistic cuticle spacing, and believable nail thickness",nails manicure color shape
Color + Shape,Combination,teal squoval nails,"balanced square-oval shape with softened corners, finished in teal polish with even coverage, realistic cuticle spacing, and believable nail thickness",nails manicure color shape
Color + Shape,Combination,teal oval nails,"smooth oval silhouette with gently rounded tip, finished in teal polish with even coverage, realistic cuticle spacing, and believable nail thickness",nails manicure color shape
Color + Shape,Combination,teal almond nails,"tapered almond silhouette with softly pointed tip, finished in teal polish with even coverage, realistic cuticle spacing, and believable nail thickness",nails manicure color shape
Color + Shape,Combination,teal coffin nails,"tapered sidewalls ending in a flat squared tip, finished in teal polish with even coverage, realistic cuticle spacing, and believable nail thickness",nails manicure color shape
Color + Shape,Combination,teal ballerina nails,"long tapered ballerina shape with a flat narrow tip, finished in teal polish with even coverage, realistic cuticle spacing, and believable nail thickness",nails manicure color shape
Color + Shape,Combination,teal stiletto nails,"long sharply tapered pointed nail shape, finished in teal polish with even coverage, realistic cuticle spacing, and believable nail thickness",nails manicure color shape
Color + Shape,Combination,teal mountain-peak nails,"shorter pointed peak shape with symmetrical taper, finished in teal polish with even coverage, realistic cuticle spacing, and believable nail thickness",nails manicure color shape
Color + Shape,Combination,teal lipstick nails,"asymmetrical slanted free edge resembling a lipstick bullet, finished in teal polish with even coverage, realistic cuticle spacing, and believable nail thickness",nails manicure color shape
Color + Shape,Combination,turquoise round nails,"rounded nail tips following the natural fingertip curve, finished in turquoise polish with even coverage, realistic cuticle spacing, and believable nail thickness",nails manicure color shape
Color + Shape,Combination,turquoise soft square nails,"square nail shape with subtly softened corners, finished in turquoise polish with even coverage, realistic cuticle spacing, and believable nail thickness",nails manicure color shape
Color + Shape,Combination,turquoise square nails,"straight sidewalls with a flat square free edge, finished in turquoise polish with even coverage, realistic cuticle spacing, and believable nail thickness",nails manicure color shape
Color + Shape,Combination,turquoise tapered square nails,"square free edge with gently tapered sidewalls, finished in turquoise polish with even coverage, realistic cuticle spacing, and believable nail thickness",nails manicure color shape
Color + Shape,Combination,turquoise squoval nails,"balanced square-oval shape with softened corners, finished in turquoise polish with even coverage, realistic cuticle spacing, and believable nail thickness",nails manicure color shape
Color + Shape,Combination,turquoise oval nails,"smooth oval silhouette with gently rounded tip, finished in turquoise polish with even coverage, realistic cuticle spacing, and believable nail thickness",nails manicure color shape
Color + Shape,Combination,turquoise almond nails,"tapered almond silhouette with softly pointed tip, finished in turquoise polish with even coverage, realistic cuticle spacing, and believable nail thickness",nails manicure color shape
Color + Shape,Combination,turquoise coffin nails,"tapered sidewalls ending in a flat squared tip, finished in turquoise polish with even coverage, realistic cuticle spacing, and believable nail thickness",nails manicure color shape
Color + Shape,Combination,turquoise ballerina nails,"long tapered ballerina shape with a flat narrow tip, finished in turquoise polish with even coverage, realistic cuticle spacing, and believable nail thickness",nails manicure color shape
Color + Shape,Combination,turquoise stiletto nails,"long sharply tapered pointed nail shape, finished in turquoise polish with even coverage, realistic cuticle spacing, and believable nail thickness",nails manicure color shape
Color + Shape,Combination,turquoise mountain-peak nails,"shorter pointed peak shape with symmetrical taper, finished in turquoise polish with even coverage, realistic cuticle spacing, and believable nail thickness",nails manicure color shape
Color + Shape,Combination,turquoise lipstick nails,"asymmetrical slanted free edge resembling a lipstick bullet, finished in turquoise polish with even coverage, realistic cuticle spacing, and believable nail thickness",nails manicure color shape
Color + Shape,Combination,mint round nails,"rounded nail tips following the natural fingertip curve, finished in mint green polish with even coverage, realistic cuticle spacing, and believable nail thickness",nails manicure color shape
Color + Shape,Combination,mint soft square nails,"square nail shape with subtly softened corners, finished in mint green polish with even coverage, realistic cuticle spacing, and believable nail thickness",nails manicure color shape
Color + Shape,Combination,mint square nails,"straight sidewalls with a flat square free edge, finished in mint green polish with even coverage, realistic cuticle spacing, and believable nail thickness",nails manicure color shape
Color + Shape,Combination,mint tapered square nails,"square free edge with gently tapered sidewalls, finished in mint green polish with even coverage, realistic cuticle spacing, and believable nail thickness",nails manicure color shape
Color + Shape,Combination,mint squoval nails,"balanced square-oval shape with softened corners, finished in mint green polish with even coverage, realistic cuticle spacing, and believable nail thickness",nails manicure color shape
Color + Shape,Combination,mint oval nails,"smooth oval silhouette with gently rounded tip, finished in mint green polish with even coverage, realistic cuticle spacing, and believable nail thickness",nails manicure color shape
Color + Shape,Combination,mint almond nails,"tapered almond silhouette with softly pointed tip, finished in mint green polish with even coverage, realistic cuticle spacing, and believable nail thickness",nails manicure color shape
Color + Shape,Combination,mint coffin nails,"tapered sidewalls ending in a flat squared tip, finished in mint green polish with even coverage, realistic cuticle spacing, and believable nail thickness",nails manicure color shape
Color + Shape,Combination,mint ballerina nails,"long tapered ballerina shape with a flat narrow tip, finished in mint green polish with even coverage, realistic cuticle spacing, and believable nail thickness",nails manicure color shape
Color + Shape,Combination,mint stiletto nails,"long sharply tapered pointed nail shape, finished in mint green polish with even coverage, realistic cuticle spacing, and believable nail thickness",nails manicure color shape
Color + Shape,Combination,mint mountain-peak nails,"shorter pointed peak shape with symmetrical taper, finished in mint green polish with even coverage, realistic cuticle spacing, and believable nail thickness",nails manicure color shape
Color + Shape,Combination,mint lipstick nails,"asymmetrical slanted free edge resembling a lipstick bullet, finished in mint green polish with even coverage, realistic cuticle spacing, and believable nail thickness",nails manicure color shape
Color + Shape,Combination,sage green round nails,"rounded nail tips following the natural fingertip curve, finished in sage green polish with even coverage, realistic cuticle spacing, and believable nail thickness",nails manicure color shape
Color + Shape,Combination,sage green soft square nails,"square nail shape with subtly softened corners, finished in sage green polish with even coverage, realistic cuticle spacing, and believable nail thickness",nails manicure color shape
Color + Shape,Combination,sage green square nails,"straight sidewalls with a flat square free edge, finished in sage green polish with even coverage, realistic cuticle spacing, and believable nail thickness",nails manicure color shape
Color + Shape,Combination,sage green tapered square nails,"square free edge with gently tapered sidewalls, finished in sage green polish with even coverage, realistic cuticle spacing, and believable nail thickness",nails manicure color shape
Color + Shape,Combination,sage green squoval nails,"balanced square-oval shape with softened corners, finished in sage green polish with even coverage, realistic cuticle spacing, and believable nail thickness",nails manicure color shape
Color + Shape,Combination,sage green oval nails,"smooth oval silhouette with gently rounded tip, finished in sage green polish with even coverage, realistic cuticle spacing, and believable nail thickness",nails manicure color shape
Color + Shape,Combination,sage green almond nails,"tapered almond silhouette with softly pointed tip, finished in sage green polish with even coverage, realistic cuticle spacing, and believable nail thickness",nails manicure color shape
Color + Shape,Combination,sage green coffin nails,"tapered sidewalls ending in a flat squared tip, finished in sage green polish with even coverage, realistic cuticle spacing, and believable nail thickness",nails manicure color shape
Color + Shape,Combination,sage green ballerina nails,"long tapered ballerina shape with a flat narrow tip, finished in sage green polish with even coverage, realistic cuticle spacing, and believable nail thickness",nails manicure color shape
Color + Shape,Combination,sage green stiletto nails,"long sharply tapered pointed nail shape, finished in sage green polish with even coverage, realistic cuticle spacing, and believable nail thickness",nails manicure color shape
Color + Shape,Combination,sage green mountain-peak nails,"shorter pointed peak shape with symmetrical taper, finished in sage green polish with even coverage, realistic cuticle spacing, and believable nail thickness",nails manicure color shape
Color + Shape,Combination,sage green lipstick nails,"asymmetrical slanted free edge resembling a lipstick bullet, finished in sage green polish with even coverage, realistic cuticle spacing, and believable nail thickness",nails manicure color shape
Color + Shape,Combination,emerald round nails,"rounded nail tips following the natural fingertip curve, finished in emerald green polish with even coverage, realistic cuticle spacing, and believable nail thickness",nails manicure color shape
Color + Shape,Combination,emerald soft square nails,"square nail shape with subtly softened corners, finished in emerald green polish with even coverage, realistic cuticle spacing, and believable nail thickness",nails manicure color shape
Color + Shape,Combination,emerald square nails,"straight sidewalls with a flat square free edge, finished in emerald green polish with even coverage, realistic cuticle spacing, and believable nail thickness",nails manicure color shape
Color + Shape,Combination,emerald tapered square nails,"square free edge with gently tapered sidewalls, finished in emerald green polish with even coverage, realistic cuticle spacing, and believable nail thickness",nails manicure color shape
Color + Shape,Combination,emerald squoval nails,"balanced square-oval shape with softened corners, finished in emerald green polish with even coverage, realistic cuticle spacing, and believable nail thickness",nails manicure color shape
Color + Shape,Combination,emerald oval nails,"smooth oval silhouette with gently rounded tip, finished in emerald green polish with even coverage, realistic cuticle spacing, and believable nail thickness",nails manicure color shape
Color + Shape,Combination,emerald almond nails,"tapered almond silhouette with softly pointed tip, finished in emerald green polish with even coverage, realistic cuticle spacing, and believable nail thickness",nails manicure color shape
Color + Shape,Combination,emerald coffin nails,"tapered sidewalls ending in a flat squared tip, finished in emerald green polish with even coverage, realistic cuticle spacing, and believable nail thickness",nails manicure color shape
Color + Shape,Combination,emerald ballerina nails,"long tapered ballerina shape with a flat narrow tip, finished in emerald green polish with even coverage, realistic cuticle spacing, and believable nail thickness",nails manicure color shape
Color + Shape,Combination,emerald stiletto nails,"long sharply tapered pointed nail shape, finished in emerald green polish with even coverage, realistic cuticle spacing, and believable nail thickness",nails manicure color shape
Color + Shape,Combination,emerald mountain-peak nails,"shorter pointed peak shape with symmetrical taper, finished in emerald green polish with even coverage, realistic cuticle spacing, and believable nail thickness",nails manicure color shape
Color + Shape,Combination,emerald lipstick nails,"asymmetrical slanted free edge resembling a lipstick bullet, finished in emerald green polish with even coverage, realistic cuticle spacing, and believable nail thickness",nails manicure color shape
Color + Shape,Combination,forest green round nails,"rounded nail tips following the natural fingertip curve, finished in forest green polish with even coverage, realistic cuticle spacing, and believable nail thickness",nails manicure color shape
Color + Shape,Combination,forest green soft square nails,"square nail shape with subtly softened corners, finished in forest green polish with even coverage, realistic cuticle spacing, and believable nail thickness",nails manicure color shape
Color + Shape,Combination,forest green square nails,"straight sidewalls with a flat square free edge, finished in forest green polish with even coverage, realistic cuticle spacing, and believable nail thickness",nails manicure color shape
Color + Shape,Combination,forest green tapered square nails,"square free edge with gently tapered sidewalls, finished in forest green polish with even coverage, realistic cuticle spacing, and believable nail thickness",nails manicure color shape
Color + Shape,Combination,forest green squoval nails,"balanced square-oval shape with softened corners, finished in forest green polish with even coverage, realistic cuticle spacing, and believable nail thickness",nails manicure color shape
Color + Shape,Combination,forest green oval nails,"smooth oval silhouette with gently rounded tip, finished in forest green polish with even coverage, realistic cuticle spacing, and believable nail thickness",nails manicure color shape
Color + Shape,Combination,forest green almond nails,"tapered almond silhouette with softly pointed tip, finished in forest green polish with even coverage, realistic cuticle spacing, and believable nail thickness",nails manicure color shape
Color + Shape,Combination,forest green coffin nails,"tapered sidewalls ending in a flat squared tip, finished in forest green polish with even coverage, realistic cuticle spacing, and believable nail thickness",nails manicure color shape
Color + Shape,Combination,forest green ballerina nails,"long tapered ballerina shape with a flat narrow tip, finished in forest green polish with even coverage, realistic cuticle spacing, and believable nail thickness",nails manicure color shape
Color + Shape,Combination,forest green stiletto nails,"long sharply tapered pointed nail shape, finished in forest green polish with even coverage, realistic cuticle spacing, and believable nail thickness",nails manicure color shape
Color + Shape,Combination,forest green mountain-peak nails,"shorter pointed peak shape with symmetrical taper, finished in forest green polish with even coverage, realistic cuticle spacing, and believable nail thickness",nails manicure color shape
Color + Shape,Combination,forest green lipstick nails,"asymmetrical slanted free edge resembling a lipstick bullet, finished in forest green polish with even coverage, realistic cuticle spacing, and believable nail thickness",nails manicure color shape
Color + Shape,Combination,olive round nails,"rounded nail tips following the natural fingertip curve, finished in olive green polish with even coverage, realistic cuticle spacing, and believable nail thickness",nails manicure color shape
Color + Shape,Combination,olive soft square nails,"square nail shape with subtly softened corners, finished in olive green polish with even coverage, realistic cuticle spacing, and believable nail thickness",nails manicure color shape
Color + Shape,Combination,olive square nails,"straight sidewalls with a flat square free edge, finished in olive green polish with even coverage, realistic cuticle spacing, and believable nail thickness",nails manicure color shape
Color + Shape,Combination,olive tapered square nails,"square free edge with gently tapered sidewalls, finished in olive green polish with even coverage, realistic cuticle spacing, and believable nail thickness",nails manicure color shape
Color + Shape,Combination,olive squoval nails,"balanced square-oval shape with softened corners, finished in olive green polish with even coverage, realistic cuticle spacing, and believable nail thickness",nails manicure color shape
Color + Shape,Combination,olive oval nails,"smooth oval silhouette with gently rounded tip, finished in olive green polish with even coverage, realistic cuticle spacing, and believable nail thickness",nails manicure color shape
Color + Shape,Combination,olive almond nails,"tapered almond silhouette with softly pointed tip, finished in olive green polish with even coverage, realistic cuticle spacing, and believable nail thickness",nails manicure color shape
Color + Shape,Combination,olive coffin nails,"tapered sidewalls ending in a flat squared tip, finished in olive green polish with even coverage, realistic cuticle spacing, and believable nail thickness",nails manicure color shape
Color + Shape,Combination,olive ballerina nails,"long tapered ballerina shape with a flat narrow tip, finished in olive green polish with even coverage, realistic cuticle spacing, and believable nail thickness",nails manicure color shape
Color + Shape,Combination,olive stiletto nails,"long sharply tapered pointed nail shape, finished in olive green polish with even coverage, realistic cuticle spacing, and believable nail thickness",nails manicure color shape
Color + Shape,Combination,olive mountain-peak nails,"shorter pointed peak shape with symmetrical taper, finished in olive green polish with even coverage, realistic cuticle spacing, and believable nail thickness",nails manicure color shape
Color + Shape,Combination,olive lipstick nails,"asymmetrical slanted free edge resembling a lipstick bullet, finished in olive green polish with even coverage, realistic cuticle spacing, and believable nail thickness",nails manicure color shape
Color + Shape,Combination,yellow round nails,"rounded nail tips following the natural fingertip curve, finished in yellow polish with even coverage, realistic cuticle spacing, and believable nail thickness",nails manicure color shape
Color + Shape,Combination,yellow soft square nails,"square nail shape with subtly softened corners, finished in yellow polish with even coverage, realistic cuticle spacing, and believable nail thickness",nails manicure color shape
Color + Shape,Combination,yellow square nails,"straight sidewalls with a flat square free edge, finished in yellow polish with even coverage, realistic cuticle spacing, and believable nail thickness",nails manicure color shape
Color + Shape,Combination,yellow tapered square nails,"square free edge with gently tapered sidewalls, finished in yellow polish with even coverage, realistic cuticle spacing, and believable nail thickness",nails manicure color shape
Color + Shape,Combination,yellow squoval nails,"balanced square-oval shape with softened corners, finished in yellow polish with even coverage, realistic cuticle spacing, and believable nail thickness",nails manicure color shape
Color + Shape,Combination,yellow oval nails,"smooth oval silhouette with gently rounded tip, finished in yellow polish with even coverage, realistic cuticle spacing, and believable nail thickness",nails manicure color shape
Color + Shape,Combination,yellow almond nails,"tapered almond silhouette with softly pointed tip, finished in yellow polish with even coverage, realistic cuticle spacing, and believable nail thickness",nails manicure color shape
Color + Shape,Combination,yellow coffin nails,"tapered sidewalls ending in a flat squared tip, finished in yellow polish with even coverage, realistic cuticle spacing, and believable nail thickness",nails manicure color shape
Color + Shape,Combination,yellow ballerina nails,"long tapered ballerina shape with a flat narrow tip, finished in yellow polish with even coverage, realistic cuticle spacing, and believable nail thickness",nails manicure color shape
Color + Shape,Combination,yellow stiletto nails,"long sharply tapered pointed nail shape, finished in yellow polish with even coverage, realistic cuticle spacing, and believable nail thickness",nails manicure color shape
Color + Shape,Combination,yellow mountain-peak nails,"shorter pointed peak shape with symmetrical taper, finished in yellow polish with even coverage, realistic cuticle spacing, and believable nail thickness",nails manicure color shape
Color + Shape,Combination,yellow lipstick nails,"asymmetrical slanted free edge resembling a lipstick bullet, finished in yellow polish with even coverage, realistic cuticle spacing, and believable nail thickness",nails manicure color shape
Color + Shape,Combination,butter yellow round nails,"rounded nail tips following the natural fingertip curve, finished in butter yellow polish with even coverage, realistic cuticle spacing, and believable nail thickness",nails manicure color shape
Color + Shape,Combination,butter yellow soft square nails,"square nail shape with subtly softened corners, finished in butter yellow polish with even coverage, realistic cuticle spacing, and believable nail thickness",nails manicure color shape
Color + Shape,Combination,butter yellow square nails,"straight sidewalls with a flat square free edge, finished in butter yellow polish with even coverage, realistic cuticle spacing, and believable nail thickness",nails manicure color shape
Color + Shape,Combination,butter yellow tapered square nails,"square free edge with gently tapered sidewalls, finished in butter yellow polish with even coverage, realistic cuticle spacing, and believable nail thickness",nails manicure color shape
Color + Shape,Combination,butter yellow squoval nails,"balanced square-oval shape with softened corners, finished in butter yellow polish with even coverage, realistic cuticle spacing, and believable nail thickness",nails manicure color shape
Color + Shape,Combination,butter yellow oval nails,"smooth oval silhouette with gently rounded tip, finished in butter yellow polish with even coverage, realistic cuticle spacing, and believable nail thickness",nails manicure color shape
Color + Shape,Combination,butter yellow almond nails,"tapered almond silhouette with softly pointed tip, finished in butter yellow polish with even coverage, realistic cuticle spacing, and believable nail thickness",nails manicure color shape
Color + Shape,Combination,butter yellow coffin nails,"tapered sidewalls ending in a flat squared tip, finished in butter yellow polish with even coverage, realistic cuticle spacing, and believable nail thickness",nails manicure color shape
Color + Shape,Combination,butter yellow ballerina nails,"long tapered ballerina shape with a flat narrow tip, finished in butter yellow polish with even coverage, realistic cuticle spacing, and believable nail thickness",nails manicure color shape
Color + Shape,Combination,butter yellow stiletto nails,"long sharply tapered pointed nail shape, finished in butter yellow polish with even coverage, realistic cuticle spacing, and believable nail thickness",nails manicure color shape
Color + Shape,Combination,butter yellow mountain-peak nails,"shorter pointed peak shape with symmetrical taper, finished in butter yellow polish with even coverage, realistic cuticle spacing, and believable nail thickness",nails manicure color shape
Color + Shape,Combination,butter yellow lipstick nails,"asymmetrical slanted free edge resembling a lipstick bullet, finished in butter yellow polish with even coverage, realistic cuticle spacing, and believable nail thickness",nails manicure color shape
Color + Shape,Combination,mustard round nails,"rounded nail tips following the natural fingertip curve, finished in mustard yellow polish with even coverage, realistic cuticle spacing, and believable nail thickness",nails manicure color shape
Color + Shape,Combination,mustard soft square nails,"square nail shape with subtly softened corners, finished in mustard yellow polish with even coverage, realistic cuticle spacing, and believable nail thickness",nails manicure color shape
Color + Shape,Combination,mustard square nails,"straight sidewalls with a flat square free edge, finished in mustard yellow polish with even coverage, realistic cuticle spacing, and believable nail thickness",nails manicure color shape
Color + Shape,Combination,mustard tapered square nails,"square free edge with gently tapered sidewalls, finished in mustard yellow polish with even coverage, realistic cuticle spacing, and believable nail thickness",nails manicure color shape
Color + Shape,Combination,mustard squoval nails,"balanced square-oval shape with softened corners, finished in mustard yellow polish with even coverage, realistic cuticle spacing, and believable nail thickness",nails manicure color shape
Color + Shape,Combination,mustard oval nails,"smooth oval silhouette with gently rounded tip, finished in mustard yellow polish with even coverage, realistic cuticle spacing, and believable nail thickness",nails manicure color shape
Color + Shape,Combination,mustard almond nails,"tapered almond silhouette with softly pointed tip, finished in mustard yellow polish with even coverage, realistic cuticle spacing, and believable nail thickness",nails manicure color shape
Color + Shape,Combination,mustard coffin nails,"tapered sidewalls ending in a flat squared tip, finished in mustard yellow polish with even coverage, realistic cuticle spacing, and believable nail thickness",nails manicure color shape
Color + Shape,Combination,mustard ballerina nails,"long tapered ballerina shape with a flat narrow tip, finished in mustard yellow polish with even coverage, realistic cuticle spacing, and believable nail thickness",nails manicure color shape
Color + Shape,Combination,mustard stiletto nails,"long sharply tapered pointed nail shape, finished in mustard yellow polish with even coverage, realistic cuticle spacing, and believable nail thickness",nails manicure color shape
Color + Shape,Combination,mustard mountain-peak nails,"shorter pointed peak shape with symmetrical taper, finished in mustard yellow polish with even coverage, realistic cuticle spacing, and believable nail thickness",nails manicure color shape
Color + Shape,Combination,mustard lipstick nails,"asymmetrical slanted free edge resembling a lipstick bullet, finished in mustard yellow polish with even coverage, realistic cuticle spacing, and believable nail thickness",nails manicure color shape
Color + Shape,Combination,orange round nails,"rounded nail tips following the natural fingertip curve, finished in orange polish with even coverage, realistic cuticle spacing, and believable nail thickness",nails manicure color shape
Color + Shape,Combination,orange soft square nails,"square nail shape with subtly softened corners, finished in orange polish with even coverage, realistic cuticle spacing, and believable nail thickness",nails manicure color shape
Color + Shape,Combination,orange square nails,"straight sidewalls with a flat square free edge, finished in orange polish with even coverage, realistic cuticle spacing, and believable nail thickness",nails manicure color shape
Color + Shape,Combination,orange tapered square nails,"square free edge with gently tapered sidewalls, finished in orange polish with even coverage, realistic cuticle spacing, and believable nail thickness",nails manicure color shape
Color + Shape,Combination,orange squoval nails,"balanced square-oval shape with softened corners, finished in orange polish with even coverage, realistic cuticle spacing, and believable nail thickness",nails manicure color shape
Color + Shape,Combination,orange oval nails,"smooth oval silhouette with gently rounded tip, finished in orange polish with even coverage, realistic cuticle spacing, and believable nail thickness",nails manicure color shape
Color + Shape,Combination,orange almond nails,"tapered almond silhouette with softly pointed tip, finished in orange polish with even coverage, realistic cuticle spacing, and believable nail thickness",nails manicure color shape
Color + Shape,Combination,orange coffin nails,"tapered sidewalls ending in a flat squared tip, finished in orange polish with even coverage, realistic cuticle spacing, and believable nail thickness",nails manicure color shape
Color + Shape,Combination,orange ballerina nails,"long tapered ballerina shape with a flat narrow tip, finished in orange polish with even coverage, realistic cuticle spacing, and believable nail thickness",nails manicure color shape
Color + Shape,Combination,orange stiletto nails,"long sharply tapered pointed nail shape, finished in orange polish with even coverage, realistic cuticle spacing, and believable nail thickness",nails manicure color shape
Color + Shape,Combination,orange mountain-peak nails,"shorter pointed peak shape with symmetrical taper, finished in orange polish with even coverage, realistic cuticle spacing, and believable nail thickness",nails manicure color shape
Color + Shape,Combination,orange lipstick nails,"asymmetrical slanted free edge resembling a lipstick bullet, finished in orange polish with even coverage, realistic cuticle spacing, and believable nail thickness",nails manicure color shape
Color + Shape,Combination,terracotta round nails,"rounded nail tips following the natural fingertip curve, finished in terracotta polish with even coverage, realistic cuticle spacing, and believable nail thickness",nails manicure color shape
Color + Shape,Combination,terracotta soft square nails,"square nail shape with subtly softened corners, finished in terracotta polish with even coverage, realistic cuticle spacing, and believable nail thickness",nails manicure color shape
Color + Shape,Combination,terracotta square nails,"straight sidewalls with a flat square free edge, finished in terracotta polish with even coverage, realistic cuticle spacing, and believable nail thickness",nails manicure color shape
Color + Shape,Combination,terracotta tapered square nails,"square free edge with gently tapered sidewalls, finished in terracotta polish with even coverage, realistic cuticle spacing, and believable nail thickness",nails manicure color shape
Color + Shape,Combination,terracotta squoval nails,"balanced square-oval shape with softened corners, finished in terracotta polish with even coverage, realistic cuticle spacing, and believable nail thickness",nails manicure color shape
Color + Shape,Combination,terracotta oval nails,"smooth oval silhouette with gently rounded tip, finished in terracotta polish with even coverage, realistic cuticle spacing, and believable nail thickness",nails manicure color shape
Color + Shape,Combination,terracotta almond nails,"tapered almond silhouette with softly pointed tip, finished in terracotta polish with even coverage, realistic cuticle spacing, and believable nail thickness",nails manicure color shape
Color + Shape,Combination,terracotta coffin nails,"tapered sidewalls ending in a flat squared tip, finished in terracotta polish with even coverage, realistic cuticle spacing, and believable nail thickness",nails manicure color shape
Color + Shape,Combination,terracotta ballerina nails,"long tapered ballerina shape with a flat narrow tip, finished in terracotta polish with even coverage, realistic cuticle spacing, and believable nail thickness",nails manicure color shape
Color + Shape,Combination,terracotta stiletto nails,"long sharply tapered pointed nail shape, finished in terracotta polish with even coverage, realistic cuticle spacing, and believable nail thickness",nails manicure color shape
Color + Shape,Combination,terracotta mountain-peak nails,"shorter pointed peak shape with symmetrical taper, finished in terracotta polish with even coverage, realistic cuticle spacing, and believable nail thickness",nails manicure color shape
Color + Shape,Combination,terracotta lipstick nails,"asymmetrical slanted free edge resembling a lipstick bullet, finished in terracotta polish with even coverage, realistic cuticle spacing, and believable nail thickness",nails manicure color shape
Color + Finish,Combination,clear high-gloss finish,"clear transparent manicure with high-gloss lacquer finish with crisp reflected highlights, realistic polish thickness, clean cuticle spacing, and natural highlight behavior",nails manicure color finish
Color + Finish,Combination,clear glossy finish,"clear transparent manicure with smooth glossy polish finish, realistic polish thickness, clean cuticle spacing, and natural highlight behavior",nails manicure color finish
Color + Finish,Combination,clear satin finish,"clear transparent manicure with soft satin sheen with restrained reflectivity, realistic polish thickness, clean cuticle spacing, and natural highlight behavior",nails manicure color finish
Color + Finish,Combination,clear matte finish,"clear transparent manicure with fully matte low-reflectance surface, realistic polish thickness, clean cuticle spacing, and natural highlight behavior",nails manicure color finish
Color + Finish,Combination,clear velvet finish,"clear transparent manicure with velvety magnetic shimmer with soft depth, realistic polish thickness, clean cuticle spacing, and natural highlight behavior",nails manicure color finish
Color + Finish,Combination,clear cat-eye finish,"clear transparent manicure with magnetic cat-eye stripe with dimensional light movement, realistic polish thickness, clean cuticle spacing, and natural highlight behavior",nails manicure color finish
Color + Finish,Combination,clear jelly finish,"clear transparent manicure with translucent jelly-like colored finish, realistic polish thickness, clean cuticle spacing, and natural highlight behavior",nails manicure color finish
Color + Finish,Combination,clear syrup finish,"clear transparent manicure with sheer syrup-like tinted translucency, realistic polish thickness, clean cuticle spacing, and natural highlight behavior",nails manicure color finish
Color + Finish,Combination,clear milky finish,"clear transparent manicure with soft cloudy milky translucency, realistic polish thickness, clean cuticle spacing, and natural highlight behavior",nails manicure color finish
Color + Finish,Combination,clear chrome finish,"clear transparent manicure with high-shine chrome metallic surface, realistic polish thickness, clean cuticle spacing, and natural highlight behavior",nails manicure color finish
Color + Finish,Combination,clear mirror-chrome finish,"clear transparent manicure with mirror-like metallic chrome reflectivity, realistic polish thickness, clean cuticle spacing, and natural highlight behavior",nails manicure color finish
Color + Finish,Combination,clear pearl-chrome finish,"clear transparent manicure with pearly chrome finish with soft luminous shift, realistic polish thickness, clean cuticle spacing, and natural highlight behavior",nails manicure color finish
Color + Finish,Combination,sheer nude high-gloss finish,"sheer nude manicure with high-gloss lacquer finish with crisp reflected highlights, realistic polish thickness, clean cuticle spacing, and natural highlight behavior",nails manicure color finish
Color + Finish,Combination,sheer nude glossy finish,"sheer nude manicure with smooth glossy polish finish, realistic polish thickness, clean cuticle spacing, and natural highlight behavior",nails manicure color finish
Color + Finish,Combination,sheer nude satin finish,"sheer nude manicure with soft satin sheen with restrained reflectivity, realistic polish thickness, clean cuticle spacing, and natural highlight behavior",nails manicure color finish
Color + Finish,Combination,sheer nude matte finish,"sheer nude manicure with fully matte low-reflectance surface, realistic polish thickness, clean cuticle spacing, and natural highlight behavior",nails manicure color finish
Color + Finish,Combination,sheer nude velvet finish,"sheer nude manicure with velvety magnetic shimmer with soft depth, realistic polish thickness, clean cuticle spacing, and natural highlight behavior",nails manicure color finish
Color + Finish,Combination,sheer nude cat-eye finish,"sheer nude manicure with magnetic cat-eye stripe with dimensional light movement, realistic polish thickness, clean cuticle spacing, and natural highlight behavior",nails manicure color finish
Color + Finish,Combination,sheer nude jelly finish,"sheer nude manicure with translucent jelly-like colored finish, realistic polish thickness, clean cuticle spacing, and natural highlight behavior",nails manicure color finish
Color + Finish,Combination,sheer nude syrup finish,"sheer nude manicure with sheer syrup-like tinted translucency, realistic polish thickness, clean cuticle spacing, and natural highlight behavior",nails manicure color finish
Color + Finish,Combination,sheer nude milky finish,"sheer nude manicure with soft cloudy milky translucency, realistic polish thickness, clean cuticle spacing, and natural highlight behavior",nails manicure color finish
Color + Finish,Combination,sheer nude chrome finish,"sheer nude manicure with high-shine chrome metallic surface, realistic polish thickness, clean cuticle spacing, and natural highlight behavior",nails manicure color finish
Color + Finish,Combination,sheer nude mirror-chrome finish,"sheer nude manicure with mirror-like metallic chrome reflectivity, realistic polish thickness, clean cuticle spacing, and natural highlight behavior",nails manicure color finish
Color + Finish,Combination,sheer nude pearl-chrome finish,"sheer nude manicure with pearly chrome finish with soft luminous shift, realistic polish thickness, clean cuticle spacing, and natural highlight behavior",nails manicure color finish
Color + Finish,Combination,milky nude high-gloss finish,"milky nude manicure with high-gloss lacquer finish with crisp reflected highlights, realistic polish thickness, clean cuticle spacing, and natural highlight behavior",nails manicure color finish
Color + Finish,Combination,milky nude glossy finish,"milky nude manicure with smooth glossy polish finish, realistic polish thickness, clean cuticle spacing, and natural highlight behavior",nails manicure color finish
Color + Finish,Combination,milky nude satin finish,"milky nude manicure with soft satin sheen with restrained reflectivity, realistic polish thickness, clean cuticle spacing, and natural highlight behavior",nails manicure color finish
Color + Finish,Combination,milky nude matte finish,"milky nude manicure with fully matte low-reflectance surface, realistic polish thickness, clean cuticle spacing, and natural highlight behavior",nails manicure color finish
Color + Finish,Combination,milky nude velvet finish,"milky nude manicure with velvety magnetic shimmer with soft depth, realistic polish thickness, clean cuticle spacing, and natural highlight behavior",nails manicure color finish
Color + Finish,Combination,milky nude cat-eye finish,"milky nude manicure with magnetic cat-eye stripe with dimensional light movement, realistic polish thickness, clean cuticle spacing, and natural highlight behavior",nails manicure color finish
Color + Finish,Combination,milky nude jelly finish,"milky nude manicure with translucent jelly-like colored finish, realistic polish thickness, clean cuticle spacing, and natural highlight behavior",nails manicure color finish
Color + Finish,Combination,milky nude syrup finish,"milky nude manicure with sheer syrup-like tinted translucency, realistic polish thickness, clean cuticle spacing, and natural highlight behavior",nails manicure color finish
Color + Finish,Combination,milky nude milky finish,"milky nude manicure with soft cloudy milky translucency, realistic polish thickness, clean cuticle spacing, and natural highlight behavior",nails manicure color finish
Color + Finish,Combination,milky nude chrome finish,"milky nude manicure with high-shine chrome metallic surface, realistic polish thickness, clean cuticle spacing, and natural highlight behavior",nails manicure color finish
Color + Finish,Combination,milky nude mirror-chrome finish,"milky nude manicure with mirror-like metallic chrome reflectivity, realistic polish thickness, clean cuticle spacing, and natural highlight behavior",nails manicure color finish
Color + Finish,Combination,milky nude pearl-chrome finish,"milky nude manicure with pearly chrome finish with soft luminous shift, realistic polish thickness, clean cuticle spacing, and natural highlight behavior",nails manicure color finish
